{
  "id": "frame_2001",
  "user": "NPC-AI",
  "frame": "frame_2001",
  "detected_objects": [
    {
      "cls": 0,
      "landing_status": -1,
      "top_left_x": 1.3765411376953125,
      "top_left_y": 822.6461791992188,
      "bottom_right_x": 202.87884521484375,
      "bottom_right_y": 909.7759399414062
    },
    {
      "cls": 0,
      "landing_status": -1,
      "top_left_x": 866.16552734375,
      "top_left_y": 852.9750366210938,
      "bottom_right_x": 1087.2117919921875,
      "bottom_right_y": 945.4047241210938
    },
    {
      "cls": 0,
      "landing_status": -1,
      "top_left_x": 0.0531463623046875,
      "top_left_y": 969.802490234375,
      "bottom_right_x": 75.26469421386719,
      "bottom_right_y": 1058.44921875
    },
    {
      "cls": 0,
      "landing_status": -1,
      "top_left_x": 1878.8128662109375,
      "top_left_y": 929.0223388671875,
      "bottom_right_x": 1920.0,
      "bottom_right_y": 1057.630615234375
    }
  ],
  "detected_translations": [
    {
      "translation_x": -1.7104663848876953,
      "translation_y": -60.219156646728514
    }
  ]
}