{
  "id": "frame_737",
  "user": "NPC-A\u0130",
  "frame": "frame_737",
  "detected_objects": [
    {
      "cls": 1.0,
      "top_left_x": 994.3001708984375,
      "top_left_y": 417.28387451171875,
      "bottom_right_x": 1028.6356201171875,
      "bottom_right_y": 444.57586669921875
    },
    {
      "cls": 1.0,
      "top_left_x": 896.3385009765625,
      "top_left_y": 434.3409423828125,
      "bottom_right_x": 929.331787109375,
      "bottom_right_y": 460.166259765625
    }
  ],
  "detected_translations": [
    {
      "translation_x": -3.289642333984375,
      "translation_y": 110.66068725585937
    }
  ]
}