{
  "id": "frame_2389",
  "user": "NPC-AI",
  "frame": "frame_2389",
  "detected_objects": [
    {
      "cls": 1,
      "landing_status": -1,
      "top_left_x": 60.26586151123047,
      "top_left_y": 30.505287170410156,
      "bottom_right_x": 107.52715301513672,
      "bottom_right_y": 55.91858673095703
    },
    {
      "cls": 1,
      "landing_status": -1,
      "top_left_x": 84.41320037841797,
      "top_left_y": 512.3128662109375,
      "bottom_right_x": 127.47647857666016,
      "bottom_right_y": 532.7178955078125
    }
  ],
  "detected_translations": [
    {
      "translation_x": -29.3429874420166,
      "translation_y": -14.317222595214844
    }
  ]
}