{
  "id": "frame_1120",
  "user": "NPC-A\u0130",
  "frame": "frame_1120",
  "detected_objects": [
    {
      "cls": 0.0,
      "top_left_x": 204.6923370361328,
      "top_left_y": 0.0,
      "bottom_right_x": 417.56951904296875,
      "bottom_right_y": 93.42845153808594
    },
    {
      "cls": 0.0,
      "top_left_x": 319.36090087890625,
      "top_left_y": 273.77099609375,
      "bottom_right_x": 422.53167724609375,
      "bottom_right_y": 519.44775390625
    }
  ],
  "detected_translations": [
    {
      "translation_x": 82.01274490356445,
      "translation_y": 103.7144760131836
    }
  ]
}