{
  "id": "frame_524",
  "user": "NPC-AI",
  "frame": "frame_524",
  "detected_objects": [
    {
      "cls": 0,
      "landing_status": -1,
      "top_left_x": 1781.5421142578125,
      "top_left_y": 79.35040283203125,
      "bottom_right_x": 1920.0,
      "bottom_right_y": 169.94796752929688
    }
  ],
  "detected_translations": [
    {
      "translation_x": -2.1809967041015623,
      "translation_y": 64.93309783935547
    }
  ]
}