{
  "id": "frame_1984",
  "user": "NPC-A\u0130",
  "frame": "frame_1984",
  "detected_objects": [
    {
      "cls": 0.0,
      "top_left_x": 65.04666137695312,
      "top_left_y": 825.146484375,
      "bottom_right_x": 243.8804931640625,
      "bottom_right_y": 914.423095703125
    },
    {
      "cls": 0.0,
      "top_left_x": 1394.060302734375,
      "top_left_y": 716.5578002929688,
      "bottom_right_x": 1599.689208984375,
      "bottom_right_y": 807.5547485351562
    },
    {
      "cls": 0.0,
      "top_left_x": 1865.953369140625,
      "top_left_y": 764.1871948242188,
      "bottom_right_x": 1920.0,
      "bottom_right_y": 859.3521118164062
    },
    {
      "cls": 0.0,
      "top_left_x": 0.17329025268554688,
      "top_left_y": 1055.101318359375,
      "bottom_right_x": 48.83261489868164,
      "bottom_right_y": 1080.0
    }
  ],
  "detected_translations": [
    {
      "translation_x": -1.7617603302001954,
      "translation_y": -64.09149551391602
    }
  ]
}