{
  "id": "frame_196",
  "user": "NPC-A\u0130",
  "frame": "frame_196",
  "detected_objects": [
    {
      "cls": 1.0,
      "top_left_x": 1348.94921875,
      "top_left_y": 657.5509033203125,
      "bottom_right_x": 1386.336181640625,
      "bottom_right_y": 687.2291259765625
    }
  ],
  "detected_translations": [
    {
      "translation_x": 0.238616943359375,
      "translation_y": 9.598887634277343
    }
  ]
}