{
  "id": "frame_66",
  "user": "NPC-AI",
  "frame": "frame_66",
  "detected_objects": [
    {
      "cls": 1,
      "landing_status": -1,
      "top_left_x": 1301.77197265625,
      "top_left_y": 212.9907684326172,
      "bottom_right_x": 1335.350341796875,
      "bottom_right_y": 246.75367736816406
    }
  ],
  "detected_translations": [
    {
      "translation_x": 0.326043701171875,
      "translation_y": 0.643603515625
    }
  ]
}