{
  "id": "frame_684",
  "user": "NPC-A\u0130",
  "frame": "frame_684",
  "detected_objects": [
    {
      "cls": 1.0,
      "top_left_x": 1097.657470703125,
      "top_left_y": 77.18856811523438,
      "bottom_right_x": 1126.694580078125,
      "bottom_right_y": 111.0848388671875
    }
  ],
  "detected_translations": [
    {
      "translation_x": -3.4181396484375,
      "translation_y": 101.88611297607422
    }
  ]
}