{
  "id": "frame_28",
  "user": "NPC-A\u0130",
  "frame": "frame_28",
  "detected_objects": [
    {
      "cls": 1.0,
      "top_left_x": 1284.002685546875,
      "top_left_y": 203.84173583984375,
      "bottom_right_x": 1316.733642578125,
      "bottom_right_y": 236.67779541015625
    }
  ],
  "detected_translations": [
    {
      "translation_x": 0.0201904296875,
      "translation_y": 0.05739288330078125
    }
  ]
}