{
  "id": "frame_768",
  "user": "NPC-A\u0130",
  "frame": "frame_768",
  "detected_objects": [
    {
      "cls": 1.0,
      "top_left_x": 531.9669189453125,
      "top_left_y": 65.01947784423828,
      "bottom_right_x": 573.8714599609375,
      "bottom_right_y": 92.25025177001953
    },
    {
      "cls": 1.0,
      "top_left_x": 770.628662109375,
      "top_left_y": 465.5926208496094,
      "bottom_right_x": 808.774658203125,
      "bottom_right_y": 496.7446594238281
    },
    {
      "cls": 1.0,
      "top_left_x": 896.01904296875,
      "top_left_y": 483.57763671875,
      "bottom_right_x": 925.290771484375,
      "bottom_right_y": 511.0811767578125
    }
  ],
  "detected_translations": [
    {
      "translation_x": -1.2876434326171875,
      "translation_y": 112.17046813964843
    }
  ]
}