{
  "id": "frame_2693",
  "user": "NPC-AI",
  "frame": "frame_2693",
  "detected_objects": [
    {
      "cls": 1,
      "landing_status": -1,
      "top_left_x": 1874.17626953125,
      "top_left_y": 100.70521545410156,
      "bottom_right_x": 1920.0,
      "bottom_right_y": 137.1322784423828
    },
    {
      "cls": 1,
      "landing_status": -1,
      "top_left_x": 1052.40185546875,
      "top_left_y": 47.19922637939453,
      "bottom_right_x": 1081.8125,
      "bottom_right_y": 73.71428680419922
    }
  ],
  "detected_translations": [
    {
      "translation_x": -76.68782997131348,
      "translation_y": -30.094418334960938
    }
  ]
}