{
  "id": "frame_724",
  "user": "NPC-AI",
  "frame": "frame_724",
  "detected_objects": [
    {
      "cls": 1,
      "landing_status": -1,
      "top_left_x": 1013.4003295898438,
      "top_left_y": 375.43853759765625,
      "bottom_right_x": 1051.2158203125,
      "bottom_right_y": 402.19659423828125
    },
    {
      "cls": 1,
      "landing_status": -1,
      "top_left_x": 910.198974609375,
      "top_left_y": 363.3114013671875,
      "bottom_right_x": 950.953369140625,
      "bottom_right_y": 389.8470458984375
    },
    {
      "cls": 1,
      "landing_status": -1,
      "top_left_x": 917.65234375,
      "top_left_y": 394.05938720703125,
      "bottom_right_x": 954.620361328125,
      "bottom_right_y": 420.10272216796875
    }
  ],
  "detected_translations": [
    {
      "translation_x": -2.773663330078125,
      "translation_y": 109.54677124023438
    }
  ]
}