{
  "id": "frame_1526",
  "user": "NPC-A\u0130",
  "frame": "frame_1526",
  "detected_objects": [
    {
      "cls": 0.0,
      "top_left_x": 304.5831604003906,
      "top_left_y": 486.8367919921875,
      "bottom_right_x": 385.6512145996094,
      "bottom_right_y": 556.9400634765625
    }
  ],
  "detected_translations": [
    {
      "translation_x": 77.92638816833497,
      "translation_y": -43.955404663085936
    }
  ]
}