{
  "id": "frame_1313",
  "user": "NPC-AI",
  "frame": "frame_1313",
  "detected_objects": [
    {
      "cls": 1,
      "landing_status": -1,
      "top_left_x": 1661.714111328125,
      "top_left_y": 219.61135864257812,
      "bottom_right_x": 1705.256591796875,
      "bottom_right_y": 251.64508056640625
    }
  ],
  "detected_translations": [
    {
      "translation_x": 79.16379432678222,
      "translation_y": 33.444184112548825
    }
  ]
}