{
  "id": "frame_573",
  "user": "NPC-AI",
  "frame": "frame_573",
  "detected_objects": [
    {
      "cls": 0,
      "landing_status": -1,
      "top_left_x": 1771.931640625,
      "top_left_y": 629.1873168945312,
      "bottom_right_x": 1920.0,
      "bottom_right_y": 714.1760864257812
    }
  ],
  "detected_translations": [
    {
      "translation_x": -1.6741775512695312,
      "translation_y": 75.32147216796875
    }
  ]
}