{
  "id": "frame_532",
  "user": "NPC-A\u0130",
  "frame": "frame_532",
  "detected_objects": [
    {
      "cls": 0.0,
      "top_left_x": 1780.315673828125,
      "top_left_y": 165.60064697265625,
      "bottom_right_x": 1920.0,
      "bottom_right_y": 259.2442932128906
    }
  ],
  "detected_translations": [
    {
      "translation_x": -1.8959976196289063,
      "translation_y": 66.61590118408203
    }
  ]
}