{
  "id": "frame_2008",
  "user": "NPC-A\u0130",
  "frame": "frame_2008",
  "detected_objects": [
    {
      "cls": 0.0,
      "top_left_x": 1883.4735107421875,
      "top_left_y": 1000.8818359375,
      "bottom_right_x": 1920.0,
      "bottom_right_y": 1079.90087890625
    }
  ],
  "detected_translations": [
    {
      "translation_x": -2.0774234771728515,
      "translation_y": -58.28348922729492
    }
  ]
}