{
  "id": "frame_228",
  "user": "NPC-A\u0130",
  "frame": "frame_228",
  "detected_objects": [
    {
      "cls": 1.0,
      "top_left_x": 1355.240966796875,
      "top_left_y": 776.7884521484375,
      "bottom_right_x": 1393.063232421875,
      "bottom_right_y": 809.0491943359375
    }
  ],
  "detected_translations": [
    {
      "translation_x": -0.7921661376953125,
      "translation_y": 11.958120727539063
    }
  ]
}