{
  "id": "frame_2011",
  "user": "NPC-AI",
  "frame": "frame_2011",
  "detected_objects": [
    {
      "cls": 0,
      "landing_status": -1,
      "top_left_x": 875.397216796875,
      "top_left_y": 949.39599609375,
      "bottom_right_x": 1092.468994140625,
      "bottom_right_y": 1044.7685546875
    },
    {
      "cls": 0,
      "landing_status": -1,
      "top_left_x": 14.413375854492188,
      "top_left_y": 920.3875732421875,
      "bottom_right_x": 212.1930694580078,
      "bottom_right_y": 1008.3895263671875
    }
  ],
  "detected_translations": [
    {
      "translation_x": -1.7664829254150392,
      "translation_y": -57.96223526000976
    }
  ]
}