{
  "id": "frame_189",
  "user": "NPC-AI",
  "frame": "frame_189",
  "detected_objects": [
    {
      "cls": 1,
      "landing_status": -1,
      "top_left_x": 1347.30419921875,
      "top_left_y": 629.1917724609375,
      "bottom_right_x": 1384.391845703125,
      "bottom_right_y": 658.4842529296875
    }
  ],
  "detected_translations": [
    {
      "translation_x": 0.2239654541015625,
      "translation_y": 8.985877227783202
    }
  ]
}