{
  "id": "frame_16",
  "user": "NPC-AI",
  "frame": "frame_16",
  "detected_objects": [
    {
      "cls": 1,
      "landing_status": -1,
      "top_left_x": 1278.85595703125,
      "top_left_y": 200.13543701171875,
      "bottom_right_x": 1310.91943359375,
      "bottom_right_y": 232.6524658203125
    }
  ],
  "detected_translations": [
    {
      "translation_x": -0.03209228515625,
      "translation_y": 0.08562164306640625
    }
  ]
}