{
  "id": "frame_96",
  "user": "NPC-A\u0130",
  "frame": "frame_96",
  "detected_objects": [
    {
      "cls": 1.0,
      "top_left_x": 1316.275390625,
      "top_left_y": 248.43154907226562,
      "bottom_right_x": 1351.11865234375,
      "bottom_right_y": 284.8852233886719
    }
  ],
  "detected_translations": [
    {
      "translation_x": 0.3455078125,
      "translation_y": 1.02957763671875
    }
  ]
}