{
  "id": "frame_2415",
  "user": "NPC-AI",
  "frame": "frame_2415",
  "detected_objects": [
    {
      "cls": 1,
      "landing_status": -1,
      "top_left_x": 354.06463623046875,
      "top_left_y": 566.6530151367188,
      "bottom_right_x": 382.09637451171875,
      "bottom_right_y": 589.2871704101562
    },
    {
      "cls": 1,
      "landing_status": -1,
      "top_left_x": 299.85308837890625,
      "top_left_y": 53.06105041503906,
      "bottom_right_x": 332.94061279296875,
      "bottom_right_y": 77.4805908203125
    },
    {
      "cls": 1,
      "landing_status": -1,
      "top_left_x": 190.7625732421875,
      "top_left_y": 450.65496826171875,
      "bottom_right_x": 234.9210205078125,
      "bottom_right_y": 481.29779052734375
    },
    {
      "cls": 1,
      "landing_status": -1,
      "top_left_x": 49.9412956237793,
      "top_left_y": 50.94924545288086,
      "bottom_right_x": 87.08253479003906,
      "bottom_right_y": 70.00030517578125
    }
  ],
  "detected_translations": [
    {
      "translation_x": -36.66715431213379,
      "translation_y": -14.088702392578124
    }
  ]
}