{
  "id": "frame_966",
  "user": "NPC-A\u0130",
  "frame": "frame_966",
  "detected_objects": [
    {
      "cls": 0.0,
      "top_left_x": 820.1807861328125,
      "top_left_y": 409.6363830566406,
      "bottom_right_x": 1006.630615234375,
      "bottom_right_y": 501.7088317871094
    },
    {
      "cls": 0.0,
      "top_left_x": 1331.96923828125,
      "top_left_y": 804.0615234375,
      "bottom_right_x": 1437.5859375,
      "bottom_right_y": 1010.690673828125
    }
  ],
  "detected_translations": [
    {
      "translation_x": 54.88314208984375,
      "translation_y": 116.78197937011718
    }
  ]
}