{
  "id": "frame_769",
  "user": "NPC-A\u0130",
  "frame": "frame_769",
  "detected_objects": [
    {
      "cls": 1.0,
      "top_left_x": 529.6514892578125,
      "top_left_y": 66.24688720703125,
      "bottom_right_x": 571.9732666015625,
      "bottom_right_y": 93.5443115234375
    },
    {
      "cls": 1.0,
      "top_left_x": 888.474853515625,
      "top_left_y": 486.373046875,
      "bottom_right_x": 920.357666015625,
      "bottom_right_y": 512.5653076171875
    },
    {
      "cls": 1.0,
      "top_left_x": 764.9149169921875,
      "top_left_y": 466.92413330078125,
      "bottom_right_x": 803.3138427734375,
      "bottom_right_y": 497.89874267578125
    }
  ],
  "detected_translations": [
    {
      "translation_x": -1.309954833984375,
      "translation_y": 112.32366027832032
    }
  ]
}