{
  "id": "frame_59",
  "user": "NPC-AI",
  "frame": "frame_59",
  "detected_objects": [
    {
      "cls": 1,
      "landing_status": -1,
      "top_left_x": 1298.842529296875,
      "top_left_y": 211.63482666015625,
      "bottom_right_x": 1331.698974609375,
      "bottom_right_y": 245.86273193359375
    },
    {
      "cls": 1,
      "landing_status": -1,
      "top_left_x": 1694.318359375,
      "top_left_y": 764.6314697265625,
      "bottom_right_x": 1744.676513671875,
      "bottom_right_y": 804.8184814453125
    }
  ],
  "detected_translations": [
    {
      "translation_x": 0.198858642578125,
      "translation_y": 0.4909149169921875
    }
  ]
}