{
  "id": "frame_3269",
  "user": "NPC-A\u0130",
  "frame": "frame_3269",
  "detected_objects": [
    {
      "cls": 1.0,
      "top_left_x": 1437.4453125,
      "top_left_y": 151.06280517578125,
      "bottom_right_x": 1478.15771484375,
      "bottom_right_y": 191.99853515625
    }
  ],
  "detected_translations": [
    {
      "translation_x": 14.923910140991211,
      "translation_y": -37.24328765869141
    }
  ]
}