{
  "id": "frame_130",
  "user": "NPC-AI",
  "frame": "frame_130",
  "detected_objects": [
    {
      "cls": 1,
      "landing_status": -1,
      "top_left_x": 1330.45751953125,
      "top_left_y": 380.638427734375,
      "bottom_right_x": 1366.9599609375,
      "bottom_right_y": 410.90087890625
    }
  ],
  "detected_translations": [
    {
      "translation_x": 0.737823486328125,
      "translation_y": 3.637023162841797
    }
  ]
}