{
  "id": "frame_3293",
  "user": "NPC-A\u0130",
  "frame": "frame_3293",
  "detected_objects": [
    {
      "cls": 1.0,
      "top_left_x": 1062.21240234375,
      "top_left_y": 224.58346557617188,
      "bottom_right_x": 1096.3369140625,
      "bottom_right_y": 271.8317565917969
    }
  ],
  "detected_translations": [
    {
      "translation_x": 23.479433822631837,
      "translation_y": -36.36862030029297
    }
  ]
}