{
  "id": "frame_146",
  "user": "NPC-A\u0130",
  "frame": "frame_146",
  "detected_objects": [
    {
      "cls": 1.0,
      "top_left_x": 1334.914794921875,
      "top_left_y": 448.6618347167969,
      "bottom_right_x": 1373.096923828125,
      "bottom_right_y": 479.1403503417969
    }
  ],
  "detected_translations": [
    {
      "translation_x": 0.24478759765625,
      "translation_y": 5.471280670166015
    }
  ]
}