{
  "id": "frame_577",
  "user": "NPC-AI",
  "frame": "frame_577",
  "detected_objects": [
    {
      "cls": 0,
      "landing_status": -1,
      "top_left_x": 1770.237548828125,
      "top_left_y": 672.7393798828125,
      "bottom_right_x": 1920.0,
      "bottom_right_y": 759.0450439453125
    }
  ],
  "detected_translations": [
    {
      "translation_x": -1.6208847045898438,
      "translation_y": 76.02902679443359
    }
  ]
}