{
  "id": "frame_582",
  "user": "NPC-AI",
  "frame": "frame_582",
  "detected_objects": [
    {
      "cls": 0,
      "landing_status": -1,
      "top_left_x": 1768.578125,
      "top_left_y": 727.4226684570312,
      "bottom_right_x": 1920.0,
      "bottom_right_y": 812.8065795898438
    }
  ],
  "detected_translations": [
    {
      "translation_x": -1.865643310546875,
      "translation_y": 77.33800506591797
    }
  ]
}