{
  "id": "frame_2395",
  "user": "NPC-A\u0130",
  "frame": "frame_2395",
  "detected_objects": [
    {
      "cls": 1.0,
      "top_left_x": 0.32867431640625,
      "top_left_y": 451.3599853515625,
      "bottom_right_x": 44.65753936767578,
      "bottom_right_y": 470.490966796875
    },
    {
      "cls": 1.0,
      "top_left_x": 138.8861083984375,
      "top_left_y": 520.0484619140625,
      "bottom_right_x": 183.53369140625,
      "bottom_right_y": 543.8543701171875
    }
  ],
  "detected_translations": [
    {
      "translation_x": -31.017044448852538,
      "translation_y": -14.349108123779297
    }
  ]
}