{
  "id": "frame_2399",
  "user": "NPC-A\u0130",
  "frame": "frame_2399",
  "detected_objects": [
    {
      "cls": 1.0,
      "top_left_x": 178.474365234375,
      "top_left_y": 527.202880859375,
      "bottom_right_x": 216.986328125,
      "bottom_right_y": 549.482177734375
    }
  ],
  "detected_translations": [
    {
      "translation_x": -32.05639381408692,
      "translation_y": -14.375005340576172
    }
  ]
}