{
  "id": "frame_1382",
  "user": "NPC-AI",
  "frame": "frame_1382",
  "detected_objects": [
    {
      "cls": 1,
      "landing_status": -1,
      "top_left_x": 1183.8994140625,
      "top_left_y": 659.6074829101562,
      "bottom_right_x": 1212.01123046875,
      "bottom_right_y": 689.2205200195312
    },
    {
      "cls": 1,
      "landing_status": -1,
      "top_left_x": 1257.360595703125,
      "top_left_y": 648.7156372070312,
      "bottom_right_x": 1289.114013671875,
      "bottom_right_y": 680.3993530273438
    },
    {
      "cls": 1,
      "landing_status": -1,
      "top_left_x": 1232.2061767578125,
      "top_left_y": 667.7213134765625,
      "bottom_right_x": 1258.5787353515625,
      "bottom_right_y": 709.4979248046875
    },
    {
      "cls": 0,
      "landing_status": -1,
      "top_left_x": 902.3798828125,
      "top_left_y": 501.11968994140625,
      "bottom_right_x": 930.3802490234375,
      "bottom_right_y": 587.6984252929688
    }
  ],
  "detected_translations": [
    {
      "translation_x": 78.72657203674316,
      "translation_y": 10.135260772705077
    }
  ]
}