{
  "id": "frame_577",
  "user": "NPC-A\u0130",
  "frame": "frame_577",
  "detected_objects": [
    {
      "cls": 0.0,
      "top_left_x": 1770.2470703125,
      "top_left_y": 673.6571044921875,
      "bottom_right_x": 1920.0,
      "bottom_right_y": 761.23828125
    }
  ],
  "detected_translations": [
    {
      "translation_x": -1.6208847045898438,
      "translation_y": 76.02902679443359
    }
  ]
}