{
  "id": "frame_778",
  "user": "NPC-A\u0130",
  "frame": "frame_778",
  "detected_objects": [
    {
      "cls": 1.0,
      "top_left_x": 508.6874084472656,
      "top_left_y": 81.17428588867188,
      "bottom_right_x": 546.8099365234375,
      "bottom_right_y": 112.720703125
    },
    {
      "cls": 1.0,
      "top_left_x": 840.490234375,
      "top_left_y": 505.3405456542969,
      "bottom_right_x": 876.287353515625,
      "bottom_right_y": 532.018798828125
    },
    {
      "cls": 1.0,
      "top_left_x": 705.1826171875,
      "top_left_y": 481.22564697265625,
      "bottom_right_x": 743.6376953125,
      "bottom_right_y": 512.1571655273438
    }
  ],
  "detected_translations": [
    {
      "translation_x": -0.2760040283203125,
      "translation_y": 113.03321075439453
    }
  ]
}