{
  "id": "frame_1423",
  "user": "NPC-A\u0130",
  "frame": "frame_1423",
  "detected_objects": [
    {
      "cls": 1.0,
      "top_left_x": 479.6092529296875,
      "top_left_y": 935.9376831054688,
      "bottom_right_x": 522.6009521484375,
      "bottom_right_y": 976.9683227539062
    },
    {
      "cls": 1.0,
      "top_left_x": 1253.2467041015625,
      "top_left_y": 2.7246532440185547,
      "bottom_right_x": 1285.7489013671875,
      "bottom_right_y": 54.09138488769531
    },
    {
      "cls": 1.0,
      "top_left_x": 1284.7421875,
      "top_left_y": 1.287881851196289,
      "bottom_right_x": 1306.07275390625,
      "bottom_right_y": 22.315950393676758
    }
  ],
  "detected_translations": [
    {
      "translation_x": 78.13911018371581,
      "translation_y": -6.014277648925781
    }
  ]
}