{
  "id": "frame_1384",
  "user": "NPC-A\u0130",
  "frame": "frame_1384",
  "detected_objects": [
    {
      "cls": 1.0,
      "top_left_x": 1259.296630859375,
      "top_left_y": 620.3677978515625,
      "bottom_right_x": 1289.27734375,
      "bottom_right_y": 650.1278076171875
    },
    {
      "cls": 1.0,
      "top_left_x": 1185.532470703125,
      "top_left_y": 629.78173828125,
      "bottom_right_x": 1214.633056640625,
      "bottom_right_y": 656.11083984375
    },
    {
      "cls": 1.0,
      "top_left_x": 1233.448974609375,
      "top_left_y": 638.6181640625,
      "bottom_right_x": 1260.470458984375,
      "bottom_right_y": 677.8880615234375
    }
  ],
  "detected_translations": [
    {
      "translation_x": 78.75854377746582,
      "translation_y": 9.299645233154298
    }
  ]
}