{
  "id": "frame_92",
  "user": "NPC-A\u0130",
  "frame": "frame_92",
  "detected_objects": [
    {
      "cls": 1.0,
      "top_left_x": 1314.5426025390625,
      "top_left_y": 241.41136169433594,
      "bottom_right_x": 1348.8822021484375,
      "bottom_right_y": 274.4061279296875
    }
  ],
  "detected_translations": [
    {
      "translation_x": 0.25872802734375,
      "translation_y": 0.7280929565429688
    }
  ]
}