{
  "id": "frame_5",
  "user": "NPC-A\u0130",
  "frame": "frame_5",
  "detected_objects": [
    {
      "cls": 1.0,
      "top_left_x": 1271.34033203125,
      "top_left_y": 195.9801483154297,
      "bottom_right_x": 1305.032470703125,
      "bottom_right_y": 230.0022735595703
    }
  ],
  "detected_translations": [
    {
      "translation_x": 0.10745849609375,
      "translation_y": 0.1385101318359375
    }
  ]
}