{
  "id": "frame_895",
  "user": "NPC-A\u0130",
  "frame": "frame_895",
  "detected_objects": [
    {
      "cls": 0.0,
      "top_left_x": 713.2608642578125,
      "top_left_y": 0.2228851318359375,
      "bottom_right_x": 803.1534423828125,
      "bottom_right_y": 159.220703125
    },
    {
      "cls": 0.0,
      "top_left_x": 64.37503814697266,
      "top_left_y": 305.95562744140625,
      "bottom_right_x": 251.42404174804688,
      "bottom_right_y": 393.75408935546875
    }
  ],
  "detected_translations": [
    {
      "translation_x": 29.738650512695312,
      "translation_y": 114.6862075805664
    }
  ]
}