{
  "id": "frame_1148",
  "user": "NPC-A\u0130",
  "frame": "frame_1148",
  "detected_objects": [
    {
      "cls": 0.0,
      "top_left_x": 318.7583312988281,
      "top_left_y": 0.0,
      "bottom_right_x": 416.5688171386719,
      "bottom_right_y": 206.838134765625
    }
  ],
  "detected_translations": [
    {
      "translation_x": 81.40979385375977,
      "translation_y": 95.73018875122071
    }
  ]
}