{
  "id": "frame_224",
  "user": "NPC-A\u0130",
  "frame": "frame_224",
  "detected_objects": [
    {
      "cls": 1.0,
      "top_left_x": 1354.6016845703125,
      "top_left_y": 762.92236328125,
      "bottom_right_x": 1392.0382080078125,
      "bottom_right_y": 793.82861328125
    }
  ],
  "detected_translations": [
    {
      "translation_x": -0.7753143310546875,
      "translation_y": 11.598795318603516
    }
  ]
}