{
  "id": "frame_1417",
  "user": "NPC-A\u0130",
  "frame": "frame_1417",
  "detected_objects": [
    {
      "cls": 1.0,
      "top_left_x": 1280.223388671875,
      "top_left_y": 80.76690673828125,
      "bottom_right_x": 1313.335205078125,
      "bottom_right_y": 123.0322265625
    },
    {
      "cls": 1.0,
      "top_left_x": 1214.74462890625,
      "top_left_y": 84.73185729980469,
      "bottom_right_x": 1242.0673828125,
      "bottom_right_y": 127.56935119628906
    },
    {
      "cls": 1.0,
      "top_left_x": 1248.3629150390625,
      "top_left_y": 105.07304382324219,
      "bottom_right_x": 1281.5667724609375,
      "bottom_right_y": 144.53736877441406
    }
  ],
  "detected_translations": [
    {
      "translation_x": 78.24642372131348,
      "translation_y": -3.6843612670898436
    }
  ]
}