{
  "id": "frame_137",
  "user": "NPC-A\u0130",
  "frame": "frame_137",
  "detected_objects": [
    {
      "cls": 1.0,
      "top_left_x": 1332.395751953125,
      "top_left_y": 411.32952880859375,
      "bottom_right_x": 1370.5078125,
      "bottom_right_y": 440.9783935546875
    }
  ],
  "detected_translations": [
    {
      "translation_x": 0.38017578125,
      "translation_y": 4.4222160339355465
    }
  ]
}