{
  "id": "frame_1437",
  "user": "NPC-AI",
  "frame": "frame_1437",
  "detected_objects": [
    {
      "cls": 1,
      "landing_status": -1,
      "top_left_x": 455.84552001953125,
      "top_left_y": 723.4723510742188,
      "bottom_right_x": 497.71856689453125,
      "bottom_right_y": 750.6464233398438
    },
    {
      "cls": 1,
      "landing_status": -1,
      "top_left_x": 461.095947265625,
      "top_left_y": 748.5200805664062,
      "bottom_right_x": 498.21484375,
      "bottom_right_y": 777.4813842773438
    }
  ],
  "detected_translations": [
    {
      "translation_x": 78.17647590637208,
      "translation_y": -11.303501892089844
    }
  ]
}