{
  "id": "frame_825",
  "user": "NPC-A\u0130",
  "frame": "frame_825",
  "detected_objects": [
    {
      "cls": 0.0,
      "top_left_x": 1538.423095703125,
      "top_left_y": 295.1389465332031,
      "bottom_right_x": 1757.247802734375,
      "bottom_right_y": 390.6347351074219
    },
    {
      "cls": 1.0,
      "top_left_x": 427.35443115234375,
      "top_left_y": 535.6591796875,
      "bottom_right_x": 479.04937744140625,
      "bottom_right_y": 561.632080078125
    },
    {
      "cls": 0.0,
      "top_left_x": 1552.381103515625,
      "top_left_y": 958.5406494140625,
      "bottom_right_x": 1638.521240234375,
      "bottom_right_y": 1079.1795654296875
    },
    {
      "cls": 1.0,
      "top_left_x": 275.2594909667969,
      "top_left_y": 122.3209228515625,
      "bottom_right_x": 319.3299865722656,
      "bottom_right_y": 148.42901611328125
    }
  ],
  "detected_translations": [
    {
      "translation_x": 8.471096801757813,
      "translation_y": 113.32019500732422
    }
  ]
}