{
  "id": "frame_739",
  "user": "NPC-A\u0130",
  "frame": "frame_739",
  "detected_objects": [
    {
      "cls": 1.0,
      "top_left_x": 988.1080322265625,
      "top_left_y": 423.20782470703125,
      "bottom_right_x": 1025.1007080078125,
      "bottom_right_y": 450.31866455078125
    }
  ],
  "detected_translations": [
    {
      "translation_x": -3.1387115478515626,
      "translation_y": 110.71777801513672
    }
  ]
}