{
  "id": "frame_805",
  "user": "NPC-A\u0130",
  "frame": "frame_805",
  "detected_objects": [
    {
      "cls": 1.0,
      "top_left_x": 625.4266967773438,
      "top_left_y": 530.62109375,
      "bottom_right_x": 671.8775024414062,
      "bottom_right_y": 557.104736328125
    },
    {
      "cls": 0.0,
      "top_left_x": 1717.41845703125,
      "top_left_y": 949.5137939453125,
      "bottom_right_x": 1807.7021484375,
      "bottom_right_y": 1079.3349609375
    },
    {
      "cls": 1.0,
      "top_left_x": 396.784423828125,
      "top_left_y": 110.41566467285156,
      "bottom_right_x": 436.531494140625,
      "bottom_right_y": 137.5906219482422
    }
  ],
  "detected_translations": [
    {
      "translation_x": 4.318972778320313,
      "translation_y": 113.29344482421875
    }
  ]
}