{
  "id": "frame_207",
  "user": "NPC-A\u0130",
  "frame": "frame_207",
  "detected_objects": [
    {
      "cls": 1.0,
      "top_left_x": 1351.0584716796875,
      "top_left_y": 699.961181640625,
      "bottom_right_x": 1388.7789306640625,
      "bottom_right_y": 729.3843994140625
    }
  ],
  "detected_translations": [
    {
      "translation_x": -0.3203338623046875,
      "translation_y": 10.457927703857422
    }
  ]
}