{
  "id": "frame_592",
  "user": "NPC-AI",
  "frame": "frame_592",
  "detected_objects": [
    {
      "cls": 0,
      "landing_status": -1,
      "top_left_x": 1766.647705078125,
      "top_left_y": 836.8836059570312,
      "bottom_right_x": 1920.0,
      "bottom_right_y": 921.1920776367188
    }
  ],
  "detected_translations": [
    {
      "translation_x": -2.302595520019531,
      "translation_y": 79.70459747314453
    }
  ]
}