{
  "id": "frame_2588",
  "user": "NPC-A\u0130",
  "frame": "frame_2588",
  "detected_objects": [
    {
      "cls": 1.0,
      "top_left_x": 1698.9222412109375,
      "top_left_y": 648.6197509765625,
      "bottom_right_x": 1740.5465087890625,
      "bottom_right_y": 674.5245361328125
    },
    {
      "cls": 1.0,
      "top_left_x": 930.6572265625,
      "top_left_y": 262.5970458984375,
      "bottom_right_x": 965.45458984375,
      "bottom_right_y": 287.0799560546875
    },
    {
      "cls": 1.0,
      "top_left_x": 781.9207763671875,
      "top_left_y": 462.7708435058594,
      "bottom_right_x": 813.829833984375,
      "bottom_right_y": 479.9561462402344
    },
    {
      "cls": 1.0,
      "top_left_x": 615.85498046875,
      "top_left_y": 451.0860595703125,
      "bottom_right_x": 638.485595703125,
      "bottom_right_y": 473.5814208984375
    }
  ],
  "detected_translations": [
    {
      "translation_x": -69.53435249328614,
      "translation_y": -16.99198684692383
    }
  ]
}