{
  "id": "frame_3321",
  "user": "NPC-AI",
  "frame": "frame_3321",
  "detected_objects": [
    {
      "cls": 1,
      "landing_status": -1,
      "top_left_x": 690.4874267578125,
      "top_left_y": 288.630615234375,
      "bottom_right_x": 727.7847900390625,
      "bottom_right_y": 328.30999755859375
    }
  ],
  "detected_translations": [
    {
      "translation_x": 32.02623100280762,
      "translation_y": -36.442832946777344
    }
  ]
}