{
  "id": "frame_31",
  "user": "NPC-A\u0130",
  "frame": "frame_31",
  "detected_objects": [
    {
      "cls": 1.0,
      "top_left_x": 1284.931640625,
      "top_left_y": 206.35366821289062,
      "bottom_right_x": 1318.67822265625,
      "bottom_right_y": 237.43099975585938
    },
    {
      "cls": 1.0,
      "top_left_x": 1708.991455078125,
      "top_left_y": 716.017822265625,
      "bottom_right_x": 1738.413818359375,
      "bottom_right_y": 730.968994140625
    }
  ],
  "detected_translations": [
    {
      "translation_x": 0.0133575439453125,
      "translation_y": 0.1109466552734375
    }
  ]
}