{
  "id": "frame_1390",
  "user": "NPC-A\u0130",
  "frame": "frame_1390",
  "detected_objects": [
    {
      "cls": 1.0,
      "top_left_x": 1236.3486328125,
      "top_left_y": 551.3953857421875,
      "bottom_right_x": 1264.82861328125,
      "bottom_right_y": 582.0003662109375
    },
    {
      "cls": 1.0,
      "top_left_x": 1263.97998046875,
      "top_left_y": 533.329345703125,
      "bottom_right_x": 1293.650390625,
      "bottom_right_y": 552.38916015625
    }
  ],
  "detected_translations": [
    {
      "translation_x": 78.86990242004394,
      "translation_y": 7.015705108642578
    }
  ]
}