{
  "id": "frame_54",
  "user": "NPC-A\u0130",
  "frame": "frame_54",
  "detected_objects": [
    {
      "cls": 1.0,
      "top_left_x": 1296.63818359375,
      "top_left_y": 209.253173828125,
      "bottom_right_x": 1329.098876953125,
      "bottom_right_y": 244.65765380859375
    },
    {
      "cls": 1.0,
      "top_left_x": 1714.699462890625,
      "top_left_y": 776.994384765625,
      "bottom_right_x": 1740.588623046875,
      "bottom_right_y": 791.87744140625
    }
  ],
  "detected_translations": [
    {
      "translation_x": 0.0524139404296875,
      "translation_y": 0.420025634765625
    }
  ]
}