{
  "id": "frame_954",
  "user": "NPC-A\u0130",
  "frame": "frame_954",
  "detected_objects": [
    {
      "cls": 0.0,
      "top_left_x": 1178.857421875,
      "top_left_y": 408.1058349609375,
      "bottom_right_x": 1365.71630859375,
      "bottom_right_y": 498.38037109375
    },
    {
      "cls": 0.0,
      "top_left_x": 0.0,
      "top_left_y": 31.019622802734375,
      "bottom_right_x": 37.65467834472656,
      "bottom_right_y": 208.4368438720703
    }
  ],
  "detected_translations": [
    {
      "translation_x": 50.2389892578125,
      "translation_y": 116.66551818847657
    }
  ]
}