{
  "id": "frame_1272",
  "user": "NPC-AI",
  "frame": "frame_1272",
  "detected_objects": [
    {
      "cls": 1,
      "landing_status": -1,
      "top_left_x": 1624.378173828125,
      "top_left_y": 771.1102294921875,
      "bottom_right_x": 1668.2939453125,
      "bottom_right_y": 800.5357666015625
    }
  ],
  "detected_translations": [
    {
      "translation_x": 79.95170021057129,
      "translation_y": 47.56564559936523
    }
  ]
}