{
  "id": "frame_834",
  "user": "NPC-A\u0130",
  "frame": "frame_834",
  "detected_objects": [
    {
      "cls": 0.0,
      "top_left_x": 1359.0810546875,
      "top_left_y": 297.11090087890625,
      "bottom_right_x": 1568.7939453125,
      "bottom_right_y": 391.53326416015625
    },
    {
      "cls": 1.0,
      "top_left_x": 214.14334106445312,
      "top_left_y": 126.770751953125,
      "bottom_right_x": 259.6263122558594,
      "bottom_right_y": 152.09564208984375
    },
    {
      "cls": 1.0,
      "top_left_x": 327.5401306152344,
      "top_left_y": 540.5966186523438,
      "bottom_right_x": 384.9533996582031,
      "bottom_right_y": 566.2987670898438
    },
    {
      "cls": 0.0,
      "top_left_x": 1466.880126953125,
      "top_left_y": 961.2132568359375,
      "bottom_right_x": 1555.952392578125,
      "bottom_right_y": 1079.4573974609375
    }
  ],
  "detected_translations": [
    {
      "translation_x": 10.718161010742188,
      "translation_y": 113.68135986328124
    }
  ]
}