{
  "id": "frame_149",
  "user": "NPC-A\u0130",
  "frame": "frame_149",
  "detected_objects": [
    {
      "cls": 1.0,
      "top_left_x": 1336.002197265625,
      "top_left_y": 461.34893798828125,
      "bottom_right_x": 1373.846435546875,
      "bottom_right_y": 490.72113037109375
    }
  ],
  "detected_translations": [
    {
      "translation_x": 0.1668243408203125,
      "translation_y": 5.6179450988769535
    }
  ]
}