{
  "id": "frame_4",
  "user": "NPC-A\u0130",
  "frame": "frame_4",
  "detected_objects": [
    {
      "cls": 1.0,
      "top_left_x": 1271.070068359375,
      "top_left_y": 195.11456298828125,
      "bottom_right_x": 1304.445068359375,
      "bottom_right_y": 229.82666015625
    }
  ],
  "detected_translations": [
    {
      "translation_x": 0.1141448974609375,
      "translation_y": 0.161834716796875
    }
  ]
}