{
  "id": "frame_65",
  "user": "NPC-AI",
  "frame": "frame_65",
  "detected_objects": [
    {
      "cls": 1,
      "landing_status": -1,
      "top_left_x": 1301.4158935546875,
      "top_left_y": 212.60064697265625,
      "bottom_right_x": 1334.8760986328125,
      "bottom_right_y": 246.6058349609375
    }
  ],
  "detected_translations": [
    {
      "translation_x": 0.2346588134765625,
      "translation_y": 0.6231475830078125
    }
  ]
}