{
  "id": "frame_193",
  "user": "NPC-AI",
  "frame": "frame_193",
  "detected_objects": [
    {
      "cls": 1,
      "landing_status": -1,
      "top_left_x": 1348.1796875,
      "top_left_y": 645.1000366210938,
      "bottom_right_x": 1385.28125,
      "bottom_right_y": 674.8473510742188
    }
  ],
  "detected_translations": [
    {
      "translation_x": 0.25601806640625,
      "translation_y": 9.435274505615235
    }
  ]
}