{
  "id": "frame_92",
  "user": "NPC-AI",
  "frame": "frame_92",
  "detected_objects": [
    {
      "cls": 1,
      "landing_status": -1,
      "top_left_x": 1315.126953125,
      "top_left_y": 242.16009521484375,
      "bottom_right_x": 1348.97021484375,
      "bottom_right_y": 274.67413330078125
    }
  ],
  "detected_translations": [
    {
      "translation_x": 0.25872802734375,
      "translation_y": 0.7280929565429688
    }
  ]
}