{
  "id": "frame_267",
  "user": "NPC-A\u0130",
  "frame": "frame_267",
  "detected_objects": [
    {
      "cls": 1.0,
      "top_left_x": 1362.7156982421875,
      "top_left_y": 913.4012451171875,
      "bottom_right_x": 1398.1673583984375,
      "bottom_right_y": 950.0628662109375
    }
  ],
  "detected_translations": [
    {
      "translation_x": -0.3981903076171875,
      "translation_y": 15.170690155029297
    }
  ]
}