{
  "id": "frame_3252",
  "user": "NPC-AI",
  "frame": "frame_3252",
  "detected_objects": [
    {
      "cls": 1,
      "landing_status": -1,
      "top_left_x": 1703.3416748046875,
      "top_left_y": 94.35165405273438,
      "bottom_right_x": 1757.5506591796875,
      "bottom_right_y": 142.2105712890625
    }
  ],
  "detected_translations": [
    {
      "translation_x": 9.475683212280273,
      "translation_y": -37.708676147460935
    }
  ]
}