{
  "id": "frame_2519",
  "user": "NPC-A\u0130",
  "frame": "frame_2519",
  "detected_objects": [
    {
      "cls": 1.0,
      "top_left_x": 745.1343994140625,
      "top_left_y": 805.421142578125,
      "bottom_right_x": 778.9935302734375,
      "bottom_right_y": 828.92041015625
    },
    {
      "cls": 1.0,
      "top_left_x": 666.0978393554688,
      "top_left_y": 622.182861328125,
      "bottom_right_x": 696.3908081054688,
      "bottom_right_y": 643.4210205078125
    },
    {
      "cls": 1.0,
      "top_left_x": 1466.4483642578125,
      "top_left_y": 803.2568969726562,
      "bottom_right_x": 1492.7593994140625,
      "bottom_right_y": 836.6537475585938
    }
  ],
  "detected_translations": [
    {
      "translation_x": -62.834404373168944,
      "translation_y": -12.344548797607422
    }
  ]
}