{
  "id": "frame_108",
  "user": "NPC-AI",
  "frame": "frame_108",
  "detected_objects": [
    {
      "cls": 1,
      "landing_status": -1,
      "top_left_x": 1721.6080322265625,
      "top_left_y": 969.2576904296875,
      "bottom_right_x": 1770.0714111328125,
      "bottom_right_y": 999.814453125
    }
  ],
  "detected_translations": [
    {
      "translation_x": 0.4037628173828125,
      "translation_y": 1.7291702270507812
    }
  ]
}