{
  "id": "frame_751",
  "user": "NPC-AI",
  "frame": "frame_751",
  "detected_objects": [
    {
      "cls": 1,
      "landing_status": -1,
      "top_left_x": 546.966796875,
      "top_left_y": 29.946189880371094,
      "bottom_right_x": 586.732177734375,
      "bottom_right_y": 61.49119567871094
    },
    {
      "cls": 1,
      "landing_status": -1,
      "top_left_x": 847.8477172851562,
      "top_left_y": 436.82611083984375,
      "bottom_right_x": 880.9534301757812,
      "bottom_right_y": 464.76873779296875
    },
    {
      "cls": 1,
      "landing_status": -1,
      "top_left_x": 967.2728881835938,
      "top_left_y": 452.490966796875,
      "bottom_right_x": 992.1174926757812,
      "bottom_right_y": 478.0740966796875
    },
    {
      "cls": 1,
      "landing_status": -1,
      "top_left_x": 538.4722900390625,
      "top_left_y": 54.061527252197266,
      "bottom_right_x": 583.2637939453125,
      "bottom_right_y": 91.2509765625
    }
  ],
  "detected_translations": [
    {
      "translation_x": -2.25330810546875,
      "translation_y": 111.56370391845704
    }
  ]
}