{
  "id": "frame_3224",
  "user": "NPC-AI",
  "frame": "frame_3224",
  "detected_objects": [
    {
      "cls": 1,
      "landing_status": -1,
      "top_left_x": 1716.61572265625,
      "top_left_y": 162.71633911132812,
      "bottom_right_x": 1784.106689453125,
      "bottom_right_y": 199.76483154296875
    }
  ],
  "detected_translations": [
    {
      "translation_x": 0.8795314788818359,
      "translation_y": -38.33463134765625
    }
  ]
}