{
  "id": "frame_94",
  "user": "NPC-A\u0130",
  "frame": "frame_94",
  "detected_objects": [
    {
      "cls": 1.0,
      "top_left_x": 1315.377197265625,
      "top_left_y": 245.3035888671875,
      "bottom_right_x": 1349.80224609375,
      "bottom_right_y": 279.32513427734375
    }
  ],
  "detected_translations": [
    {
      "translation_x": 0.213983154296875,
      "translation_y": 0.8631057739257812
    }
  ]
}