{
  "id": "frame_1112",
  "user": "NPC-AI",
  "frame": "frame_1112",
  "detected_objects": [
    {
      "cls": 0,
      "landing_status": -1,
      "top_left_x": 322.9974365234375,
      "top_left_y": 350.77703857421875,
      "bottom_right_x": 428.025634765625,
      "bottom_right_y": 589.160400390625
    },
    {
      "cls": 0,
      "landing_status": -1,
      "top_left_x": 96.1153564453125,
      "top_left_y": 66.83584594726562,
      "bottom_right_x": 312.438720703125,
      "bottom_right_y": 168.71609497070312
    },
    {
      "cls": 0,
      "landing_status": -1,
      "top_left_x": 945.9356079101562,
      "top_left_y": 0.0,
      "bottom_right_x": 1159.24267578125,
      "bottom_right_y": 61.141448974609375
    },
    {
      "cls": 0,
      "landing_status": -1,
      "top_left_x": 1735.714111328125,
      "top_left_y": 0.0,
      "bottom_right_x": 1920.0,
      "bottom_right_y": 66.63993835449219
    }
  ],
  "detected_translations": [
    {
      "translation_x": 82.03832473754883,
      "translation_y": 105.75642395019531
    }
  ]
}