{
  "id": "frame_885",
  "user": "NPC-AI",
  "frame": "frame_885",
  "detected_objects": [
    {
      "cls": 0,
      "landing_status": -1,
      "top_left_x": 838.153564453125,
      "top_left_y": 0.0,
      "bottom_right_x": 923.339111328125,
      "bottom_right_y": 153.04339599609375
    },
    {
      "cls": 0,
      "landing_status": -1,
      "top_left_x": 286.11749267578125,
      "top_left_y": 306.5652770996094,
      "bottom_right_x": 473.04193115234375,
      "bottom_right_y": 392.4703063964844
    },
    {
      "cls": 1,
      "landing_status": -1,
      "top_left_x": 1085.2041015625,
      "top_left_y": 227.45458984375,
      "bottom_right_x": 1117.614990234375,
      "bottom_right_y": 261.1907043457031
    },
    {
      "cls": 0,
      "landing_status": -1,
      "top_left_x": 1006.450927734375,
      "top_left_y": 523.6010131835938,
      "bottom_right_x": 1065.0400390625,
      "bottom_right_y": 547.6891479492188
    }
  ],
  "detected_translations": [
    {
      "translation_x": 26.29119110107422,
      "translation_y": 114.52300567626953
    }
  ]
}