{
  "id": "frame_905",
  "user": "NPC-A\u0130",
  "frame": "frame_905",
  "detected_objects": [
    {
      "cls": 0.0,
      "top_left_x": 586.7889404296875,
      "top_left_y": 0.0,
      "bottom_right_x": 680.4444580078125,
      "bottom_right_y": 166.9495849609375
    }
  ],
  "detected_translations": [
    {
      "translation_x": 32.58791809082031,
      "translation_y": 115.44245910644531
    }
  ]
}