{
  "id": "frame_1360",
  "user": "NPC-A\u0130",
  "frame": "frame_1360",
  "detected_objects": [
    {
      "cls": 1.0,
      "top_left_x": 1181.29345703125,
      "top_left_y": 37.29981231689453,
      "bottom_right_x": 1217.136962890625,
      "bottom_right_y": 94.81127166748047
    }
  ],
  "detected_translations": [
    {
      "translation_x": 79.48372230529785,
      "translation_y": 17.563237762451173
    }
  ]
}