{
  "id": "frame_553",
  "user": "NPC-AI",
  "frame": "frame_553",
  "detected_objects": [
    {
      "cls": 0,
      "landing_status": -1,
      "top_left_x": 1775.6650390625,
      "top_left_y": 407.67779541015625,
      "bottom_right_x": 1920.0,
      "bottom_right_y": 491.20062255859375
    }
  ],
  "detected_translations": [
    {
      "translation_x": -1.8711685180664062,
      "translation_y": 71.09470977783204
    }
  ]
}