{
  "id": "frame_3221",
  "user": "NPC-AI",
  "frame": "frame_3221",
  "detected_objects": [
    {
      "cls": 1,
      "landing_status": -1,
      "top_left_x": 1762.765625,
      "top_left_y": 159.69781494140625,
      "bottom_right_x": 1832.07470703125,
      "bottom_right_y": 197.32342529296875
    }
  ],
  "detected_translations": [
    {
      "translation_x": 0.5997097015380859,
      "translation_y": -38.12467269897461
    }
  ]
}