{
  "id": "frame_1473",
  "user": "NPC-AI",
  "frame": "frame_1473",
  "detected_objects": [
    {
      "cls": 1,
      "landing_status": -1,
      "top_left_x": 386.35919189453125,
      "top_left_y": 181.5298614501953,
      "bottom_right_x": 433.06549072265625,
      "bottom_right_y": 216.50416564941406
    },
    {
      "cls": 1,
      "landing_status": -1,
      "top_left_x": 380.18487548828125,
      "top_left_y": 156.15975952148438,
      "bottom_right_x": 424.26654052734375,
      "bottom_right_y": 192.21591186523438
    }
  ],
  "detected_translations": [
    {
      "translation_x": 78.07734565734863,
      "translation_y": -25.132418823242187
    }
  ]
}