{
  "id": "frame_2409",
  "user": "NPC-A\u0130",
  "frame": "frame_2409",
  "detected_objects": [
    {
      "cls": 1.0,
      "top_left_x": 129.79446411132812,
      "top_left_y": 448.4018859863281,
      "bottom_right_x": 174.81558227539062,
      "bottom_right_y": 471.5337829589844
    }
  ],
  "detected_translations": [
    {
      "translation_x": -34.975073623657224,
      "translation_y": -14.26877670288086
    }
  ]
}