{
  "id": "frame_202",
  "user": "NPC-AI",
  "frame": "frame_202",
  "detected_objects": [
    {
      "cls": 1,
      "landing_status": -1,
      "top_left_x": 1350.2978515625,
      "top_left_y": 680.177001953125,
      "bottom_right_x": 1387.50439453125,
      "bottom_right_y": 710.763671875
    }
  ],
  "detected_translations": [
    {
      "translation_x": -0.1008209228515625,
      "translation_y": 10.113478088378907
    }
  ]
}