{
  "id": "frame_770",
  "user": "NPC-A\u0130",
  "frame": "frame_770",
  "detected_objects": [
    {
      "cls": 1.0,
      "top_left_x": 528.1307373046875,
      "top_left_y": 67.91445922851562,
      "bottom_right_x": 569.3226318359375,
      "bottom_right_y": 95.59201049804688
    },
    {
      "cls": 1.0,
      "top_left_x": 882.25732421875,
      "top_left_y": 488.3094482421875,
      "bottom_right_x": 915.315673828125,
      "bottom_right_y": 514.4835205078125
    }
  ],
  "detected_translations": [
    {
      "translation_x": -1.1877899169921875,
      "translation_y": 112.41895599365235
    }
  ]
}