{
  "id": "frame_1286",
  "user": "NPC-AI",
  "frame": "frame_1286",
  "detected_objects": [
    {
      "cls": 1,
      "landing_status": -1,
      "top_left_x": 1638.028564453125,
      "top_left_y": 585.279541015625,
      "bottom_right_x": 1680.9033203125,
      "bottom_right_y": 613.0059814453125
    },
    {
      "cls": 1,
      "landing_status": -1,
      "top_left_x": 1584.374267578125,
      "top_left_y": 615.0877685546875,
      "bottom_right_x": 1652.209716796875,
      "bottom_right_y": 649.8455810546875
    }
  ],
  "detected_translations": [
    {
      "translation_x": 79.62537727355956,
      "translation_y": 42.383341217041014
    }
  ]
}