{
  "id": "frame_890",
  "user": "NPC-AI",
  "frame": "frame_890",
  "detected_objects": [
    {
      "cls": 0,
      "landing_status": -1,
      "top_left_x": 779.0853271484375,
      "top_left_y": 0.0,
      "bottom_right_x": 863.314697265625,
      "bottom_right_y": 156.54629516601562
    },
    {
      "cls": 0,
      "landing_status": -1,
      "top_left_x": 176.191162109375,
      "top_left_y": 306.9520263671875,
      "bottom_right_x": 362.36822509765625,
      "bottom_right_y": 391.9619140625
    },
    {
      "cls": 0,
      "landing_status": -1,
      "top_left_x": 851.0272216796875,
      "top_left_y": 993.3349609375,
      "bottom_right_x": 932.2762451171875,
      "bottom_right_y": 1079.1884765625
    },
    {
      "cls": 1,
      "landing_status": -1,
      "top_left_x": 1037.751220703125,
      "top_left_y": 229.64218139648438,
      "bottom_right_x": 1065.90185546875,
      "bottom_right_y": 264.177001953125
    }
  ],
  "detected_translations": [
    {
      "translation_x": 28.139222717285158,
      "translation_y": 114.39813842773438
    }
  ]
}