{
  "id": "frame_1532",
  "user": "NPC-A\u0130",
  "frame": "frame_1532",
  "detected_objects": [
    {
      "cls": 0.0,
      "top_left_x": 304.75848388671875,
      "top_left_y": 367.4515075683594,
      "bottom_right_x": 386.70892333984375,
      "bottom_right_y": 435.6144104003906
    }
  ],
  "detected_translations": [
    {
      "translation_x": 78.08989067077637,
      "translation_y": -46.06320419311523
    }
  ]
}