{
  "id": "frame_1100",
  "user": "NPC-A\u0130",
  "frame": "frame_1100",
  "detected_objects": [
    {
      "cls": 0.0,
      "top_left_x": 1051.2196044921875,
      "top_left_y": 63.23152160644531,
      "bottom_right_x": 1266.3851318359375,
      "bottom_right_y": 177.5784454345703
    },
    {
      "cls": 0.0,
      "top_left_x": 326.51220703125,
      "top_left_y": 462.2574462890625,
      "bottom_right_x": 434.255615234375,
      "bottom_right_y": 699.3798828125
    },
    {
      "cls": 0.0,
      "top_left_x": 0.25201416015625,
      "top_left_y": 171.65093994140625,
      "bottom_right_x": 158.99310302734375,
      "bottom_right_y": 272.0453186035156
    },
    {
      "cls": 0.0,
      "top_left_x": 1890.927490234375,
      "top_left_y": 79.28997802734375,
      "bottom_right_x": 1920.0,
      "bottom_right_y": 183.58096313476562
    }
  ],
  "detected_translations": [
    {
      "translation_x": 81.91970291137696,
      "translation_y": 108.2512435913086
    }
  ]
}