{
  "id": "frame_262",
  "user": "NPC-A\u0130",
  "frame": "frame_262",
  "detected_objects": [
    {
      "cls": 1.0,
      "top_left_x": 1362.43310546875,
      "top_left_y": 895.9342041015625,
      "bottom_right_x": 1397.18115234375,
      "bottom_right_y": 931.7764892578125
    }
  ],
  "detected_translations": [
    {
      "translation_x": -0.408062744140625,
      "translation_y": 14.701490020751953
    }
  ]
}