{
  "id": "frame_540",
  "user": "NPC-A\u0130",
  "frame": "frame_540",
  "detected_objects": [
    {
      "cls": 0.0,
      "top_left_x": 1778.5361328125,
      "top_left_y": 261.883056640625,
      "bottom_right_x": 1920.0,
      "bottom_right_y": 347.843017578125
    }
  ],
  "detected_translations": [
    {
      "translation_x": -2.1177093505859377,
      "translation_y": 68.40772857666016
    }
  ]
}