{
  "id": "frame_543",
  "user": "NPC-AI",
  "frame": "frame_543",
  "detected_objects": [
    {
      "cls": 0,
      "landing_status": -1,
      "top_left_x": 1777.578857421875,
      "top_left_y": 295.54205322265625,
      "bottom_right_x": 1920.0,
      "bottom_right_y": 380.50091552734375
    }
  ],
  "detected_translations": [
    {
      "translation_x": -1.97861328125,
      "translation_y": 68.9203598022461
    }
  ]
}