{
  "id": "frame_558",
  "user": "NPC-AI",
  "frame": "frame_558",
  "detected_objects": [
    {
      "cls": 0,
      "landing_status": -1,
      "top_left_x": 1774.61279296875,
      "top_left_y": 462.70184326171875,
      "bottom_right_x": 1920.0,
      "bottom_right_y": 547.5515747070312
    }
  ],
  "detected_translations": [
    {
      "translation_x": -1.6165237426757812,
      "translation_y": 72.09815673828125
    }
  ]
}