{
  "id": "frame_729",
  "user": "NPC-AI",
  "frame": "frame_729",
  "detected_objects": [
    {
      "cls": 1,
      "landing_status": -1,
      "top_left_x": 1013.5722045898438,
      "top_left_y": 393.99847412109375,
      "bottom_right_x": 1041.74853515625,
      "bottom_right_y": 419.712158203125
    },
    {
      "cls": 1,
      "landing_status": -1,
      "top_left_x": 909.7954711914062,
      "top_left_y": 379.85247802734375,
      "bottom_right_x": 937.3800659179688,
      "bottom_right_y": 408.27935791015625
    },
    {
      "cls": 1,
      "landing_status": -1,
      "top_left_x": 916.5511474609375,
      "top_left_y": 411.3217468261719,
      "bottom_right_x": 947.1756591796875,
      "bottom_right_y": 437.7248229980469
    }
  ],
  "detected_translations": [
    {
      "translation_x": -2.4944091796875,
      "translation_y": 110.0435073852539
    }
  ]
}