{
  "id": "frame_1480",
  "user": "NPC-AI",
  "frame": "frame_1480",
  "detected_objects": [
    {
      "cls": 1,
      "landing_status": -1,
      "top_left_x": 363.9739990234375,
      "top_left_y": 48.07622528076172,
      "bottom_right_x": 417.533203125,
      "bottom_right_y": 83.51496124267578
    },
    {
      "cls": 1,
      "landing_status": -1,
      "top_left_x": 369.84619140625,
      "top_left_y": 75.28526306152344,
      "bottom_right_x": 421.4539794921875,
      "bottom_right_y": 111.90692138671875
    }
  ],
  "detected_translations": [
    {
      "translation_x": 78.22771415710449,
      "translation_y": -27.71406707763672
    }
  ]
}