{
  "id": "frame_1430",
  "user": "NPC-AI",
  "frame": "frame_1430",
  "detected_objects": [
    {
      "cls": 1,
      "landing_status": -1,
      "top_left_x": 468.14190673828125,
      "top_left_y": 832.7122802734375,
      "bottom_right_x": 514.6078491210938,
      "bottom_right_y": 861.031494140625
    },
    {
      "cls": 1,
      "landing_status": -1,
      "top_left_x": 471.17462158203125,
      "top_left_y": 858.9869384765625,
      "bottom_right_x": 520.6484375,
      "bottom_right_y": 890.7249755859375
    }
  ],
  "detected_translations": [
    {
      "translation_x": 78.09151344299316,
      "translation_y": -8.682600402832032
    }
  ]
}