{
  "id": "frame_2681",
  "user": "NPC-AI",
  "frame": "frame_2681",
  "detected_objects": [
    {
      "cls": 1,
      "landing_status": -1,
      "top_left_x": 1856.931640625,
      "top_left_y": 164.31478881835938,
      "bottom_right_x": 1900.56298828125,
      "bottom_right_y": 195.11618041992188
    },
    {
      "cls": 1,
      "landing_status": -1,
      "top_left_x": 1451.9560546875,
      "top_left_y": 36.95970153808594,
      "bottom_right_x": 1479.6162109375,
      "bottom_right_y": 63.636749267578125
    },
    {
      "cls": 1,
      "landing_status": -1,
      "top_left_x": 1023.060546875,
      "top_left_y": 87.95539855957031,
      "bottom_right_x": 1050.56640625,
      "bottom_right_y": 116.05607604980469
    }
  ],
  "detected_translations": [
    {
      "translation_x": -77.08943061828613,
      "translation_y": -28.545611572265624
    }
  ]
}