{
  "id": "frame_3267",
  "user": "NPC-AI",
  "frame": "frame_3267",
  "detected_objects": [
    {
      "cls": 1,
      "landing_status": -1,
      "top_left_x": 1470.038330078125,
      "top_left_y": 143.20208740234375,
      "bottom_right_x": 1510.076416015625,
      "bottom_right_y": 189.54183959960938
    }
  ],
  "detected_translations": [
    {
      "translation_x": 14.204403305053711,
      "translation_y": -37.02292175292969
    }
  ]
}