{
  "id": "frame_1123",
  "user": "NPC-A\u0130",
  "frame": "frame_1123",
  "detected_objects": [
    {
      "cls": 0.0,
      "top_left_x": 248.03330993652344,
      "top_left_y": 0.0,
      "bottom_right_x": 458.1922607421875,
      "bottom_right_y": 64.75420379638672
    },
    {
      "cls": 0.0,
      "top_left_x": 319.9007568359375,
      "top_left_y": 244.83453369140625,
      "bottom_right_x": 422.7010498046875,
      "bottom_right_y": 480.13092041015625
    }
  ],
  "detected_translations": [
    {
      "translation_x": 82.0163070678711,
      "translation_y": 102.92961730957032
    }
  ]
}