{
  "id": "frame_81",
  "user": "NPC-A\u0130",
  "frame": "frame_81",
  "detected_objects": [
    {
      "cls": 1.0,
      "top_left_x": 1703.7147216796875,
      "top_left_y": 832.41357421875,
      "bottom_right_x": 1750.2581787109375,
      "bottom_right_y": 867.9521484375
    },
    {
      "cls": 1.0,
      "top_left_x": 1308.80322265625,
      "top_left_y": 223.69342041015625,
      "bottom_right_x": 1343.75048828125,
      "bottom_right_y": 256.35736083984375
    }
  ],
  "detected_translations": [
    {
      "translation_x": 0.064794921875,
      "translation_y": 0.7629714965820312
    }
  ]
}