{
  "id": "frame_229",
  "user": "NPC-A\u0130",
  "frame": "frame_229",
  "detected_objects": [
    {
      "cls": 1.0,
      "top_left_x": 1355.96923828125,
      "top_left_y": 780.4014282226562,
      "bottom_right_x": 1392.273681640625,
      "bottom_right_y": 812.8241577148438
    }
  ],
  "detected_translations": [
    {
      "translation_x": -0.7399871826171875,
      "translation_y": 12.121351623535157
    }
  ]
}