{
  "id": "frame_2089",
  "user": "NPC-AI",
  "frame": "frame_2089",
  "detected_objects": [
    {
      "cls": 1,
      "landing_status": -1,
      "top_left_x": 1800.3277587890625,
      "top_left_y": 50.01069641113281,
      "bottom_right_x": 1856.3685302734375,
      "bottom_right_y": 95.74185180664062
    }
  ],
  "detected_translations": [
    {
      "translation_x": -0.9012256622314453,
      "translation_y": -41.218299865722656
    }
  ]
}