{
  "id": "frame_917",
  "user": "NPC-A\u0130",
  "frame": "frame_917",
  "detected_objects": [
    {
      "cls": 0.0,
      "top_left_x": 436.5574951171875,
      "top_left_y": 0.95538330078125,
      "bottom_right_x": 529.40966796875,
      "bottom_right_y": 178.85191345214844
    }
  ],
  "detected_translations": [
    {
      "translation_x": 36.98563690185547,
      "translation_y": 116.18496398925781
    }
  ]
}