{
  "id": "frame_878",
  "user": "NPC-AI",
  "frame": "frame_878",
  "detected_objects": [
    {
      "cls": 0,
      "landing_status": -1,
      "top_left_x": 922.7227783203125,
      "top_left_y": 0.0,
      "bottom_right_x": 1005.484130859375,
      "bottom_right_y": 149.21609497070312
    },
    {
      "cls": 0,
      "landing_status": -1,
      "top_left_x": 437.82135009765625,
      "top_left_y": 308.0173034667969,
      "bottom_right_x": 626.3265991210938,
      "bottom_right_y": 390.7855529785156
    },
    {
      "cls": 1,
      "landing_status": -1,
      "top_left_x": 1149.270751953125,
      "top_left_y": 223.44378662109375,
      "bottom_right_x": 1191.354736328125,
      "bottom_right_y": 258.1667785644531
    },
    {
      "cls": 0,
      "landing_status": -1,
      "top_left_x": 994.0177612304688,
      "top_left_y": 988.9046630859375,
      "bottom_right_x": 1076.115478515625,
      "bottom_right_y": 1079.5440673828125
    }
  ],
  "detected_translations": [
    {
      "translation_x": 24.097682189941406,
      "translation_y": 114.32438659667969
    }
  ]
}