{
  "id": "frame_1103",
  "user": "NPC-A\u0130",
  "frame": "frame_1103",
  "detected_objects": [
    {
      "cls": 0.0,
      "top_left_x": 1024.460205078125,
      "top_left_y": 33.60696792602539,
      "bottom_right_x": 1239.247314453125,
      "bottom_right_y": 148.518310546875
    },
    {
      "cls": 0.0,
      "top_left_x": 324.8027038574219,
      "top_left_y": 435.4901123046875,
      "bottom_right_x": 432.8434143066406,
      "bottom_right_y": 675.4068603515625
    },
    {
      "cls": 0.0,
      "top_left_x": 0.7560272216796875,
      "top_left_y": 145.29989624023438,
      "bottom_right_x": 196.3463134765625,
      "bottom_right_y": 246.08364868164062
    },
    {
      "cls": 0.0,
      "top_left_x": 1850.19677734375,
      "top_left_y": 44.869415283203125,
      "bottom_right_x": 1920.0,
      "bottom_right_y": 156.30532836914062
    }
  ],
  "detected_translations": [
    {
      "translation_x": 81.94827499389649,
      "translation_y": 107.68512573242188
    }
  ]
}