{
  "id": "frame_1336",
  "user": "NPC-A\u0130",
  "frame": "frame_1336",
  "detected_objects": [
    {
      "cls": 1.0,
      "top_left_x": 1166.793212890625,
      "top_left_y": 436.3688049316406,
      "bottom_right_x": 1198.825439453125,
      "bottom_right_y": 465.3475036621094
    }
  ],
  "detected_translations": [
    {
      "translation_x": 78.60677223205566,
      "translation_y": 25.711466217041014
    }
  ]
}