{
  "id": "frame_263",
  "user": "NPC-A\u0130",
  "frame": "frame_263",
  "detected_objects": [
    {
      "cls": 1.0,
      "top_left_x": 1361.8961181640625,
      "top_left_y": 899.1434326171875,
      "bottom_right_x": 1397.2789306640625,
      "bottom_right_y": 935.3380126953125
    }
  ],
  "detected_translations": [
    {
      "translation_x": -0.42486572265625,
      "translation_y": 14.780668640136719
    }
  ]
}