{
  "id": "frame_948",
  "user": "NPC-A\u0130",
  "frame": "frame_948",
  "detected_objects": [
    {
      "cls": 0.0,
      "top_left_x": 8.955085754394531,
      "top_left_y": 23.758544921875,
      "bottom_right_x": 117.25355529785156,
      "bottom_right_y": 201.61367797851562
    },
    {
      "cls": 0.0,
      "top_left_x": 1357.384765625,
      "top_left_y": 405.94610595703125,
      "bottom_right_x": 1549.7431640625,
      "bottom_right_y": 499.56402587890625
    }
  ],
  "detected_translations": [
    {
      "translation_x": 47.609814453125,
      "translation_y": 116.26640014648437
    }
  ]
}