{
  "id": "frame_1387",
  "user": "NPC-AI",
  "frame": "frame_1387",
  "detected_objects": [
    {
      "cls": 1,
      "landing_status": -1,
      "top_left_x": 1235.164306640625,
      "top_left_y": 595.6000366210938,
      "bottom_right_x": 1262.586669921875,
      "bottom_right_y": 629.5441284179688
    },
    {
      "cls": 1,
      "landing_status": -1,
      "top_left_x": 1187.92822265625,
      "top_left_y": 585.0816650390625,
      "bottom_right_x": 1217.00341796875,
      "bottom_right_y": 607.1102294921875
    },
    {
      "cls": 1,
      "landing_status": -1,
      "top_left_x": 1261.9072265625,
      "top_left_y": 576.47265625,
      "bottom_right_x": 1291.21484375,
      "bottom_right_y": 601.931884765625
    },
    {
      "cls": 0,
      "landing_status": -1,
      "top_left_x": 905.983154296875,
      "top_left_y": 434.348388671875,
      "bottom_right_x": 933.301513671875,
      "bottom_right_y": 518.8961181640625
    }
  ],
  "detected_translations": [
    {
      "translation_x": 78.87683448791503,
      "translation_y": 8.191175079345703
    }
  ]
}