{
  "id": "frame_209",
  "user": "NPC-A\u0130",
  "frame": "frame_209",
  "detected_objects": [
    {
      "cls": 1.0,
      "top_left_x": 1351.14599609375,
      "top_left_y": 707.72412109375,
      "bottom_right_x": 1389.296630859375,
      "bottom_right_y": 736.4952392578125
    }
  ],
  "detected_translations": [
    {
      "translation_x": -0.368536376953125,
      "translation_y": 10.587498474121094
    }
  ]
}