{
  "id": "frame_2701",
  "user": "NPC-AI",
  "frame": "frame_2701",
  "detected_objects": [
    {
      "cls": 1,
      "landing_status": -1,
      "top_left_x": 1887.686279296875,
      "top_left_y": 60.22645568847656,
      "bottom_right_x": 1920.0,
      "bottom_right_y": 90.36494445800781
    }
  ],
  "detected_translations": [
    {
      "translation_x": -78.13486366271972,
      "translation_y": -31.208763122558594
    }
  ]
}