{
  "id": "frame_13",
  "user": "NPC-A\u0130",
  "frame": "frame_13",
  "detected_objects": [
    {
      "cls": 1.0,
      "top_left_x": 1681.572021484375,
      "top_left_y": 652.3634033203125,
      "bottom_right_x": 1735.864990234375,
      "bottom_right_y": 682.500244140625
    },
    {
      "cls": 1.0,
      "top_left_x": 1276.0869140625,
      "top_left_y": 198.62356567382812,
      "bottom_right_x": 1309.55078125,
      "bottom_right_y": 233.62527465820312
    }
  ],
  "detected_translations": [
    {
      "translation_x": 0.101300048828125,
      "translation_y": 0.13948822021484375
    }
  ]
}