{
  "id": "frame_1991",
  "user": "NPC-A\u0130",
  "frame": "frame_1991",
  "detected_objects": [
    {
      "cls": 0.0,
      "top_left_x": 0.5789031982421875,
      "top_left_y": 883.99169921875,
      "bottom_right_x": 175.2545928955078,
      "bottom_right_y": 974.7158203125
    }
  ],
  "detected_translations": [
    {
      "translation_x": -1.762540054321289,
      "translation_y": -62.353380584716795
    }
  ]
}