{
  "id": "frame_717",
  "user": "NPC-AI",
  "frame": "frame_717",
  "detected_objects": [
    {
      "cls": 1,
      "landing_status": -1,
      "top_left_x": 1035.501708984375,
      "top_left_y": 342.8509826660156,
      "bottom_right_x": 1059.93017578125,
      "bottom_right_y": 369.0808410644531
    },
    {
      "cls": 1,
      "landing_status": -1,
      "top_left_x": 931.475830078125,
      "top_left_y": 329.8319091796875,
      "bottom_right_x": 955.240234375,
      "bottom_right_y": 357.7432861328125
    },
    {
      "cls": 1,
      "landing_status": -1,
      "top_left_x": 935.8748168945312,
      "top_left_y": 362.9007568359375,
      "bottom_right_x": 960.9257202148438,
      "bottom_right_y": 388.6136474609375
    }
  ],
  "detected_translations": [
    {
      "translation_x": -3.092828369140625,
      "translation_y": 108.74070587158204
    }
  ]
}