{
  "id": "frame_1026",
  "user": "NPC-A\u0130",
  "frame": "frame_1026",
  "detected_objects": [
    {
      "cls": 0.0,
      "top_left_x": 542.42822265625,
      "top_left_y": 822.381591796875,
      "bottom_right_x": 648.0625,
      "bottom_right_y": 1058.796875
    },
    {
      "cls": 1.0,
      "top_left_x": 1197.7333984375,
      "top_left_y": 830.6904296875,
      "bottom_right_x": 1246.1005859375,
      "bottom_right_y": 866.605712890625
    },
    {
      "cls": 1.0,
      "top_left_x": 1190.2166748046875,
      "top_left_y": 353.23101806640625,
      "bottom_right_x": 1240.6187744140625,
      "bottom_right_y": 385.97003173828125
    },
    {
      "cls": 1.0,
      "top_left_x": 1094.93408203125,
      "top_left_y": 341.302978515625,
      "bottom_right_x": 1136.80859375,
      "bottom_right_y": 373.504150390625
    }
  ],
  "detected_translations": [
    {
      "translation_x": 75.69356994628906,
      "translation_y": 117.7103515625
    }
  ]
}