{
  "id": "frame_167",
  "user": "NPC-A\u0130",
  "frame": "frame_167",
  "detected_objects": [
    {
      "cls": 1.0,
      "top_left_x": 1341.3507080078125,
      "top_left_y": 538.7890625,
      "bottom_right_x": 1378.0054931640625,
      "bottom_right_y": 567.339111328125
    }
  ],
  "detected_translations": [
    {
      "translation_x": -0.0954986572265625,
      "translation_y": 7.198139953613281
    }
  ]
}