{
  "id": "frame_1994",
  "user": "NPC-A\u0130",
  "frame": "frame_1994",
  "detected_objects": [
    {
      "cls": 0.0,
      "top_left_x": 0.00640869140625,
      "top_left_y": 908.2841796875,
      "bottom_right_x": 146.00765991210938,
      "bottom_right_y": 999.733154296875
    },
    {
      "cls": 0.0,
      "top_left_x": 1874.1044921875,
      "top_left_y": 860.037353515625,
      "bottom_right_x": 1920.0,
      "bottom_right_y": 954.1767578125
    }
  ],
  "detected_translations": [
    {
      "translation_x": -1.5035388946533204,
      "translation_y": -61.95239486694336
    }
  ]
}