{
  "id": "frame_3296",
  "user": "NPC-AI",
  "frame": "frame_3296",
  "detected_objects": [
    {
      "cls": 1,
      "landing_status": -1,
      "top_left_x": 1015.4749145507812,
      "top_left_y": 231.159912109375,
      "bottom_right_x": 1050.555419921875,
      "bottom_right_y": 271.8934326171875
    }
  ],
  "detected_translations": [
    {
      "translation_x": 24.664123153686525,
      "translation_y": -36.370216369628906
    }
  ]
}