{
  "id": "frame_3313",
  "user": "NPC-AI",
  "frame": "frame_3313",
  "detected_objects": [
    {
      "cls": 1,
      "landing_status": -1,
      "top_left_x": 776.5355834960938,
      "top_left_y": 271.6502990722656,
      "bottom_right_x": 809.8390502929688,
      "bottom_right_y": 308.6472473144531
    }
  ],
  "detected_translations": [
    {
      "translation_x": 30.248427963256837,
      "translation_y": -36.42328796386719
    }
  ]
}