{
  "id": "frame_3265",
  "user": "NPC-AI",
  "frame": "frame_3265",
  "detected_objects": [
    {
      "cls": 1,
      "landing_status": -1,
      "top_left_x": 1500.4608154296875,
      "top_left_y": 136.52438354492188,
      "bottom_right_x": 1542.5592041015625,
      "bottom_right_y": 183.13345336914062
    }
  ],
  "detected_translations": [
    {
      "translation_x": 13.788525009155274,
      "translation_y": -37.06345138549805
    }
  ]
}