{
  "id": "frame_557",
  "user": "NPC-A\u0130",
  "frame": "frame_557",
  "detected_objects": [
    {
      "cls": 0.0,
      "top_left_x": 1774.76025390625,
      "top_left_y": 452.19732666015625,
      "bottom_right_x": 1920.0,
      "bottom_right_y": 535.8905029296875
    }
  ],
  "detected_translations": [
    {
      "translation_x": -1.6328018188476563,
      "translation_y": 71.90771026611328
    }
  ]
}