{
  "id": "frame_873",
  "user": "NPC-AI",
  "frame": "frame_873",
  "detected_objects": [
    {
      "cls": 0,
      "landing_status": -1,
      "top_left_x": 547.52734375,
      "top_left_y": 309.34161376953125,
      "bottom_right_x": 735.6424560546875,
      "bottom_right_y": 390.64105224609375
    },
    {
      "cls": 0,
      "landing_status": -1,
      "top_left_x": 981.16357421875,
      "top_left_y": 0.0,
      "bottom_right_x": 1062.91650390625,
      "bottom_right_y": 146.87860107421875
    },
    {
      "cls": 1,
      "landing_status": -1,
      "top_left_x": 1205.236328125,
      "top_left_y": 220.57565307617188,
      "bottom_right_x": 1237.65673828125,
      "bottom_right_y": 255.78024291992188
    }
  ],
  "detected_translations": [
    {
      "translation_x": 22.321275329589845,
      "translation_y": 114.14706420898438
    }
  ]
}