{
  "id": "frame_1214",
  "user": "NPC-AI",
  "frame": "frame_1214",
  "detected_objects": [
    {
      "cls": 0,
      "landing_status": -1,
      "top_left_x": 431.4329833984375,
      "top_left_y": 1019.6302490234375,
      "bottom_right_x": 465.9210205078125,
      "bottom_right_y": 1078.6473388671875
    }
  ],
  "detected_translations": [
    {
      "translation_x": 81.12231216430663,
      "translation_y": 69.84089279174805
    }
  ]
}