{
  "id": "frame_543",
  "user": "NPC-A\u0130",
  "frame": "frame_543",
  "detected_objects": [
    {
      "cls": 0.0,
      "top_left_x": 1777.9241943359375,
      "top_left_y": 297.25543212890625,
      "bottom_right_x": 1920.0,
      "bottom_right_y": 381.1986083984375
    }
  ],
  "detected_translations": [
    {
      "translation_x": -1.97861328125,
      "translation_y": 68.9203598022461
    }
  ]
}