{
  "id": "frame_1006",
  "user": "NPC-A\u0130",
  "frame": "frame_1006",
  "detected_objects": [
    {
      "cls": 0.0,
      "top_left_x": 746.7398071289062,
      "top_left_y": 823.93798828125,
      "bottom_right_x": 845.6719360351562,
      "bottom_right_y": 1059.311279296875
    },
    {
      "cls": 1.0,
      "top_left_x": 1261.8369140625,
      "top_left_y": 346.2138366699219,
      "bottom_right_x": 1301.595458984375,
      "bottom_right_y": 377.4021301269531
    },
    {
      "cls": 1.0,
      "top_left_x": 1360.9541015625,
      "top_left_y": 352.5179443359375,
      "bottom_right_x": 1422.3291015625,
      "bottom_right_y": 383.93609619140625
    },
    {
      "cls": 1.0,
      "top_left_x": 1380.9891357421875,
      "top_left_y": 820.1968994140625,
      "bottom_right_x": 1437.8782958984375,
      "bottom_right_y": 860.12060546875
    }
  ],
  "detected_translations": [
    {
      "translation_x": 70.4139404296875,
      "translation_y": 117.81681213378906
    }
  ]
}