{
  "id": "frame_1373",
  "user": "NPC-A\u0130",
  "frame": "frame_1373",
  "detected_objects": [
    {
      "cls": 1.0,
      "top_left_x": 1252.5958251953125,
      "top_left_y": 795.0610961914062,
      "bottom_right_x": 1285.4544677734375,
      "bottom_right_y": 824.6716918945312
    }
  ],
  "detected_translations": [
    {
      "translation_x": 78.83381690979004,
      "translation_y": 13.46682357788086
    }
  ]
}