{
  "id": "frame_578",
  "user": "NPC-A\u0130",
  "frame": "frame_578",
  "detected_objects": [
    {
      "cls": 0.0,
      "top_left_x": 1770.352294921875,
      "top_left_y": 684.694580078125,
      "bottom_right_x": 1920.0,
      "bottom_right_y": 771.24267578125
    }
  ],
  "detected_translations": [
    {
      "translation_x": -1.6455734252929688,
      "translation_y": 76.23911895751954
    }
  ]
}