{
  "id": "frame_2690",
  "user": "NPC-A\u0130",
  "frame": "frame_2690",
  "detected_objects": [
    {
      "cls": 1.0,
      "top_left_x": 1865.3001708984375,
      "top_left_y": 116.79159545898438,
      "bottom_right_x": 1917.7525634765625,
      "bottom_right_y": 155.17355346679688
    }
  ],
  "detected_translations": [
    {
      "translation_x": -76.83789558410645,
      "translation_y": -29.753134155273436
    }
  ]
}