{
  "id": "frame_2013",
  "user": "NPC-A\u0130",
  "frame": "frame_2013",
  "detected_objects": [
    {
      "cls": 0.0,
      "top_left_x": 1889.307861328125,
      "top_left_y": 1051.516357421875,
      "bottom_right_x": 1920.0,
      "bottom_right_y": 1079.525146484375
    }
  ],
  "detected_translations": [
    {
      "translation_x": -1.3122303009033203,
      "translation_y": -57.53713150024414
    }
  ]
}