{
  "id": "frame_219",
  "user": "NPC-AI",
  "frame": "frame_219",
  "detected_objects": [
    {
      "cls": 1,
      "landing_status": -1,
      "top_left_x": 1353.954345703125,
      "top_left_y": 743.73876953125,
      "bottom_right_x": 1390.513916015625,
      "bottom_right_y": 776.125244140625
    }
  ],
  "detected_translations": [
    {
      "translation_x": -0.614373779296875,
      "translation_y": 11.209355926513672
    }
  ]
}