{
  "id": "frame_212",
  "user": "NPC-AI",
  "frame": "frame_212",
  "detected_objects": [
    {
      "cls": 1,
      "landing_status": -1,
      "top_left_x": 1352.642822265625,
      "top_left_y": 718.673583984375,
      "bottom_right_x": 1389.112548828125,
      "bottom_right_y": 749.333251953125
    }
  ],
  "detected_translations": [
    {
      "translation_x": -0.569866943359375,
      "translation_y": 10.746024322509765
    }
  ]
}