{
  "id": "frame_225",
  "user": "NPC-AI",
  "frame": "frame_225",
  "detected_objects": [
    {
      "cls": 1,
      "landing_status": -1,
      "top_left_x": 1355.240478515625,
      "top_left_y": 765.7142333984375,
      "bottom_right_x": 1391.61083984375,
      "bottom_right_y": 798.0533447265625
    }
  ],
  "detected_translations": [
    {
      "translation_x": -0.8478485107421875,
      "translation_y": 11.720642852783204
    }
  ]
}