{
  "id": "frame_720",
  "user": "NPC-A\u0130",
  "frame": "frame_720",
  "detected_objects": [
    {
      "cls": 1.0,
      "top_left_x": 1028.978515625,
      "top_left_y": 357.445068359375,
      "bottom_right_x": 1055.27099609375,
      "bottom_right_y": 384.55615234375
    },
    {
      "cls": 1.0,
      "top_left_x": 921.084716796875,
      "top_left_y": 345.49139404296875,
      "bottom_right_x": 950.3349609375,
      "bottom_right_y": 374.20233154296875
    }
  ],
  "detected_translations": [
    {
      "translation_x": -3.2605438232421875,
      "translation_y": 109.07617645263672
    }
  ]
}