{
  "id": "frame_770",
  "user": "NPC-AI",
  "frame": "frame_770",
  "detected_objects": [
    {
      "cls": 1,
      "landing_status": -1,
      "top_left_x": 882.843994140625,
      "top_left_y": 488.436767578125,
      "bottom_right_x": 915.335205078125,
      "bottom_right_y": 514.680908203125
    },
    {
      "cls": 1,
      "landing_status": -1,
      "top_left_x": 520.850341796875,
      "top_left_y": 96.31282043457031,
      "bottom_right_x": 558.9384765625,
      "bottom_right_y": 128.5714569091797
    },
    {
      "cls": 1,
      "landing_status": -1,
      "top_left_x": 528.774169921875,
      "top_left_y": 68.6148681640625,
      "bottom_right_x": 567.646484375,
      "bottom_right_y": 95.9549560546875
    },
    {
      "cls": 1,
      "landing_status": -1,
      "top_left_x": 759.1688842773438,
      "top_left_y": 469.3912048339844,
      "bottom_right_x": 797.4728393554688,
      "bottom_right_y": 499.1717224121094
    }
  ],
  "detected_translations": [
    {
      "translation_x": -1.1877899169921875,
      "translation_y": 112.41895599365235
    }
  ]
}