{
  "id": "frame_1544",
  "user": "NPC-AI",
  "frame": "frame_1544",
  "detected_objects": [
    {
      "cls": 1,
      "landing_status": -1,
      "top_left_x": 553.531982421875,
      "top_left_y": 860.0120239257812,
      "bottom_right_x": 592.8829345703125,
      "bottom_right_y": 904.7228393554688
    }
  ],
  "detected_translations": [
    {
      "translation_x": 78.08770713806152,
      "translation_y": -50.26640014648437
    }
  ]
}