{
  "id": "frame_524",
  "user": "NPC-A\u0130",
  "frame": "frame_524",
  "detected_objects": [
    {
      "cls": 0.0,
      "top_left_x": 1781.5662841796875,
      "top_left_y": 77.82913208007812,
      "bottom_right_x": 1920.0,
      "bottom_right_y": 169.95606994628906
    }
  ],
  "detected_translations": [
    {
      "translation_x": -2.1809967041015623,
      "translation_y": 64.93309783935547
    }
  ]
}