{
  "id": "frame_581",
  "user": "NPC-A\u0130",
  "frame": "frame_581",
  "detected_objects": [
    {
      "cls": 0.0,
      "top_left_x": 1768.606689453125,
      "top_left_y": 718.0349731445312,
      "bottom_right_x": 1920.0,
      "bottom_right_y": 807.2908325195312
    }
  ],
  "detected_translations": [
    {
      "translation_x": -1.8161575317382812,
      "translation_y": 77.04972076416016
    }
  ]
}