{
  "id": "frame_68",
  "user": "NPC-AI",
  "frame": "frame_68",
  "detected_objects": [
    {
      "cls": 1,
      "landing_status": -1,
      "top_left_x": 1302.81201171875,
      "top_left_y": 214.99659729003906,
      "bottom_right_x": 1336.404541015625,
      "bottom_right_y": 247.44264221191406
    }
  ],
  "detected_translations": [
    {
      "translation_x": 0.2808685302734375,
      "translation_y": 0.610357666015625
    }
  ]
}