{
  "id": "frame_3292",
  "user": "NPC-A\u0130",
  "frame": "frame_3292",
  "detected_objects": [
    {
      "cls": 1.0,
      "top_left_x": 1077.7734375,
      "top_left_y": 222.03640747070312,
      "bottom_right_x": 1111.24951171875,
      "bottom_right_y": 268.7728576660156
    }
  ],
  "detected_translations": [
    {
      "translation_x": 23.22345390319824,
      "translation_y": -36.371577453613284
    }
  ]
}