{
  "id": "frame_1543",
  "user": "NPC-AI",
  "frame": "frame_1543",
  "detected_objects": [
    {
      "cls": 1,
      "landing_status": -1,
      "top_left_x": 553.0812377929688,
      "top_left_y": 873.62890625,
      "bottom_right_x": 592.8700561523438,
      "bottom_right_y": 920.7117919921875
    }
  ],
  "detected_translations": [
    {
      "translation_x": 78.14442558288575,
      "translation_y": -49.909637451171875
    }
  ]
}