{
  "id": "frame_681",
  "user": "NPC-AI",
  "frame": "frame_681",
  "detected_objects": [
    {
      "cls": 1,
      "landing_status": -1,
      "top_left_x": 1002.4766845703125,
      "top_left_y": 73.57420349121094,
      "bottom_right_x": 1043.2215576171875,
      "bottom_right_y": 104.28764343261719
    },
    {
      "cls": 1,
      "landing_status": -1,
      "top_left_x": 1098.503662109375,
      "top_left_y": 46.272377014160156,
      "bottom_right_x": 1135.346435546875,
      "bottom_right_y": 82.6598892211914
    },
    {
      "cls": 1,
      "landing_status": -1,
      "top_left_x": 998.804443359375,
      "top_left_y": 38.920143127441406,
      "bottom_right_x": 1039.6722412109375,
      "bottom_right_y": 77.46806335449219
    }
  ],
  "detected_translations": [
    {
      "translation_x": -3.2354156494140627,
      "translation_y": 100.95423126220703
    }
  ]
}