{
  "id": "frame_1362",
  "user": "NPC-A\u0130",
  "frame": "frame_1362",
  "detected_objects": [
    {
      "cls": 1.0,
      "top_left_x": 1171.0655517578125,
      "top_left_y": 960.9597778320312,
      "bottom_right_x": 1198.6461181640625,
      "bottom_right_y": 1004.5028686523438
    }
  ],
  "detected_translations": [
    {
      "translation_x": 79.3821460723877,
      "translation_y": 16.846930694580077
    }
  ]
}