{
  "id": "frame_19",
  "user": "NPC-AI",
  "frame": "frame_19",
  "detected_objects": [
    {
      "cls": 1,
      "landing_status": -1,
      "top_left_x": 1280.469482421875,
      "top_left_y": 202.193603515625,
      "bottom_right_x": 1312.475341796875,
      "bottom_right_y": 233.9208984375
    },
    {
      "cls": 1,
      "landing_status": -1,
      "top_left_x": 1684.77734375,
      "top_left_y": 662.0363159179688,
      "bottom_right_x": 1716.5400390625,
      "bottom_right_y": 701.6052856445312
    },
    {
      "cls": 1,
      "landing_status": -1,
      "top_left_x": 1713.70458984375,
      "top_left_y": 684.1263427734375,
      "bottom_right_x": 1736.23486328125,
      "bottom_right_y": 705.2821044921875
    }
  ],
  "detected_translations": [
    {
      "translation_x": -0.17838134765625,
      "translation_y": 0.01943206787109375
    }
  ]
}