{
  "id": "frame_695",
  "user": "NPC-AI",
  "frame": "frame_695",
  "detected_objects": [
    {
      "cls": 1,
      "landing_status": -1,
      "top_left_x": 971.9075317382812,
      "top_left_y": 206.33935546875,
      "bottom_right_x": 1012.0888061523438,
      "bottom_right_y": 234.56549072265625
    },
    {
      "cls": 1,
      "landing_status": -1,
      "top_left_x": 1068.632568359375,
      "top_left_y": 181.59280395507812,
      "bottom_right_x": 1107.510986328125,
      "bottom_right_y": 212.18319702148438
    },
    {
      "cls": 1,
      "landing_status": -1,
      "top_left_x": 967.4462890625,
      "top_left_y": 173.57418823242188,
      "bottom_right_x": 1007.304931640625,
      "bottom_right_y": 205.53793334960938
    }
  ],
  "detected_translations": [
    {
      "translation_x": -3.3200469970703126,
      "translation_y": 104.67234649658204
    }
  ]
}