{
  "id": "frame_2697",
  "user": "NPC-A\u0130",
  "frame": "frame_2697",
  "detected_objects": [
    {
      "cls": 1.0,
      "top_left_x": 1884.42724609375,
      "top_left_y": 79.33123779296875,
      "bottom_right_x": 1920.0,
      "bottom_right_y": 113.983154296875
    }
  ],
  "detected_translations": [
    {
      "translation_x": -77.44671211242675,
      "translation_y": -30.598428344726564
    }
  ]
}