{
  "id": "frame_2008",
  "user": "NPC-AI",
  "frame": "frame_2008",
  "detected_objects": [
    {
      "cls": 0,
      "landing_status": -1,
      "top_left_x": 873.77197265625,
      "top_left_y": 920.3193359375,
      "bottom_right_x": 1091.435546875,
      "bottom_right_y": 1016.1512451171875
    },
    {
      "cls": 0,
      "landing_status": -1,
      "top_left_x": 9.930282592773438,
      "top_left_y": 891.50927734375,
      "bottom_right_x": 209.45001220703125,
      "bottom_right_y": 978.535888671875
    },
    {
      "cls": 0,
      "landing_status": -1,
      "top_left_x": 1883.0992431640625,
      "top_left_y": 998.6356201171875,
      "bottom_right_x": 1920.0,
      "bottom_right_y": 1080.0
    }
  ],
  "detected_translations": [
    {
      "translation_x": -2.0774234771728515,
      "translation_y": -58.28348922729492
    }
  ]
}