{
  "id": "frame_2675",
  "user": "NPC-A\u0130",
  "frame": "frame_2675",
  "detected_objects": [
    {
      "cls": 1.0,
      "top_left_x": 1838.827880859375,
      "top_left_y": 192.70677185058594,
      "bottom_right_x": 1889.543701171875,
      "bottom_right_y": 227.51756286621094
    },
    {
      "cls": 1.0,
      "top_left_x": 992.3945922851562,
      "top_left_y": 105.47430419921875,
      "bottom_right_x": 1020.6038208007812,
      "bottom_right_y": 150.70938110351562
    },
    {
      "cls": 1.0,
      "top_left_x": 1442.359130859375,
      "top_left_y": 70.206298828125,
      "bottom_right_x": 1466.381103515625,
      "bottom_right_y": 102.58892822265625
    }
  ],
  "detected_translations": [
    {
      "translation_x": -77.55117988586426,
      "translation_y": -27.74187316894531
    }
  ]
}