{
  "id": "frame_2695",
  "user": "NPC-A\u0130",
  "frame": "frame_2695",
  "detected_objects": [
    {
      "cls": 1.0,
      "top_left_x": 1878.4833984375,
      "top_left_y": 90.862548828125,
      "bottom_right_x": 1920.0,
      "bottom_right_y": 125.17678833007812
    }
  ],
  "detected_translations": [
    {
      "translation_x": -76.80851020812989,
      "translation_y": -30.318003845214843
    }
  ]
}