{
  "id": "frame_26",
  "user": "NPC-A\u0130",
  "frame": "frame_26",
  "detected_objects": [
    {
      "cls": 1.0,
      "top_left_x": 1283.050048828125,
      "top_left_y": 205.4295654296875,
      "bottom_right_x": 1315.962646484375,
      "bottom_right_y": 236.339111328125
    },
    {
      "cls": 1.0,
      "top_left_x": 1706.0577392578125,
      "top_left_y": 698.9168701171875,
      "bottom_right_x": 1736.9793701171875,
      "bottom_right_y": 719.5694580078125
    },
    {
      "cls": 1.0,
      "top_left_x": 1685.32470703125,
      "top_left_y": 679.9388427734375,
      "bottom_right_x": 1736.13525390625,
      "bottom_right_y": 718.1329345703125
    },
    {
      "cls": 1.0,
      "top_left_x": 1691.64990234375,
      "top_left_y": 691.4114990234375,
      "bottom_right_x": 1736.85791015625,
      "bottom_right_y": 719.26806640625
    }
  ],
  "detected_translations": [
    {
      "translation_x": -0.08514404296875,
      "translation_y": 0.1097198486328125
    }
  ]
}