{
  "id": "frame_2393",
  "user": "NPC-A\u0130",
  "frame": "frame_2393",
  "detected_objects": [
    {
      "cls": 1.0,
      "top_left_x": 120.66439819335938,
      "top_left_y": 517.9921875,
      "bottom_right_x": 168.1053466796875,
      "bottom_right_y": 540.31201171875
    }
  ],
  "detected_translations": [
    {
      "translation_x": -30.409567642211915,
      "translation_y": -14.402884674072265
    }
  ]
}