{
  "id": "frame_3309",
  "user": "NPC-A\u0130",
  "frame": "frame_3309",
  "detected_objects": [
    {
      "cls": 1.0,
      "top_left_x": 823.8228759765625,
      "top_left_y": 263.0688171386719,
      "bottom_right_x": 857.9124755859375,
      "bottom_right_y": 303.4054870605469
    }
  ],
  "detected_translations": [
    {
      "translation_x": 29.26741142272949,
      "translation_y": -36.45252990722656
    }
  ]
}