{
  "id": "frame_925",
  "user": "NPC-AI",
  "frame": "frame_925",
  "detected_objects": [
    {
      "cls": 0,
      "landing_status": -1,
      "top_left_x": 329.4620666503906,
      "top_left_y": 5.770660400390625,
      "bottom_right_x": 426.0959777832031,
      "bottom_right_y": 186.38107299804688
    },
    {
      "cls": 1,
      "landing_status": -1,
      "top_left_x": 654.375,
      "top_left_y": 259.627197265625,
      "bottom_right_x": 700.767333984375,
      "bottom_right_y": 294.274658203125
    },
    {
      "cls": 1,
      "landing_status": -1,
      "top_left_x": 940.9898681640625,
      "top_left_y": 787.9981689453125,
      "bottom_right_x": 972.8812255859375,
      "bottom_right_y": 831.3153076171875
    }
  ],
  "detected_translations": [
    {
      "translation_x": 39.14521789550781,
      "translation_y": 115.91621246337891
    }
  ]
}