{
  "id": "frame_924",
  "user": "NPC-AI",
  "frame": "frame_924",
  "detected_objects": [
    {
      "cls": 0,
      "landing_status": -1,
      "top_left_x": 342.76361083984375,
      "top_left_y": 4.9933624267578125,
      "bottom_right_x": 439.13726806640625,
      "bottom_right_y": 185.5172882080078
    },
    {
      "cls": 1,
      "landing_status": -1,
      "top_left_x": 666.5936889648438,
      "top_left_y": 258.13739013671875,
      "bottom_right_x": 708.9959106445312,
      "bottom_right_y": 293.27044677734375
    },
    {
      "cls": 1,
      "landing_status": -1,
      "top_left_x": 954.548828125,
      "top_left_y": 786.697265625,
      "bottom_right_x": 986.575927734375,
      "bottom_right_y": 830.384033203125
    }
  ],
  "detected_translations": [
    {
      "translation_x": 38.823960876464845,
      "translation_y": 115.93591918945313
    }
  ]
}