{
  "id": "frame_761",
  "user": "NPC-A\u0130",
  "frame": "frame_761",
  "detected_objects": [
    {
      "cls": 1.0,
      "top_left_x": 805.7684326171875,
      "top_left_y": 454.0224609375,
      "bottom_right_x": 835.3804931640625,
      "bottom_right_y": 481.583251953125
    },
    {
      "cls": 1.0,
      "top_left_x": 930.3873291015625,
      "top_left_y": 470.8846435546875,
      "bottom_right_x": 955.36279296875,
      "bottom_right_y": 496.81097412109375
    }
  ],
  "detected_translations": [
    {
      "translation_x": -1.6443023681640625,
      "translation_y": 111.82230987548829
    }
  ]
}