{
  "id": "frame_1349",
  "user": "NPC-A\u0130",
  "frame": "frame_1349",
  "detected_objects": [
    {
      "cls": 1.0,
      "top_left_x": 1176.505859375,
      "top_left_y": 222.12667846679688,
      "bottom_right_x": 1210.8984375,
      "bottom_right_y": 256.8490295410156
    },
    {
      "cls": 1.0,
      "top_left_x": 1148.670166015625,
      "top_left_y": 235.2820281982422,
      "bottom_right_x": 1176.844970703125,
      "bottom_right_y": 268.97528076171875
    }
  ],
  "detected_translations": [
    {
      "translation_x": 79.06114082336425,
      "translation_y": 21.42673568725586
    }
  ]
}