{
  "id": "frame_2619",
  "user": "NPC-A\u0130",
  "frame": "frame_2619",
  "detected_objects": [
    {
      "cls": 1.0,
      "top_left_x": 1755.9285888671875,
      "top_left_y": 496.99169921875,
      "bottom_right_x": 1795.9595947265625,
      "bottom_right_y": 518.731689453125
    },
    {
      "cls": 1.0,
      "top_left_x": 770.6119384765625,
      "top_left_y": 326.5654296875,
      "bottom_right_x": 795.53173828125,
      "bottom_right_y": 360.9381103515625
    },
    {
      "cls": 1.0,
      "top_left_x": 699.703125,
      "top_left_y": 333.0126953125,
      "bottom_right_x": 723.62060546875,
      "bottom_right_y": 362.6160888671875
    },
    {
      "cls": 1.0,
      "top_left_x": 924.087646484375,
      "top_left_y": 59.70412826538086,
      "bottom_right_x": 942.14599609375,
      "bottom_right_y": 86.50564575195312
    }
  ],
  "detected_translations": [
    {
      "translation_x": -71.01089057922363,
      "translation_y": -20.867224884033202
    }
  ]
}