{
  "id": "frame_217",
  "user": "NPC-A\u0130",
  "frame": "frame_217",
  "detected_objects": [
    {
      "cls": 1.0,
      "top_left_x": 1353.2886962890625,
      "top_left_y": 737.613037109375,
      "bottom_right_x": 1390.5728759765625,
      "bottom_right_y": 767.473876953125
    }
  ],
  "detected_translations": [
    {
      "translation_x": -0.46195068359375,
      "translation_y": 11.067831420898438
    }
  ]
}