{
  "id": "frame_1431",
  "user": "NPC-AI",
  "frame": "frame_1431",
  "detected_objects": [
    {
      "cls": 1,
      "landing_status": -1,
      "top_left_x": 467.02154541015625,
      "top_left_y": 817.1463623046875,
      "bottom_right_x": 514.253173828125,
      "bottom_right_y": 845.7252197265625
    },
    {
      "cls": 1,
      "landing_status": -1,
      "top_left_x": 470.2921142578125,
      "top_left_y": 843.1943359375,
      "bottom_right_x": 516.6351318359375,
      "bottom_right_y": 874.377197265625
    }
  ],
  "detected_translations": [
    {
      "translation_x": 78.17517127990723,
      "translation_y": -9.065398406982421
    }
  ]
}