{
  "id": "frame_1429",
  "user": "NPC-A\u0130",
  "frame": "frame_1429",
  "detected_objects": [
    {
      "cls": 1.0,
      "top_left_x": 470.537353515625,
      "top_left_y": 849.470458984375,
      "bottom_right_x": 513.9622802734375,
      "bottom_right_y": 878.711181640625
    }
  ],
  "detected_translations": [
    {
      "translation_x": 78.09392738342285,
      "translation_y": -8.28479461669922
    }
  ]
}