{
  "id": "frame_1118",
  "user": "NPC-AI",
  "frame": "frame_1118",
  "detected_objects": [
    {
      "cls": 0,
      "landing_status": -1,
      "top_left_x": 320.7105712890625,
      "top_left_y": 293.747802734375,
      "bottom_right_x": 421.777099609375,
      "bottom_right_y": 526.7080688476562
    },
    {
      "cls": 0,
      "landing_status": -1,
      "top_left_x": 176.82611083984375,
      "top_left_y": 9.557586669921875,
      "bottom_right_x": 391.462158203125,
      "bottom_right_y": 112.91983032226562
    }
  ],
  "detected_translations": [
    {
      "translation_x": 81.98763885498047,
      "translation_y": 104.20198364257813
    }
  ]
}