{
  "id": "frame_165",
  "user": "NPC-AI",
  "frame": "frame_165",
  "detected_objects": [
    {
      "cls": 1,
      "landing_status": -1,
      "top_left_x": 1340.929443359375,
      "top_left_y": 529.7216796875,
      "bottom_right_x": 1377.230224609375,
      "bottom_right_y": 557.6964111328125
    }
  ],
  "detected_translations": [
    {
      "translation_x": -0.1687255859375,
      "translation_y": 7.065165710449219
    }
  ]
}