{
  "id": "frame_272",
  "user": "NPC-A\u0130",
  "frame": "frame_272",
  "detected_objects": [
    {
      "cls": 1.0,
      "top_left_x": 1364.13720703125,
      "top_left_y": 932.129150390625,
      "bottom_right_x": 1398.97265625,
      "bottom_right_y": 968.848388671875
    }
  ],
  "detected_translations": [
    {
      "translation_x": -0.295452880859375,
      "translation_y": 15.746082305908203
    }
  ]
}