{
  "id": "frame_2392",
  "user": "NPC-A\u0130",
  "frame": "frame_2392",
  "detected_objects": [
    {
      "cls": 1.0,
      "top_left_x": 111.43770599365234,
      "top_left_y": 516.757080078125,
      "bottom_right_x": 157.55361938476562,
      "bottom_right_y": 537.816162109375
    }
  ],
  "detected_translations": [
    {
      "translation_x": -30.175778579711913,
      "translation_y": -14.370030212402344
    }
  ]
}