{
  "id": "frame_1454",
  "user": "NPC-A\u0130",
  "frame": "frame_1454",
  "detected_objects": [
    {
      "cls": 1.0,
      "top_left_x": 422.8983154296875,
      "top_left_y": 458.0225830078125,
      "bottom_right_x": 462.950927734375,
      "bottom_right_y": 484.9139404296875
    }
  ],
  "detected_translations": [
    {
      "translation_x": 77.77516441345215,
      "translation_y": -17.76446990966797
    }
  ]
}