{
  "id": "frame_187",
  "user": "NPC-AI",
  "frame": "frame_187",
  "detected_objects": [
    {
      "cls": 1,
      "landing_status": -1,
      "top_left_x": 1347.0247802734375,
      "top_left_y": 621.2208251953125,
      "bottom_right_x": 1383.9337158203125,
      "bottom_right_y": 650.763916015625
    }
  ],
  "detected_translations": [
    {
      "translation_x": 0.2299285888671875,
      "translation_y": 8.856884002685547
    }
  ]
}