{
  "id": "frame_161",
  "user": "NPC-AI",
  "frame": "frame_161",
  "detected_objects": [
    {
      "cls": 1,
      "landing_status": -1,
      "top_left_x": 1339.6492919921875,
      "top_left_y": 512.790283203125,
      "bottom_right_x": 1376.3470458984375,
      "bottom_right_y": 540.94091796875
    }
  ],
  "detected_translations": [
    {
      "translation_x": -0.1206878662109375,
      "translation_y": 6.707225799560547
    }
  ]
}