{
  "id": "frame_2663",
  "user": "NPC-A\u0130",
  "frame": "frame_2663",
  "detected_objects": [
    {
      "cls": 1.0,
      "top_left_x": 903.7374267578125,
      "top_left_y": 47.74587631225586,
      "bottom_right_x": 934.3018798828125,
      "bottom_right_y": 72.294677734375
    },
    {
      "cls": 1.0,
      "top_left_x": 908.399169921875,
      "top_left_y": 175.33883666992188,
      "bottom_right_x": 946.2880859375,
      "bottom_right_y": 197.88351440429688
    },
    {
      "cls": 1.0,
      "top_left_x": 1169.5540771484375,
      "top_left_y": 33.98712158203125,
      "bottom_right_x": 1193.4967041015625,
      "bottom_right_y": 65.52267456054688
    },
    {
      "cls": 1.0,
      "top_left_x": 1821.86572265625,
      "top_left_y": 256.82952880859375,
      "bottom_right_x": 1867.660400390625,
      "bottom_right_y": 283.25054931640625
    }
  ],
  "detected_translations": [
    {
      "translation_x": -77.04740943908692,
      "translation_y": -26.269741821289063
    }
  ]
}