{
  "id": "frame_1340",
  "user": "NPC-AI",
  "frame": "frame_1340",
  "detected_objects": [
    {
      "cls": 1,
      "landing_status": -1,
      "top_left_x": 1177.234619140625,
      "top_left_y": 370.431640625,
      "bottom_right_x": 1202.077392578125,
      "bottom_right_y": 408.98583984375
    },
    {
      "cls": 1,
      "landing_status": -1,
      "top_left_x": 1145.615234375,
      "top_left_y": 379.78173828125,
      "bottom_right_x": 1172.0224609375,
      "bottom_right_y": 401.7529296875
    }
  ],
  "detected_translations": [
    {
      "translation_x": 78.7498935699463,
      "translation_y": 24.46978759765625
    }
  ]
}