{
  "id": "frame_1432",
  "user": "NPC-AI",
  "frame": "frame_1432",
  "detected_objects": [
    {
      "cls": 1,
      "landing_status": -1,
      "top_left_x": 464.466796875,
      "top_left_y": 801.6141967773438,
      "bottom_right_x": 513.1830444335938,
      "bottom_right_y": 830.0706176757812
    },
    {
      "cls": 1,
      "landing_status": -1,
      "top_left_x": 468.99896240234375,
      "top_left_y": 827.055908203125,
      "bottom_right_x": 513.1066284179688,
      "bottom_right_y": 858.096435546875
    }
  ],
  "detected_translations": [
    {
      "translation_x": 78.11326026916504,
      "translation_y": -9.520741271972657
    }
  ]
}