{
  "id": "frame_699",
  "user": "NPC-AI",
  "frame": "frame_699",
  "detected_objects": [
    {
      "cls": 1,
      "landing_status": -1,
      "top_left_x": 970.0411376953125,
      "top_left_y": 240.4420928955078,
      "bottom_right_x": 1001.1573486328125,
      "bottom_right_y": 267.53729248046875
    },
    {
      "cls": 1,
      "landing_status": -1,
      "top_left_x": 965.247802734375,
      "top_left_y": 208.24853515625,
      "bottom_right_x": 993.509033203125,
      "bottom_right_y": 237.57571411132812
    },
    {
      "cls": 1,
      "landing_status": -1,
      "top_left_x": 1067.04638671875,
      "top_left_y": 216.38568115234375,
      "bottom_right_x": 1095.81982421875,
      "bottom_right_y": 245.1104736328125
    }
  ],
  "detected_translations": [
    {
      "translation_x": -3.108807373046875,
      "translation_y": 105.68421020507813
    }
  ]
}