{
  "id": "frame_2515",
  "user": "NPC-A\u0130",
  "frame": "frame_2515",
  "detected_objects": [
    {
      "cls": 1.0,
      "top_left_x": 847.25732421875,
      "top_left_y": 754.7044677734375,
      "bottom_right_x": 873.469970703125,
      "bottom_right_y": 778.2015380859375
    },
    {
      "cls": 1.0,
      "top_left_x": 724.8143310546875,
      "top_left_y": 816.8494873046875,
      "bottom_right_x": 754.6502685546875,
      "bottom_right_y": 845.0888671875
    },
    {
      "cls": 1.0,
      "top_left_x": 800.9691162109375,
      "top_left_y": 634.2216796875,
      "bottom_right_x": 833.0260009765625,
      "bottom_right_y": 654.43896484375
    },
    {
      "cls": 1.0,
      "top_left_x": 518.1507568359375,
      "top_left_y": 529.0455322265625,
      "bottom_right_x": 542.4964599609375,
      "bottom_right_y": 551.877197265625
    }
  ],
  "detected_translations": [
    {
      "translation_x": -62.20508003234863,
      "translation_y": -12.197359466552735
    }
  ]
}