{
  "id": "frame_3246",
  "user": "NPC-AI",
  "frame": "frame_3246",
  "detected_objects": [
    {
      "cls": 1,
      "landing_status": -1,
      "top_left_x": 1799.965576171875,
      "top_left_y": 74.55746459960938,
      "bottom_right_x": 1858.313232421875,
      "bottom_right_y": 122.41865539550781
    },
    {
      "cls": 1,
      "landing_status": -1,
      "top_left_x": 1383.010009765625,
      "top_left_y": 184.55990600585938,
      "bottom_right_x": 1437.924560546875,
      "bottom_right_y": 214.11129760742188
    }
  ],
  "detected_translations": [
    {
      "translation_x": 7.276302719116211,
      "translation_y": -37.84541320800781
    }
  ]
}