{
  "id": "frame_63",
  "user": "NPC-AI",
  "frame": "frame_63",
  "detected_objects": [
    {
      "cls": 1,
      "landing_status": -1,
      "top_left_x": 1300.60546875,
      "top_left_y": 212.65371704101562,
      "bottom_right_x": 1333.8984375,
      "bottom_right_y": 246.43499755859375
    },
    {
      "cls": 1,
      "landing_status": -1,
      "top_left_x": 1696.0615234375,
      "top_left_y": 781.095947265625,
      "bottom_right_x": 1747.06396484375,
      "bottom_right_y": 815.6688232421875
    }
  ],
  "detected_translations": [
    {
      "translation_x": 0.1489776611328125,
      "translation_y": 0.610076904296875
    }
  ]
}