{
  "id": "frame_182",
  "user": "NPC-AI",
  "frame": "frame_182",
  "detected_objects": [
    {
      "cls": 1,
      "landing_status": -1,
      "top_left_x": 1345.958251953125,
      "top_left_y": 601.34765625,
      "bottom_right_x": 1382.181640625,
      "bottom_right_y": 630.0830078125
    },
    {
      "cls": 1,
      "landing_status": -1,
      "top_left_x": 1506.88232421875,
      "top_left_y": 964.580810546875,
      "bottom_right_x": 1539.684326171875,
      "bottom_right_y": 999.25830078125
    }
  ],
  "detected_translations": [
    {
      "translation_x": 0.010528564453125,
      "translation_y": 8.496163177490235
    }
  ]
}