{
  "id": "frame_3258",
  "user": "NPC-A\u0130",
  "frame": "frame_3258",
  "detected_objects": [
    {
      "cls": 1.0,
      "top_left_x": 1609.803466796875,
      "top_left_y": 113.00798797607422,
      "bottom_right_x": 1658.400146484375,
      "bottom_right_y": 148.2904052734375
    }
  ],
  "detected_translations": [
    {
      "translation_x": 11.319848251342773,
      "translation_y": -37.533695983886716
    }
  ]
}