{
  "id": "frame_865",
  "user": "NPC-A\u0130",
  "frame": "frame_865",
  "detected_objects": [
    {
      "cls": 0.0,
      "top_left_x": 717.0340576171875,
      "top_left_y": 303.6517333984375,
      "bottom_right_x": 908.7384033203125,
      "bottom_right_y": 390.32275390625
    },
    {
      "cls": 0.0,
      "top_left_x": 1074.1788330078125,
      "top_left_y": 0.0,
      "bottom_right_x": 1155.5123291015625,
      "bottom_right_y": 142.06263732910156
    }
  ],
  "detected_translations": [
    {
      "translation_x": 19.899737548828124,
      "translation_y": 113.98809204101562
    }
  ]
}