{
  "id": "frame_2554",
  "user": "NPC-A\u0130",
  "frame": "frame_2554",
  "detected_objects": [
    {
      "cls": 1.0,
      "top_left_x": 1619.9189453125,
      "top_left_y": 765.76611328125,
      "bottom_right_x": 1652.23046875,
      "bottom_right_y": 797.33544921875
    },
    {
      "cls": 1.0,
      "top_left_x": 657.6868896484375,
      "top_left_y": 532.9383544921875,
      "bottom_right_x": 683.0240478515625,
      "bottom_right_y": 551.6815185546875
    },
    {
      "cls": 2.0,
      "top_left_x": 0.0,
      "top_left_y": 859.0203857421875,
      "bottom_right_x": 369.29803466796875,
      "bottom_right_y": 1080.0
    },
    {
      "cls": 1.0,
      "top_left_x": 899.2847900390625,
      "top_left_y": 440.64959716796875,
      "bottom_right_x": 929.198486328125,
      "bottom_right_y": 461.93072509765625
    }
  ],
  "detected_translations": [
    {
      "translation_x": -67.58040657043458,
      "translation_y": -13.86825180053711
    }
  ]
}