{
  "id": "frame_2703",
  "user": "NPC-A\u0130",
  "frame": "frame_2703",
  "detected_objects": [
    {
      "cls": 1.0,
      "top_left_x": 1886.047607421875,
      "top_left_y": 50.865203857421875,
      "bottom_right_x": 1920.0,
      "bottom_right_y": 76.86436462402344
    }
  ],
  "detected_translations": [
    {
      "translation_x": -78.4769229888916,
      "translation_y": -31.68041534423828
    }
  ]
}