{
  "id": "frame_1563",
  "user": "NPC-AI",
  "frame": "frame_1563",
  "detected_objects": [
    {
      "cls": 1,
      "landing_status": -1,
      "top_left_x": 1792.4013671875,
      "top_left_y": 1003.731689453125,
      "bottom_right_x": 1848.46826171875,
      "bottom_right_y": 1044.893310546875
    },
    {
      "cls": 1,
      "landing_status": -1,
      "top_left_x": 558.56982421875,
      "top_left_y": 578.9395751953125,
      "bottom_right_x": 593.6339111328125,
      "bottom_right_y": 615.1197509765625
    },
    {
      "cls": 1,
      "landing_status": -1,
      "top_left_x": 74.16677856445312,
      "top_left_y": 1019.0913696289062,
      "bottom_right_x": 143.49700927734375,
      "bottom_right_y": 1057.5693359375
    }
  ],
  "detected_translations": [
    {
      "translation_x": 78.35872611999511,
      "translation_y": -56.81155548095703
    }
  ]
}