{
  "id": "frame_110",
  "user": "NPC-AI",
  "frame": "frame_110",
  "detected_objects": [
    {
      "cls": 1,
      "landing_status": -1,
      "top_left_x": 1717.88720703125,
      "top_left_y": 966.9091796875,
      "bottom_right_x": 1771.46875,
      "bottom_right_y": 1012.820556640625
    }
  ],
  "detected_translations": [
    {
      "translation_x": 0.2867279052734375,
      "translation_y": 1.9145980834960938
    }
  ]
}