{
  "id": "frame_18",
  "user": "NPC-AI",
  "frame": "frame_18",
  "detected_objects": [
    {
      "cls": 1,
      "landing_status": -1,
      "top_left_x": 1280.057373046875,
      "top_left_y": 201.38082885742188,
      "bottom_right_x": 1312.158447265625,
      "bottom_right_y": 233.59957885742188
    },
    {
      "cls": 1,
      "landing_status": -1,
      "top_left_x": 1683.884033203125,
      "top_left_y": 661.274658203125,
      "bottom_right_x": 1717.554443359375,
      "bottom_right_y": 697.6905517578125
    },
    {
      "cls": 1,
      "landing_status": -1,
      "top_left_x": 1715.2802734375,
      "top_left_y": 681.5250244140625,
      "bottom_right_x": 1736.134765625,
      "bottom_right_y": 703.3209228515625
    }
  ],
  "detected_translations": [
    {
      "translation_x": -0.1513519287109375,
      "translation_y": 0.04627685546875
    }
  ]
}