{
  "id": "frame_896",
  "user": "NPC-AI",
  "frame": "frame_896",
  "detected_objects": [
    {
      "cls": 0,
      "landing_status": -1,
      "top_left_x": 41.789390563964844,
      "top_left_y": 306.4662780761719,
      "bottom_right_x": 229.27853393554688,
      "bottom_right_y": 393.1011657714844
    },
    {
      "cls": 0,
      "landing_status": -1,
      "top_left_x": 704.2877197265625,
      "top_left_y": 0.0,
      "bottom_right_x": 791.2366943359375,
      "bottom_right_y": 160.27685546875
    },
    {
      "cls": 0,
      "landing_status": -1,
      "top_left_x": 776.8665161132812,
      "top_left_y": 994.4324951171875,
      "bottom_right_x": 858.6445922851562,
      "bottom_right_y": 1077.4378662109375
    },
    {
      "cls": 1,
      "landing_status": -1,
      "top_left_x": 970.1563720703125,
      "top_left_y": 233.33154296875,
      "bottom_right_x": 1013.0693359375,
      "bottom_right_y": 267.57476806640625
    }
  ],
  "detected_translations": [
    {
      "translation_x": 29.866004943847656,
      "translation_y": 114.83594665527343
    }
  ]
}