{
  "id": "frame_0529",
  "user": "NPC-AI",
  "frame": "frame_0529",
  "detected_objects": [
    {
      "cls": 2,
      "landing_status": 1,
      "top_left_x": 643.4810791015625,
      "top_left_y": 20.8603515625,
      "bottom_right_x": 772.8294677734375,
      "bottom_right_y": 125.81147766113281
    },
    {
      "cls": 1,
      "landing_status": -1,
      "top_left_x": 1826.851806640625,
      "top_left_y": 642.2404174804688,
      "bottom_right_x": 1869.228759765625,
      "bottom_right_y": 674.6766967773438
    },
    {
      "cls": 1,
      "landing_status": -1,
      "top_left_x": 1188.9635009765625,
      "top_left_y": 159.56707763671875,
      "bottom_right_x": 1211.0472412109375,
      "bottom_right_y": 200.52471923828125
    }
  ],
  "detected_translations": [
    {
      "translation_x": -0.326800537109375,
      "translation_y": 1.0984107971191406
    }
  ]
}