{
  "id": "frame_80",
  "user": "NPC-AI",
  "frame": "frame_80",
  "detected_objects": [
    {
      "cls": 1,
      "landing_status": -1,
      "top_left_x": 1308.471923828125,
      "top_left_y": 221.8919677734375,
      "bottom_right_x": 1343.159912109375,
      "bottom_right_y": 255.0596923828125
    }
  ],
  "detected_translations": [
    {
      "translation_x": 0.0395416259765625,
      "translation_y": 0.7922882080078125
    }
  ]
}