{
  "id": "frame_173",
  "user": "NPC-AI",
  "frame": "frame_173",
  "detected_objects": [
    {
      "cls": 1,
      "landing_status": -1,
      "top_left_x": 1343.1424560546875,
      "top_left_y": 564.1015625,
      "bottom_right_x": 1380.0889892578125,
      "bottom_right_y": 592.1630859375
    }
  ],
  "detected_translations": [
    {
      "translation_x": -0.364215087890625,
      "translation_y": 7.547371673583984
    }
  ]
}