{
  "id": "frame_1478",
  "user": "NPC-AI",
  "frame": "frame_1478",
  "detected_objects": [
    {
      "cls": 1,
      "landing_status": -1,
      "top_left_x": 368.57672119140625,
      "top_left_y": 78.72525024414062,
      "bottom_right_x": 422.13800048828125,
      "bottom_right_y": 114.83673095703125
    },
    {
      "cls": 1,
      "landing_status": -1,
      "top_left_x": 374.8609313964844,
      "top_left_y": 103.79791259765625,
      "bottom_right_x": 427.5977478027344,
      "bottom_right_y": 143.7686309814453
    }
  ],
  "detected_translations": [
    {
      "translation_x": 78.05985069274902,
      "translation_y": -26.991893005371093
    }
  ]
}