{
  "id": "frame_166",
  "user": "NPC-AI",
  "frame": "frame_166",
  "detected_objects": [
    {
      "cls": 1,
      "landing_status": -1,
      "top_left_x": 1341.1298828125,
      "top_left_y": 534.091796875,
      "bottom_right_x": 1377.64404296875,
      "bottom_right_y": 562.354248046875
    }
  ],
  "detected_translations": [
    {
      "translation_x": -0.2312896728515625,
      "translation_y": 7.13304443359375
    }
  ]
}