{
  "id": "frame_550",
  "user": "NPC-AI",
  "frame": "frame_550",
  "detected_objects": [
    {
      "cls": 0,
      "landing_status": -1,
      "top_left_x": 1776.14599609375,
      "top_left_y": 374.0972900390625,
      "bottom_right_x": 1920.0,
      "bottom_right_y": 457.5238037109375
    }
  ],
  "detected_translations": [
    {
      "translation_x": -1.9760177612304688,
      "translation_y": 70.386474609375
    }
  ]
}