{
  "id": "frame_10",
  "user": "NPC-AI",
  "frame": "frame_10",
  "detected_objects": [
    {
      "cls": 1,
      "landing_status": -1,
      "top_left_x": 1275.56591796875,
      "top_left_y": 197.03880310058594,
      "bottom_right_x": 1307.74365234375,
      "bottom_right_y": 230.32090759277344
    }
  ],
  "detected_translations": [
    {
      "translation_x": 0.0728057861328125,
      "translation_y": 0.2364715576171875
    }
  ]
}