{
  "id": "frame_1128",
  "user": "NPC-A\u0130",
  "frame": "frame_1128",
  "detected_objects": [
    {
      "cls": 0.0,
      "top_left_x": 318.7088623046875,
      "top_left_y": 191.8248291015625,
      "bottom_right_x": 421.029541015625,
      "bottom_right_y": 435.12420654296875
    }
  ],
  "detected_translations": [
    {
      "translation_x": 81.94829635620117,
      "translation_y": 101.57770690917968
    }
  ]
}