{
  "id": "frame_155",
  "user": "NPC-A\u0130",
  "frame": "frame_155",
  "detected_objects": [
    {
      "cls": 1.0,
      "top_left_x": 1337.578369140625,
      "top_left_y": 487.0277099609375,
      "bottom_right_x": 1375.24658203125,
      "bottom_right_y": 516.90087890625
    }
  ],
  "detected_translations": [
    {
      "translation_x": -0.00986328125,
      "translation_y": 6.297119140625
    }
  ]
}