{
  "id": "frame_3297",
  "user": "NPC-A\u0130",
  "frame": "frame_3297",
  "detected_objects": [
    {
      "cls": 1.0,
      "top_left_x": 999.2139892578125,
      "top_left_y": 232.63424682617188,
      "bottom_right_x": 1036.3043212890625,
      "bottom_right_y": 272.9451599121094
    }
  ],
  "detected_translations": [
    {
      "translation_x": 25.0379207611084,
      "translation_y": -36.38597869873047
    }
  ]
}