{
  "id": "frame_1350",
  "user": "NPC-AI",
  "frame": "frame_1350",
  "detected_objects": [
    {
      "cls": 1,
      "landing_status": -1,
      "top_left_x": 1149.7353515625,
      "top_left_y": 218.01568603515625,
      "bottom_right_x": 1177.21484375,
      "bottom_right_y": 250.34637451171875
    },
    {
      "cls": 0,
      "landing_status": -1,
      "top_left_x": 878.494384765625,
      "top_left_y": 930.5577392578125,
      "bottom_right_x": 907.0433349609375,
      "bottom_right_y": 1015.4176025390625
    },
    {
      "cls": 1,
      "landing_status": -1,
      "top_left_x": 1179.500244140625,
      "top_left_y": 204.40924072265625,
      "bottom_right_x": 1210.78857421875,
      "bottom_right_y": 245.78164672851562
    }
  ],
  "detected_translations": [
    {
      "translation_x": 79.13669319152832,
      "translation_y": 21.075716400146483
    }
  ]
}