{
  "id": "frame_297",
  "user": "NPC-A\u0130",
  "frame": "frame_297",
  "detected_objects": [
    {
      "cls": 1.0,
      "top_left_x": 1383.3919677734375,
      "top_left_y": 1056.1884765625,
      "bottom_right_x": 1403.0989990234375,
      "bottom_right_y": 1077.7412109375
    }
  ],
  "detected_translations": [
    {
      "translation_x": -0.8771209716796875,
      "translation_y": 18.125368499755858
    }
  ]
}