{
  "id": "frame_867",
  "user": "NPC-AI",
  "frame": "frame_867",
  "detected_objects": [
    {
      "cls": 0,
      "landing_status": -1,
      "top_left_x": 1049.71044921875,
      "top_left_y": 0.0,
      "bottom_right_x": 1131.36572265625,
      "bottom_right_y": 143.37741088867188
    },
    {
      "cls": 0,
      "landing_status": -1,
      "top_left_x": 673.7320556640625,
      "top_left_y": 303.43450927734375,
      "bottom_right_x": 865.6363525390625,
      "bottom_right_y": 390.243408203125
    },
    {
      "cls": 1,
      "landing_status": -1,
      "top_left_x": 1250.39599609375,
      "top_left_y": 217.99774169921875,
      "bottom_right_x": 1296.85400390625,
      "bottom_right_y": 254.5404052734375
    },
    {
      "cls": 0,
      "landing_status": -1,
      "top_left_x": 1121.086669921875,
      "top_left_y": 975.1412353515625,
      "bottom_right_x": 1203.64892578125,
      "bottom_right_y": 1078.6068115234375
    }
  ],
  "detected_translations": [
    {
      "translation_x": 20.613238525390624,
      "translation_y": 113.91702880859376
    }
  ]
}