{
  "id": "frame_709",
  "user": "NPC-AI",
  "frame": "frame_709",
  "detected_objects": [
    {
      "cls": 1,
      "landing_status": -1,
      "top_left_x": 1038.224853515625,
      "top_left_y": 293.0190734863281,
      "bottom_right_x": 1077.097412109375,
      "bottom_right_y": 321.7072448730469
    },
    {
      "cls": 1,
      "landing_status": -1,
      "top_left_x": 936.1051025390625,
      "top_left_y": 281.28936767578125,
      "bottom_right_x": 975.4622802734375,
      "bottom_right_y": 310.34906005859375
    },
    {
      "cls": 1,
      "landing_status": -1,
      "top_left_x": 941.8887939453125,
      "top_left_y": 314.99176025390625,
      "bottom_right_x": 981.5911865234375,
      "bottom_right_y": 340.17132568359375
    }
  ],
  "detected_translations": [
    {
      "translation_x": -3.036767578125,
      "translation_y": 107.51078186035156
    }
  ]
}