{
  "id": "frame_1153",
  "user": "NPC-AI",
  "frame": "frame_1153",
  "detected_objects": [
    {
      "cls": 0,
      "landing_status": -1,
      "top_left_x": 323.1802978515625,
      "top_left_y": 0.6785888671875,
      "bottom_right_x": 420.344482421875,
      "bottom_right_y": 151.07977294921875
    }
  ],
  "detected_translations": [
    {
      "translation_x": 81.27402877807617,
      "translation_y": 93.82121963500977
    }
  ]
}