{
  "id": "frame_242",
  "user": "NPC-A\u0130",
  "frame": "frame_242",
  "detected_objects": [
    {
      "cls": 1.0,
      "top_left_x": 1358.425048828125,
      "top_left_y": 825.6569213867188,
      "bottom_right_x": 1393.996337890625,
      "bottom_right_y": 858.7650756835938
    }
  ],
  "detected_translations": [
    {
      "translation_x": -0.716375732421875,
      "translation_y": 13.28737564086914
    }
  ]
}