{
  "id": "frame_111",
  "user": "NPC-AI",
  "frame": "frame_111",
  "detected_objects": [
    {
      "cls": 1,
      "landing_status": -1,
      "top_left_x": 1717.42822265625,
      "top_left_y": 974.5006103515625,
      "bottom_right_x": 1772.1083984375,
      "bottom_right_y": 1018.35693359375
    }
  ],
  "detected_translations": [
    {
      "translation_x": 0.2268768310546875,
      "translation_y": 1.8924728393554688
    }
  ]
}