{
  "id": "frame_2302",
  "user": "NPC-A\u0130",
  "frame": "frame_2302",
  "detected_objects": [
    {
      "cls": 1.0,
      "top_left_x": 26.620296478271484,
      "top_left_y": 153.35726928710938,
      "bottom_right_x": 50.45552444458008,
      "bottom_right_y": 172.65493774414062
    }
  ],
  "detected_translations": [
    {
      "translation_x": -9.267802810668945,
      "translation_y": -14.378262329101563
    }
  ]
}