{
  "id": "frame_100",
  "user": "NPC-A\u0130",
  "frame": "frame_100",
  "detected_objects": [
    {
      "cls": 1.0,
      "top_left_x": 1737.240478515625,
      "top_left_y": 937.42529296875,
      "bottom_right_x": 1767.038818359375,
      "bottom_right_y": 954.824462890625
    }
  ],
  "detected_translations": [
    {
      "translation_x": 0.34378662109375,
      "translation_y": 1.2322601318359374
    }
  ]
}