{
  "id": "frame_3292",
  "user": "NPC-AI",
  "frame": "frame_3292",
  "detected_objects": [
    {
      "cls": 1,
      "landing_status": -1,
      "top_left_x": 1077.1767578125,
      "top_left_y": 221.19546508789062,
      "bottom_right_x": 1111.354248046875,
      "bottom_right_y": 265.7579650878906
    },
    {
      "cls": 1,
      "landing_status": -1,
      "top_left_x": 694.6897583007812,
      "top_left_y": 215.75347900390625,
      "bottom_right_x": 731.6063842773438,
      "bottom_right_y": 242.92257690429688
    }
  ],
  "detected_translations": [
    {
      "translation_x": 23.22345390319824,
      "translation_y": -36.371577453613284
    }
  ]
}