{
  "id": "frame_539",
  "user": "NPC-A\u0130",
  "frame": "frame_539",
  "detected_objects": [
    {
      "cls": 0.0,
      "top_left_x": 1778.800537109375,
      "top_left_y": 251.72230529785156,
      "bottom_right_x": 1920.0,
      "bottom_right_y": 336.412841796875
    }
  ],
  "detected_translations": [
    {
      "translation_x": -2.1906097412109373,
      "translation_y": 68.14779891967774
    }
  ]
}