{
  "id": "frame_256",
  "user": "NPC-A\u0130",
  "frame": "frame_256",
  "detected_objects": [
    {
      "cls": 1.0,
      "top_left_x": 1360.830078125,
      "top_left_y": 874.3712768554688,
      "bottom_right_x": 1396.552734375,
      "bottom_right_y": 908.5736694335938
    }
  ],
  "detected_translations": [
    {
      "translation_x": -0.83634033203125,
      "translation_y": 14.382781982421875
    }
  ]
}