{
  "id": "frame_201",
  "user": "NPC-A\u0130",
  "frame": "frame_201",
  "detected_objects": [
    {
      "cls": 1.0,
      "top_left_x": 1349.4119873046875,
      "top_left_y": 676.7235717773438,
      "bottom_right_x": 1387.5843505859375,
      "bottom_right_y": 706.2776489257812
    }
  ],
  "detected_translations": [
    {
      "translation_x": -0.01092529296875,
      "translation_y": 10.057241821289063
    }
  ]
}