{
  "id": "frame_1216",
  "user": "NPC-AI",
  "frame": "frame_1216",
  "detected_objects": [
    {
      "cls": 0,
      "landing_status": -1,
      "top_left_x": 434.0155029296875,
      "top_left_y": 979.3203125,
      "bottom_right_x": 467.1162109375,
      "bottom_right_y": 1045.77978515625
    }
  ],
  "detected_translations": [
    {
      "translation_x": 81.08697357177735,
      "translation_y": 69.15854873657227
    }
  ]
}