{
  "id": "frame_1464",
  "user": "NPC-A\u0130",
  "frame": "frame_1464",
  "detected_objects": [
    {
      "cls": 1.0,
      "top_left_x": 401.84271240234375,
      "top_left_y": 298.62274169921875,
      "bottom_right_x": 453.03094482421875,
      "bottom_right_y": 326.08184814453125
    }
  ],
  "detected_translations": [
    {
      "translation_x": 77.82119102478028,
      "translation_y": -21.754849243164063
    }
  ]
}