{
  "id": "frame_56",
  "user": "NPC-AI",
  "frame": "frame_56",
  "detected_objects": [
    {
      "cls": 1,
      "landing_status": -1,
      "top_left_x": 1297.714111328125,
      "top_left_y": 210.90489196777344,
      "bottom_right_x": 1329.881591796875,
      "bottom_right_y": 245.48216247558594
    },
    {
      "cls": 1,
      "landing_status": -1,
      "top_left_x": 1693.983154296875,
      "top_left_y": 750.6549072265625,
      "bottom_right_x": 1743.72705078125,
      "bottom_right_y": 796.4847412109375
    }
  ],
  "detected_translations": [
    {
      "translation_x": 0.1222320556640625,
      "translation_y": 0.40894012451171874
    }
  ]
}