{
  "id": "frame_11",
  "user": "NPC-A\u0130",
  "frame": "frame_11",
  "detected_objects": [
    {
      "cls": 1.0,
      "top_left_x": 1275.2763671875,
      "top_left_y": 197.72952270507812,
      "bottom_right_x": 1308.218505859375,
      "bottom_right_y": 231.62203979492188
    },
    {
      "cls": 1.0,
      "top_left_x": 1684.695068359375,
      "top_left_y": 645.4462280273438,
      "bottom_right_x": 1735.460693359375,
      "bottom_right_y": 677.5381469726562
    }
  ],
  "detected_translations": [
    {
      "translation_x": 0.1023681640625,
      "translation_y": 0.23112640380859376
    }
  ]
}