{
  "id": "frame_1122",
  "user": "NPC-A\u0130",
  "frame": "frame_1122",
  "detected_objects": [
    {
      "cls": 0.0,
      "top_left_x": 320.57684326171875,
      "top_left_y": 253.89410400390625,
      "bottom_right_x": 421.7149658203125,
      "bottom_right_y": 498.04522705078125
    },
    {
      "cls": 0.0,
      "top_left_x": 232.86602783203125,
      "top_left_y": 0.0,
      "bottom_right_x": 444.8221435546875,
      "bottom_right_y": 73.89103698730469
    }
  ],
  "detected_translations": [
    {
      "translation_x": 82.0142951965332,
      "translation_y": 103.17856674194336
    }
  ]
}