{
  "id": "frame_1484",
  "user": "NPC-AI",
  "frame": "frame_1484",
  "detected_objects": [
    {
      "cls": 1,
      "landing_status": -1,
      "top_left_x": 360.45751953125,
      "top_left_y": 13.445274353027344,
      "bottom_right_x": 404.62945556640625,
      "bottom_right_y": 52.651817321777344
    }
  ],
  "detected_translations": [
    {
      "translation_x": 78.05142097473144,
      "translation_y": -29.185330200195313
    }
  ]
}