{
  "id": "frame_275",
  "user": "NPC-A\u0130",
  "frame": "frame_275",
  "detected_objects": [
    {
      "cls": 1.0,
      "top_left_x": 1365.191162109375,
      "top_left_y": 943.5647583007812,
      "bottom_right_x": 1399.4345703125,
      "bottom_right_y": 980.1431274414062
    }
  ],
  "detected_translations": [
    {
      "translation_x": -0.4640899658203125,
      "translation_y": 15.801390838623046
    }
  ]
}