{
  "id": "frame_44",
  "user": "NPC-A\u0130",
  "frame": "frame_44",
  "detected_objects": [
    {
      "cls": 1.0,
      "top_left_x": 1290.7996826171875,
      "top_left_y": 209.687255859375,
      "bottom_right_x": 1324.6021728515625,
      "bottom_right_y": 241.57098388671875
    },
    {
      "cls": 1.0,
      "top_left_x": 1715.16259765625,
      "top_left_y": 749.7735595703125,
      "bottom_right_x": 1739.49365234375,
      "bottom_right_y": 766.71630859375
    }
  ],
  "detected_translations": [
    {
      "translation_x": 0.0081695556640625,
      "translation_y": 0.5106369018554687
    }
  ]
}