{
  "id": "frame_678",
  "user": "NPC-AI",
  "frame": "frame_678",
  "detected_objects": [
    {
      "cls": 1,
      "landing_status": -1,
      "top_left_x": 1100.76123046875,
      "top_left_y": 14.03472900390625,
      "bottom_right_x": 1141.29150390625,
      "bottom_right_y": 53.10267639160156
    },
    {
      "cls": 1,
      "landing_status": -1,
      "top_left_x": 1004.2725830078125,
      "top_left_y": 8.996223449707031,
      "bottom_right_x": 1040.5828857421875,
      "bottom_right_y": 49.92015838623047
    },
    {
      "cls": 1,
      "landing_status": -1,
      "top_left_x": 1006.7335205078125,
      "top_left_y": 39.06390380859375,
      "bottom_right_x": 1045.7681884765625,
      "bottom_right_y": 75.99562072753906
    }
  ],
  "detected_translations": [
    {
      "translation_x": -2.98125,
      "translation_y": 100.02707443237304
    }
  ]
}