{
  "id": "frame_748",
  "user": "NPC-AI",
  "frame": "frame_748",
  "detected_objects": [
    {
      "cls": 1,
      "landing_status": -1,
      "top_left_x": 545.3421630859375,
      "top_left_y": 22.831789016723633,
      "bottom_right_x": 584.4798583984375,
      "bottom_right_y": 55.59857177734375
    },
    {
      "cls": 1,
      "landing_status": -1,
      "top_left_x": 537.435302734375,
      "top_left_y": 47.634193420410156,
      "bottom_right_x": 566.6007080078125,
      "bottom_right_y": 81.24602508544922
    },
    {
      "cls": 1,
      "landing_status": -1,
      "top_left_x": 861.8177490234375,
      "top_left_y": 432.66339111328125,
      "bottom_right_x": 886.4930419921875,
      "bottom_right_y": 458.76898193359375
    }
  ],
  "detected_translations": [
    {
      "translation_x": -2.171307373046875,
      "translation_y": 111.31154937744141
    }
  ]
}