{
  "id": "frame_2683",
  "user": "NPC-A\u0130",
  "frame": "frame_2683",
  "detected_objects": [
    {
      "cls": 1.0,
      "top_left_x": 1860.6697998046875,
      "top_left_y": 150.73785400390625,
      "bottom_right_x": 1904.3731689453125,
      "bottom_right_y": 185.9755859375
    }
  ],
  "detected_translations": [
    {
      "translation_x": -77.03046913146973,
      "translation_y": -28.844798278808593
    }
  ]
}