{
  "id": "frame_254",
  "user": "NPC-A\u0130",
  "frame": "frame_254",
  "detected_objects": [
    {
      "cls": 1.0,
      "top_left_x": 1360.93408203125,
      "top_left_y": 867.9554443359375,
      "bottom_right_x": 1396.230224609375,
      "bottom_right_y": 902.0809326171875
    }
  ],
  "detected_translations": [
    {
      "translation_x": -0.778863525390625,
      "translation_y": 14.30210189819336
    }
  ]
}