{
  "id": "frame_1393",
  "user": "NPC-AI",
  "frame": "frame_1393",
  "detected_objects": [
    {
      "cls": 1,
      "landing_status": -1,
      "top_left_x": 1238.2850341796875,
      "top_left_y": 502.7143249511719,
      "bottom_right_x": 1267.1302490234375,
      "bottom_right_y": 531.912109375
    },
    {
      "cls": 1,
      "landing_status": -1,
      "top_left_x": 1193.1195068359375,
      "top_left_y": 484.0814208984375,
      "bottom_right_x": 1222.0614013671875,
      "bottom_right_y": 513.23486328125
    },
    {
      "cls": 1,
      "landing_status": -1,
      "top_left_x": 1266.9384765625,
      "top_left_y": 484.3523864746094,
      "bottom_right_x": 1294.490966796875,
      "bottom_right_y": 505.3085021972656
    },
    {
      "cls": 0,
      "landing_status": -1,
      "top_left_x": 910.052978515625,
      "top_left_y": 349.6632080078125,
      "bottom_right_x": 937.4847412109375,
      "bottom_right_y": 435.947021484375
    }
  ],
  "detected_translations": [
    {
      "translation_x": 78.58084144592286,
      "translation_y": 5.894725799560547
    }
  ]
}