{
  "id": "frame_30",
  "user": "NPC-AI",
  "frame": "frame_30",
  "detected_objects": [
    {
      "cls": 1,
      "landing_status": -1,
      "top_left_x": 1285.043701171875,
      "top_left_y": 205.09832763671875,
      "bottom_right_x": 1317.7158203125,
      "bottom_right_y": 237.28912353515625
    }
  ],
  "detected_translations": [
    {
      "translation_x": -0.01575927734375,
      "translation_y": 0.11439056396484375
    }
  ]
}