{
  "id": "frame_1472",
  "user": "NPC-A\u0130",
  "frame": "frame_1472",
  "detected_objects": [
    {
      "cls": 1.0,
      "top_left_x": 382.12646484375,
      "top_left_y": 172.7994384765625,
      "bottom_right_x": 422.96881103515625,
      "bottom_right_y": 203.9520263671875
    }
  ],
  "detected_translations": [
    {
      "translation_x": 78.06018104553223,
      "translation_y": -24.80083312988281
    }
  ]
}