{
  "id": "frame_523",
  "user": "NPC-A\u0130",
  "frame": "frame_523",
  "detected_objects": [
    {
      "cls": 0.0,
      "top_left_x": 1781.681640625,
      "top_left_y": 67.6497802734375,
      "bottom_right_x": 1920.0,
      "bottom_right_y": 158.5687255859375
    }
  ],
  "detected_translations": [
    {
      "translation_x": -2.24427490234375,
      "translation_y": 64.70289306640625
    }
  ]
}