{
  "id": "frame_1429",
  "user": "NPC-AI",
  "frame": "frame_1429",
  "detected_objects": [
    {
      "cls": 1,
      "landing_status": -1,
      "top_left_x": 469.80352783203125,
      "top_left_y": 848.003662109375,
      "bottom_right_x": 514.3400268554688,
      "bottom_right_y": 877.471923828125
    },
    {
      "cls": 1,
      "landing_status": -1,
      "top_left_x": 471.9229736328125,
      "top_left_y": 874.72119140625,
      "bottom_right_x": 522.744140625,
      "bottom_right_y": 906.3255615234375
    }
  ],
  "detected_translations": [
    {
      "translation_x": 78.09392738342285,
      "translation_y": -8.28479461669922
    }
  ]
}