{
  "id": "frame_3257",
  "user": "NPC-A\u0130",
  "frame": "frame_3257",
  "detected_objects": [
    {
      "cls": 1.0,
      "top_left_x": 1625.8759765625,
      "top_left_y": 109.61112213134766,
      "bottom_right_x": 1674.96630859375,
      "bottom_right_y": 146.40988159179688
    }
  ],
  "detected_translations": [
    {
      "translation_x": 11.003454208374023,
      "translation_y": -37.613287353515624
    }
  ]
}