{
  "id": "frame_2407",
  "user": "NPC-AI",
  "frame": "frame_2407",
  "detected_objects": [
    {
      "cls": 1,
      "landing_status": -1,
      "top_left_x": 221.11163330078125,
      "top_left_y": 39.144996643066406,
      "bottom_right_x": 253.04067993164062,
      "bottom_right_y": 63.42494201660156
    },
    {
      "cls": 1,
      "landing_status": -1,
      "top_left_x": 112.96037292480469,
      "top_left_y": 446.9109191894531,
      "bottom_right_x": 155.69142150878906,
      "bottom_right_y": 469.3871765136719
    },
    {
      "cls": 1,
      "landing_status": -1,
      "top_left_x": 264.4654541015625,
      "top_left_y": 536.7449951171875,
      "bottom_right_x": 295.188720703125,
      "bottom_right_y": 571.7197265625
    }
  ],
  "detected_translations": [
    {
      "translation_x": -34.437744522094725,
      "translation_y": -14.203340911865235
    }
  ]
}