{
  "id": "frame_1338",
  "user": "NPC-AI",
  "frame": "frame_1338",
  "detected_objects": [
    {
      "cls": 1,
      "landing_status": -1,
      "top_left_x": 1170.578125,
      "top_left_y": 398.9910888671875,
      "bottom_right_x": 1200.172607421875,
      "bottom_right_y": 436.9931640625
    }
  ],
  "detected_translations": [
    {
      "translation_x": 78.66419410705566,
      "translation_y": 25.009696197509765
    }
  ]
}