{
  "id": "frame_2336",
  "user": "NPC-AI",
  "frame": "frame_2336",
  "detected_objects": [
    {
      "cls": 1,
      "landing_status": -1,
      "top_left_x": 272.16619873046875,
      "top_left_y": 194.56503295898438,
      "bottom_right_x": 305.56549072265625,
      "bottom_right_y": 227.03036499023438
    }
  ],
  "detected_translations": [
    {
      "translation_x": -16.18461799621582,
      "translation_y": -14.336500549316407
    }
  ]
}