{
  "id": "frame_675",
  "user": "NPC-AI",
  "frame": "frame_675",
  "detected_objects": [
    {
      "cls": 1,
      "landing_status": -1,
      "top_left_x": 1109.561767578125,
      "top_left_y": 0.0,
      "bottom_right_x": 1147.995849609375,
      "bottom_right_y": 23.822309494018555
    }
  ],
  "detected_translations": [
    {
      "translation_x": -2.982574462890625,
      "translation_y": 99.31568145751953
    }
  ]
}