{
  "id": "frame_2408",
  "user": "NPC-A\u0130",
  "frame": "frame_2408",
  "detected_objects": [
    {
      "cls": 1.0,
      "top_left_x": 120.2835693359375,
      "top_left_y": 448.08221435546875,
      "bottom_right_x": 165.37451171875,
      "bottom_right_y": 470.502685546875
    },
    {
      "cls": 1.0,
      "top_left_x": 273.1402282714844,
      "top_left_y": 539.2684326171875,
      "bottom_right_x": 305.6343078613281,
      "bottom_right_y": 572.3856201171875
    },
    {
      "cls": 3.0,
      "top_left_x": 0.0,
      "top_left_y": 947.9273681640625,
      "bottom_right_x": 348.70904541015625,
      "bottom_right_y": 1080.0
    }
  ],
  "detected_translations": [
    {
      "translation_x": -34.73276710510254,
      "translation_y": -14.220813751220703
    }
  ]
}