{
  "id": "frame_518",
  "user": "NPC-AI",
  "frame": "frame_518",
  "detected_objects": [
    {
      "cls": 0,
      "landing_status": -1,
      "top_left_x": 1781.98046875,
      "top_left_y": 12.004302978515625,
      "bottom_right_x": 1920.0,
      "bottom_right_y": 102.94589233398438
    }
  ],
  "detected_translations": [
    {
      "translation_x": -2.139520263671875,
      "translation_y": 63.464910888671874
    }
  ]
}