{
  "id": "frame_1438",
  "user": "NPC-A\u0130",
  "frame": "frame_1438",
  "detected_objects": [
    {
      "cls": 1.0,
      "top_left_x": 454.58673095703125,
      "top_left_y": 709.7470703125,
      "bottom_right_x": 493.23602294921875,
      "bottom_right_y": 734.92236328125
    }
  ],
  "detected_translations": [
    {
      "translation_x": 78.20975837707519,
      "translation_y": -11.676374816894532
    }
  ]
}