{
  "id": "frame_106",
  "user": "NPC-AI",
  "frame": "frame_106",
  "detected_objects": [
    {
      "cls": 1,
      "landing_status": -1,
      "top_left_x": 1323.20751953125,
      "top_left_y": 290.85076904296875,
      "bottom_right_x": 1355.513671875,
      "bottom_right_y": 315.771240234375
    }
  ],
  "detected_translations": [
    {
      "translation_x": 0.361932373046875,
      "translation_y": 1.5817474365234374
    }
  ]
}