{
  "id": "frame_516",
  "user": "NPC-A\u0130",
  "frame": "frame_516",
  "detected_objects": [
    {
      "cls": 0.0,
      "top_left_x": 1782.279296875,
      "top_left_y": 0.0,
      "bottom_right_x": 1920.0,
      "bottom_right_y": 81.7436752319336
    }
  ],
  "detected_translations": [
    {
      "translation_x": -1.9552001953125,
      "translation_y": 62.947628784179685
    }
  ]
}