{
  "id": "frame_1379",
  "user": "NPC-AI",
  "frame": "frame_1379",
  "detected_objects": [
    {
      "cls": 1,
      "landing_status": -1,
      "top_left_x": 1181.177734375,
      "top_left_y": 702.18212890625,
      "bottom_right_x": 1208.9765625,
      "bottom_right_y": 737.01318359375
    },
    {
      "cls": 1,
      "landing_status": -1,
      "top_left_x": 1230.52783203125,
      "top_left_y": 716.2593383789062,
      "bottom_right_x": 1256.45654296875,
      "bottom_right_y": 757.7910766601562
    },
    {
      "cls": 0,
      "landing_status": -1,
      "top_left_x": 900.2806396484375,
      "top_left_y": 543.3548583984375,
      "bottom_right_x": 928.4757080078125,
      "bottom_right_y": 628.3096923828125
    },
    {
      "cls": 1,
      "landing_status": -1,
      "top_left_x": 495.8636474609375,
      "top_left_y": 573.2926025390625,
      "bottom_right_x": 506.70953369140625,
      "bottom_right_y": 588.7139892578125
    }
  ],
  "detected_translations": [
    {
      "translation_x": 78.78346900939941,
      "translation_y": 11.32645034790039
    }
  ]
}