{
  "id": "frame_2601",
  "user": "NPC-A\u0130",
  "frame": "frame_2601",
  "detected_objects": [
    {
      "cls": 1.0,
      "top_left_x": 1725.6998291015625,
      "top_left_y": 591.0205078125,
      "bottom_right_x": 1765.2967529296875,
      "bottom_right_y": 612.63232421875
    },
    {
      "cls": 1.0,
      "top_left_x": 881.17041015625,
      "top_left_y": 274.41668701171875,
      "bottom_right_x": 915.754150390625,
      "bottom_right_y": 300.48797607421875
    },
    {
      "cls": 1.0,
      "top_left_x": 1100.31494140625,
      "top_left_y": 329.3809814453125,
      "bottom_right_x": 1118.8095703125,
      "bottom_right_y": 349.93646240234375
    },
    {
      "cls": 1.0,
      "top_left_x": 1079.2928466796875,
      "top_left_y": 294.55084228515625,
      "bottom_right_x": 1094.0325927734375,
      "bottom_right_y": 315.89898681640625
    }
  ],
  "detected_translations": [
    {
      "translation_x": -70.30323066711426,
      "translation_y": -18.631204986572264
    }
  ]
}