{
  "id": "frame_3312",
  "user": "NPC-A\u0130",
  "frame": "frame_3312",
  "detected_objects": [
    {
      "cls": 1.0,
      "top_left_x": 786.7701416015625,
      "top_left_y": 268.05078125,
      "bottom_right_x": 820.766845703125,
      "bottom_right_y": 308.414794921875
    }
  ],
  "detected_translations": [
    {
      "translation_x": 30.01389274597168,
      "translation_y": -36.45138244628906
    }
  ]
}