{
  "id": "frame_85",
  "user": "NPC-A\u0130",
  "frame": "frame_85",
  "detected_objects": [
    {
      "cls": 1.0,
      "top_left_x": 1310.54296875,
      "top_left_y": 228.91915893554688,
      "bottom_right_x": 1345.3427734375,
      "bottom_right_y": 261.7348327636719
    }
  ],
  "detected_translations": [
    {
      "translation_x": -0.0186370849609375,
      "translation_y": 0.7734664916992188
    }
  ]
}