{
  "id": "frame_1541",
  "user": "NPC-AI",
  "frame": "frame_1541",
  "detected_objects": [
    {
      "cls": 1,
      "landing_status": -1,
      "top_left_x": 552.7098388671875,
      "top_left_y": 900.4887084960938,
      "bottom_right_x": 592.783447265625,
      "bottom_right_y": 952.1939086914062
    }
  ],
  "detected_translations": [
    {
      "translation_x": 78.16031913757324,
      "translation_y": -49.22859649658203
    }
  ]
}