{
  "id": "frame_1291",
  "user": "NPC-AI",
  "frame": "frame_1291",
  "detected_objects": [
    {
      "cls": 1,
      "landing_status": -1,
      "top_left_x": 1642.90625,
      "top_left_y": 518.5215454101562,
      "bottom_right_x": 1685.7880859375,
      "bottom_right_y": 545.8402709960938
    }
  ],
  "detected_translations": [
    {
      "translation_x": 79.62054328918457,
      "translation_y": 40.63208847045898
    }
  ]
}