{
  "id": "frame_1425",
  "user": "NPC-AI",
  "frame": "frame_1425",
  "detected_objects": [
    {
      "cls": 1,
      "landing_status": -1,
      "top_left_x": 478.06390380859375,
      "top_left_y": 934.9840087890625,
      "bottom_right_x": 520.869384765625,
      "bottom_right_y": 970.3111572265625
    },
    {
      "cls": 1,
      "landing_status": -1,
      "top_left_x": 476.50079345703125,
      "top_left_y": 906.4140625,
      "bottom_right_x": 516.4452514648438,
      "bottom_right_y": 942.362060546875
    }
  ],
  "detected_translations": [
    {
      "translation_x": 78.12904853820801,
      "translation_y": -6.7711326599121096
    }
  ]
}