{
  "id": "frame_236",
  "user": "NPC-AI",
  "frame": "frame_236",
  "detected_objects": [
    {
      "cls": 1,
      "landing_status": -1,
      "top_left_x": 1357.081298828125,
      "top_left_y": 804.1534423828125,
      "bottom_right_x": 1393.374267578125,
      "bottom_right_y": 837.6378173828125
    }
  ],
  "detected_translations": [
    {
      "translation_x": -0.755926513671875,
      "translation_y": 12.638148498535156
    }
  ]
}