{
  "id": "frame_1370",
  "user": "NPC-A\u0130",
  "frame": "frame_1370",
  "detected_objects": [
    {
      "cls": 1.0,
      "top_left_x": 1252.1884765625,
      "top_left_y": 837.2850341796875,
      "bottom_right_x": 1282.65478515625,
      "bottom_right_y": 870.6163330078125
    }
  ],
  "detected_translations": [
    {
      "translation_x": 78.81430549621582,
      "translation_y": 14.435420989990234
    }
  ]
}