{
  "id": "frame_271",
  "user": "NPC-A\u0130",
  "frame": "frame_271",
  "detected_objects": [
    {
      "cls": 1.0,
      "top_left_x": 1363.76611328125,
      "top_left_y": 928.5067749023438,
      "bottom_right_x": 1398.4951171875,
      "bottom_right_y": 964.5045776367188
    }
  ],
  "detected_translations": [
    {
      "translation_x": -0.3101348876953125,
      "translation_y": 15.636473846435546
    }
  ]
}