{
  "id": "frame_3282",
  "user": "NPC-AI",
  "frame": "frame_3282",
  "detected_objects": [
    {
      "cls": 1,
      "landing_status": -1,
      "top_left_x": 1230.7091064453125,
      "top_left_y": 193.04371643066406,
      "bottom_right_x": 1268.4017333984375,
      "bottom_right_y": 236.4010467529297
    }
  ],
  "detected_translations": [
    {
      "translation_x": 19.213759994506837,
      "translation_y": -36.80645599365234
    }
  ]
}