{
  "id": "frame_12",
  "user": "NPC-AI",
  "frame": "frame_12",
  "detected_objects": [
    {
      "cls": 1,
      "landing_status": -1,
      "top_left_x": 1276.2481689453125,
      "top_left_y": 197.39349365234375,
      "bottom_right_x": 1309.0054931640625,
      "bottom_right_y": 231.290771484375
    }
  ],
  "detected_translations": [
    {
      "translation_x": 0.0456146240234375,
      "translation_y": 0.23722381591796876
    }
  ]
}