{
  "id": "frame_234",
  "user": "NPC-A\u0130",
  "frame": "frame_234",
  "detected_objects": [
    {
      "cls": 1.0,
      "top_left_x": 1357.37890625,
      "top_left_y": 798.9681396484375,
      "bottom_right_x": 1393.2763671875,
      "bottom_right_y": 830.5592041015625
    }
  ],
  "detected_translations": [
    {
      "translation_x": -0.7492431640625,
      "translation_y": 12.537127685546874
    }
  ]
}