{
  "id": "frame_779",
  "user": "NPC-A\u0130",
  "frame": "frame_779",
  "detected_objects": [
    {
      "cls": 1.0,
      "top_left_x": 833.5980224609375,
      "top_left_y": 506.7706604003906,
      "bottom_right_x": 867.6151123046875,
      "bottom_right_y": 534.0213623046875
    },
    {
      "cls": 1.0,
      "top_left_x": 505.17388916015625,
      "top_left_y": 82.56414031982422,
      "bottom_right_x": 547.1632690429688,
      "bottom_right_y": 113.84258270263672
    },
    {
      "cls": 1.0,
      "top_left_x": 698.47509765625,
      "top_left_y": 482.68194580078125,
      "bottom_right_x": 738.3154296875,
      "bottom_right_y": 513.7686157226562
    },
    {
      "cls": 0.0,
      "top_left_x": 1889.552978515625,
      "top_left_y": 927.4219970703125,
      "bottom_right_x": 1920.0,
      "bottom_right_y": 1079.8883056640625
    }
  ],
  "detected_translations": [
    {
      "translation_x": -0.142108154296875,
      "translation_y": 113.09255523681641
    }
  ]
}