{
  "id": "frame_681",
  "user": "NPC-A\u0130",
  "frame": "frame_681",
  "detected_objects": [
    {
      "cls": 1.0,
      "top_left_x": 1098.4786376953125,
      "top_left_y": 46.513370513916016,
      "bottom_right_x": 1134.5513916015625,
      "bottom_right_y": 82.69448852539062
    }
  ],
  "detected_translations": [
    {
      "translation_x": -3.2354156494140627,
      "translation_y": 100.95423126220703
    }
  ]
}