{
  "id": "frame_150",
  "user": "NPC-A\u0130",
  "frame": "frame_150",
  "detected_objects": [
    {
      "cls": 1.0,
      "top_left_x": 1336.4404296875,
      "top_left_y": 465.82891845703125,
      "bottom_right_x": 1373.57373046875,
      "bottom_right_y": 495.39410400390625
    }
  ],
  "detected_translations": [
    {
      "translation_x": 0.186981201171875,
      "translation_y": 5.764272308349609
    }
  ]
}