{
  "id": "frame_2414",
  "user": "NPC-AI",
  "frame": "frame_2414",
  "detected_objects": [
    {
      "cls": 1,
      "landing_status": -1,
      "top_left_x": 342.181640625,
      "top_left_y": 564.4033203125,
      "bottom_right_x": 370.378173828125,
      "bottom_right_y": 587.191650390625
    },
    {
      "cls": 1,
      "landing_status": -1,
      "top_left_x": 288.97418212890625,
      "top_left_y": 51.36784362792969,
      "bottom_right_x": 322.89251708984375,
      "bottom_right_y": 74.21907043457031
    },
    {
      "cls": 1,
      "landing_status": -1,
      "top_left_x": 180.87564086914062,
      "top_left_y": 450.11346435546875,
      "bottom_right_x": 223.79708862304688,
      "bottom_right_y": 481.00836181640625
    },
    {
      "cls": 1,
      "landing_status": -1,
      "top_left_x": 39.459632873535156,
      "top_left_y": 49.59452819824219,
      "bottom_right_x": 75.93785858154297,
      "bottom_right_y": 69.43228149414062
    }
  ],
  "detected_translations": [
    {
      "translation_x": -36.401480484008786,
      "translation_y": -14.127159118652344
    }
  ]
}