{
  "id": "frame_162",
  "user": "NPC-A\u0130",
  "frame": "frame_162",
  "detected_objects": [
    {
      "cls": 1.0,
      "top_left_x": 1339.746337890625,
      "top_left_y": 516.78662109375,
      "bottom_right_x": 1377.373779296875,
      "bottom_right_y": 546.5595703125
    }
  ],
  "detected_translations": [
    {
      "translation_x": -0.067889404296875,
      "translation_y": 6.845134735107422
    }
  ]
}