{
  "id": "frame_1346",
  "user": "NPC-AI",
  "frame": "frame_1346",
  "detected_objects": [
    {
      "cls": 1,
      "landing_status": -1,
      "top_left_x": 1179.3336181640625,
      "top_left_y": 271.60577392578125,
      "bottom_right_x": 1206.7381591796875,
      "bottom_right_y": 313.54742431640625
    },
    {
      "cls": 1,
      "landing_status": -1,
      "top_left_x": 1147.8577880859375,
      "top_left_y": 283.16717529296875,
      "bottom_right_x": 1174.9202880859375,
      "bottom_right_y": 320.00750732421875
    },
    {
      "cls": 0,
      "landing_status": -1,
      "top_left_x": 874.7567138671875,
      "top_left_y": 983.8023681640625,
      "bottom_right_x": 904.5010986328125,
      "bottom_right_y": 1066.7254638671875
    }
  ],
  "detected_translations": [
    {
      "translation_x": 78.85982551574708,
      "translation_y": 22.381707000732423
    }
  ]
}