{
  "id": "frame_1462",
  "user": "NPC-A\u0130",
  "frame": "frame_1462",
  "detected_objects": [
    {
      "cls": 1.0,
      "top_left_x": 406.83148193359375,
      "top_left_y": 329.51153564453125,
      "bottom_right_x": 456.85369873046875,
      "bottom_right_y": 357.84893798828125
    }
  ],
  "detected_translations": [
    {
      "translation_x": 77.90706520080566,
      "translation_y": -21.0089111328125
    }
  ]
}