{
  "id": "frame_2582",
  "user": "NPC-A\u0130",
  "frame": "frame_2582",
  "detected_objects": [
    {
      "cls": 1.0,
      "top_left_x": 1685.036376953125,
      "top_left_y": 671.5914916992188,
      "bottom_right_x": 1727.429443359375,
      "bottom_right_y": 701.8716430664062
    },
    {
      "cls": 1.0,
      "top_left_x": 892.2393798828125,
      "top_left_y": 403.6970520019531,
      "bottom_right_x": 923.4027099609375,
      "bottom_right_y": 426.0880432128906
    },
    {
      "cls": 1.0,
      "top_left_x": 770.1424560546875,
      "top_left_y": 479.23443603515625,
      "bottom_right_x": 799.3773193359375,
      "bottom_right_y": 497.16302490234375
    },
    {
      "cls": 1.0,
      "top_left_x": 935.7548828125,
      "top_left_y": 298.06268310546875,
      "bottom_right_x": 966.79296875,
      "bottom_right_y": 320.64874267578125
    }
  ],
  "detected_translations": [
    {
      "translation_x": -69.33060188293457,
      "translation_y": -16.375713348388672
    }
  ]
}