{
  "id": "frame_3320",
  "user": "NPC-AI",
  "frame": "frame_3320",
  "detected_objects": [
    {
      "cls": 1,
      "landing_status": -1,
      "top_left_x": 700.0030517578125,
      "top_left_y": 287.1547546386719,
      "bottom_right_x": 736.6087646484375,
      "bottom_right_y": 323.0127868652344
    }
  ],
  "detected_translations": [
    {
      "translation_x": 31.79872856140137,
      "translation_y": -36.44699935913086
    }
  ]
}