{
  "id": "frame_1447",
  "user": "NPC-A\u0130",
  "frame": "frame_1447",
  "detected_objects": [
    {
      "cls": 1.0,
      "top_left_x": 436.12322998046875,
      "top_left_y": 568.8447265625,
      "bottom_right_x": 468.58685302734375,
      "bottom_right_y": 594.6468505859375
    },
    {
      "cls": 1.0,
      "top_left_x": 435.63763427734375,
      "top_left_y": 569.0380249023438,
      "bottom_right_x": 485.00164794921875,
      "bottom_right_y": 594.9714965820312
    }
  ],
  "detected_translations": [
    {
      "translation_x": 77.8590763092041,
      "translation_y": -14.97252197265625
    }
  ]
}