{
  "id": "frame_3305",
  "user": "NPC-AI",
  "frame": "frame_3305",
  "detected_objects": [
    {
      "cls": 1,
      "landing_status": -1,
      "top_left_x": 878.64453125,
      "top_left_y": 252.84576416015625,
      "bottom_right_x": 913.3406982421875,
      "bottom_right_y": 292.99407958984375
    }
  ],
  "detected_translations": [
    {
      "translation_x": 27.8952205657959,
      "translation_y": -36.373190307617186
    }
  ]
}