{
  "id": "frame_2402",
  "user": "NPC-A\u0130",
  "frame": "frame_2402",
  "detected_objects": [
    {
      "cls": 1.0,
      "top_left_x": 210.29367065429688,
      "top_left_y": 532.3466796875,
      "bottom_right_x": 242.56747436523438,
      "bottom_right_y": 556.417724609375
    }
  ],
  "detected_translations": [
    {
      "translation_x": -32.87768898010254,
      "translation_y": -14.314009857177734
    }
  ]
}