{
  "id": "frame_222",
  "user": "NPC-AI",
  "frame": "frame_222",
  "detected_objects": [
    {
      "cls": 1,
      "landing_status": -1,
      "top_left_x": 1354.4169921875,
      "top_left_y": 754.8555908203125,
      "bottom_right_x": 1391.166015625,
      "bottom_right_y": 786.863037109375
    }
  ],
  "detected_translations": [
    {
      "translation_x": -0.673651123046875,
      "translation_y": 11.320750427246093
    }
  ]
}