{
  "id": "frame_1409",
  "user": "NPC-A\u0130",
  "frame": "frame_1409",
  "detected_objects": [
    {
      "cls": 1.0,
      "top_left_x": 1276.85986328125,
      "top_left_y": 218.51043701171875,
      "bottom_right_x": 1310.4404296875,
      "bottom_right_y": 252.80255126953125
    },
    {
      "cls": 1.0,
      "top_left_x": 1208.201416015625,
      "top_left_y": 223.7340087890625,
      "bottom_right_x": 1234.532470703125,
      "bottom_right_y": 255.23361206054688
    }
  ],
  "detected_translations": [
    {
      "translation_x": 78.23284034729004,
      "translation_y": -0.50572509765625
    }
  ]
}