{
  "id": "frame_536",
  "user": "NPC-A\u0130",
  "frame": "frame_536",
  "detected_objects": [
    {
      "cls": 0.0,
      "top_left_x": 1779.57470703125,
      "top_left_y": 216.24163818359375,
      "bottom_right_x": 1920.0,
      "bottom_right_y": 302.8511962890625
    }
  ],
  "detected_translations": [
    {
      "translation_x": -2.0698257446289063,
      "translation_y": 67.63612899780273
    }
  ]
}