{
  "id": "frame_1993",
  "user": "NPC-A\u0130",
  "frame": "frame_1993",
  "detected_objects": [
    {
      "cls": 0.0,
      "top_left_x": 0.0,
      "top_left_y": 900.3799438476562,
      "bottom_right_x": 155.82147216796875,
      "bottom_right_y": 991.9901733398438
    },
    {
      "cls": 0.0,
      "top_left_x": 1873.9129638671875,
      "top_left_y": 849.84033203125,
      "bottom_right_x": 1920.0,
      "bottom_right_y": 945.640869140625
    }
  ],
  "detected_translations": [
    {
      "translation_x": -1.6122776031494142,
      "translation_y": -62.148983001708984
    }
  ]
}