{
  "id": "frame_516",
  "user": "NPC-AI",
  "frame": "frame_516",
  "detected_objects": [
    {
      "cls": 0,
      "landing_status": -1,
      "top_left_x": 1782.3489990234375,
      "top_left_y": 0.0,
      "bottom_right_x": 1920.0,
      "bottom_right_y": 80.93472290039062
    }
  ],
  "detected_translations": [
    {
      "translation_x": -1.9552001953125,
      "translation_y": 62.947628784179685
    }
  ]
}