{
  "id": "frame_881",
  "user": "NPC-A\u0130",
  "frame": "frame_881",
  "detected_objects": [
    {
      "cls": 0.0,
      "top_left_x": 883.7978515625,
      "top_left_y": 0.0,
      "bottom_right_x": 970.783447265625,
      "bottom_right_y": 150.10165405273438
    },
    {
      "cls": 0.0,
      "top_left_x": 374.65435791015625,
      "top_left_y": 310.13165283203125,
      "bottom_right_x": 560.491455078125,
      "bottom_right_y": 391.84307861328125
    }
  ],
  "detected_translations": [
    {
      "translation_x": 24.83805694580078,
      "translation_y": 114.49803009033204
    }
  ]
}