{
  "id": "frame_282",
  "user": "NPC-A\u0130",
  "frame": "frame_282",
  "detected_objects": [
    {
      "cls": 1.0,
      "top_left_x": 1365.711669921875,
      "top_left_y": 970.2813720703125,
      "bottom_right_x": 1401.087646484375,
      "bottom_right_y": 1007.6412353515625
    }
  ],
  "detected_translations": [
    {
      "translation_x": -0.614996337890625,
      "translation_y": 16.403895568847656
    }
  ]
}