{
  "id": "frame_1336",
  "user": "NPC-AI",
  "frame": "frame_1336",
  "detected_objects": [
    {
      "cls": 1,
      "landing_status": -1,
      "top_left_x": 1168.51220703125,
      "top_left_y": 435.826904296875,
      "bottom_right_x": 1198.76318359375,
      "bottom_right_y": 464.9718017578125
    },
    {
      "cls": 1,
      "landing_status": -1,
      "top_left_x": 1145.2900390625,
      "top_left_y": 443.1654052734375,
      "bottom_right_x": 1170.42724609375,
      "bottom_right_y": 466.235107421875
    }
  ],
  "detected_translations": [
    {
      "translation_x": 78.60677223205566,
      "translation_y": 25.711466217041014
    }
  ]
}