{
  "id": "frame_906",
  "user": "NPC-A\u0130",
  "frame": "frame_906",
  "detected_objects": [
    {
      "cls": 0.0,
      "top_left_x": 575.083251953125,
      "top_left_y": 0.0,
      "bottom_right_x": 667.297607421875,
      "bottom_right_y": 167.57791137695312
    }
  ],
  "detected_translations": [
    {
      "translation_x": 33.005577087402344,
      "translation_y": 115.55266571044922
    }
  ]
}