{
  "id": "frame_2516",
  "user": "NPC-A\u0130",
  "frame": "frame_2516",
  "detected_objects": [
    {
      "cls": 1.0,
      "top_left_x": 730.5462036132812,
      "top_left_y": 815.6407470703125,
      "bottom_right_x": 762.4656372070312,
      "bottom_right_y": 841.7987060546875
    },
    {
      "cls": 1.0,
      "top_left_x": 1447.02587890625,
      "top_left_y": 800.91748046875,
      "bottom_right_x": 1473.580078125,
      "bottom_right_y": 834.5557861328125
    },
    {
      "cls": 1.0,
      "top_left_x": 852.3031005859375,
      "top_left_y": 752.7716674804688,
      "bottom_right_x": 878.2052001953125,
      "bottom_right_y": 774.6845092773438
    },
    {
      "cls": 1.0,
      "top_left_x": 522.000732421875,
      "top_left_y": 532.7266845703125,
      "bottom_right_x": 546.46923828125,
      "bottom_right_y": 552.2767333984375
    }
  ],
  "detected_translations": [
    {
      "translation_x": -62.379927444458005,
      "translation_y": -12.278870391845704
    }
  ]
}