{
  "id": "frame_724",
  "user": "NPC-A\u0130",
  "frame": "frame_724",
  "detected_objects": [
    {
      "cls": 1.0,
      "top_left_x": 1012.0380859375,
      "top_left_y": 375.02593994140625,
      "bottom_right_x": 1051.245849609375,
      "bottom_right_y": 402.93603515625
    }
  ],
  "detected_translations": [
    {
      "translation_x": -2.773663330078125,
      "translation_y": 109.54677124023438
    }
  ]
}