{
  "id": "frame_3281",
  "user": "NPC-A\u0130",
  "frame": "frame_3281",
  "detected_objects": [
    {
      "cls": 1.0,
      "top_left_x": 1244.7611083984375,
      "top_left_y": 190.17428588867188,
      "bottom_right_x": 1283.4036865234375,
      "bottom_right_y": 234.12298583984375
    }
  ],
  "detected_translations": [
    {
      "translation_x": 18.810479354858398,
      "translation_y": -36.82064666748047
    }
  ]
}