{
  "id": "frame_2397",
  "user": "NPC-A\u0130",
  "frame": "frame_2397",
  "detected_objects": [
    {
      "cls": 1.0,
      "top_left_x": 158.17294311523438,
      "top_left_y": 522.8370971679688,
      "bottom_right_x": 200.40090942382812,
      "bottom_right_y": 547.9326782226562
    },
    {
      "cls": 1.0,
      "top_left_x": 16.503860473632812,
      "top_left_y": 449.2010498046875,
      "bottom_right_x": 65.03099822998047,
      "bottom_right_y": 471.100830078125
    }
  ],
  "detected_translations": [
    {
      "translation_x": -31.497629165649414,
      "translation_y": -14.380752563476562
    }
  ]
}