{
  "id": "frame_235",
  "user": "NPC-AI",
  "frame": "frame_235",
  "detected_objects": [
    {
      "cls": 1,
      "landing_status": -1,
      "top_left_x": 1356.7861328125,
      "top_left_y": 800.6903686523438,
      "bottom_right_x": 1393.28076171875,
      "bottom_right_y": 833.7003784179688
    }
  ],
  "detected_translations": [
    {
      "translation_x": -0.80830078125,
      "translation_y": 12.640399169921874
    }
  ]
}