{
  "id": "frame_1382",
  "user": "NPC-A\u0130",
  "frame": "frame_1382",
  "detected_objects": [
    {
      "cls": 1.0,
      "top_left_x": 1183.51416015625,
      "top_left_y": 658.4915771484375,
      "bottom_right_x": 1212.13037109375,
      "bottom_right_y": 688.8865966796875
    },
    {
      "cls": 1.0,
      "top_left_x": 1257.4202880859375,
      "top_left_y": 649.0321044921875,
      "bottom_right_x": 1289.1702880859375,
      "bottom_right_y": 680.0782470703125
    },
    {
      "cls": 1.0,
      "top_left_x": 1232.168212890625,
      "top_left_y": 667.5867919921875,
      "bottom_right_x": 1258.975830078125,
      "bottom_right_y": 709.6204833984375
    }
  ],
  "detected_translations": [
    {
      "translation_x": 78.72657203674316,
      "translation_y": 10.135260772705077
    }
  ]
}