{
  "id": "frame_76",
  "user": "NPC-A\u0130",
  "frame": "frame_76",
  "detected_objects": [
    {
      "cls": 1.0,
      "top_left_x": 1306.5826416015625,
      "top_left_y": 218.74755859375,
      "bottom_right_x": 1341.1094970703125,
      "bottom_right_y": 250.9794921875
    }
  ],
  "detected_translations": [
    {
      "translation_x": 0.2272491455078125,
      "translation_y": 0.6628326416015625
    }
  ]
}