{
  "id": "frame_54",
  "user": "NPC-AI",
  "frame": "frame_54",
  "detected_objects": [
    {
      "cls": 1,
      "landing_status": -1,
      "top_left_x": 1297.0244140625,
      "top_left_y": 210.65444946289062,
      "bottom_right_x": 1328.869140625,
      "bottom_right_y": 244.72946166992188
    }
  ],
  "detected_translations": [
    {
      "translation_x": 0.0524139404296875,
      "translation_y": 0.420025634765625
    }
  ]
}