{
  "id": "frame_3285",
  "user": "NPC-A\u0130",
  "frame": "frame_3285",
  "detected_objects": [
    {
      "cls": 1.0,
      "top_left_x": 1184.5595703125,
      "top_left_y": 202.47866821289062,
      "bottom_right_x": 1219.9697265625,
      "bottom_right_y": 240.10079956054688
    }
  ],
  "detected_translations": [
    {
      "translation_x": 20.37243309020996,
      "translation_y": -36.73598785400391
    }
  ]
}