{
  "id": "frame_707",
  "user": "NPC-AI",
  "frame": "frame_707",
  "detected_objects": [
    {
      "cls": 1,
      "landing_status": -1,
      "top_left_x": 1043.0660400390625,
      "top_left_y": 278.4244384765625,
      "bottom_right_x": 1079.4412841796875,
      "bottom_right_y": 308.9180908203125
    },
    {
      "cls": 1,
      "landing_status": -1,
      "top_left_x": 939.9088134765625,
      "top_left_y": 267.7567138671875,
      "bottom_right_x": 976.081787109375,
      "bottom_right_y": 297.42578125
    },
    {
      "cls": 1,
      "landing_status": -1,
      "top_left_x": 946.8597412109375,
      "top_left_y": 300.90655517578125,
      "bottom_right_x": 981.486083984375,
      "bottom_right_y": 327.7659912109375
    }
  ],
  "detected_translations": [
    {
      "translation_x": -3.11544189453125,
      "translation_y": 107.27628021240234
    }
  ]
}