{
  "id": "frame_1407",
  "user": "NPC-AI",
  "frame": "frame_1407",
  "detected_objects": [
    {
      "cls": 1,
      "landing_status": -1,
      "top_left_x": 1277.391357421875,
      "top_left_y": 251.30526733398438,
      "bottom_right_x": 1308.561767578125,
      "bottom_right_y": 286.2779235839844
    },
    {
      "cls": 1,
      "landing_status": -1,
      "top_left_x": 1244.1917724609375,
      "top_left_y": 271.8126220703125,
      "bottom_right_x": 1276.4525146484375,
      "bottom_right_y": 307.9879150390625
    },
    {
      "cls": 1,
      "landing_status": -1,
      "top_left_x": 1206.0953369140625,
      "top_left_y": 256.09063720703125,
      "bottom_right_x": 1232.3775634765625,
      "bottom_right_y": 287.522705078125
    }
  ],
  "detected_translations": [
    {
      "translation_x": 78.2490161895752,
      "translation_y": 0.2777435302734375
    }
  ]
}