{
  "id": "frame_99",
  "user": "NPC-AI",
  "frame": "frame_99",
  "detected_objects": [
    {
      "cls": 1,
      "landing_status": -1,
      "top_left_x": 1319.52783203125,
      "top_left_y": 267.76507568359375,
      "bottom_right_x": 1352.0283203125,
      "bottom_right_y": 293.85321044921875
    }
  ],
  "detected_translations": [
    {
      "translation_x": 0.2333984375,
      "translation_y": 1.26195068359375
    }
  ]
}