{
  "id": "frame_3225",
  "user": "NPC-AI",
  "frame": "frame_3225",
  "detected_objects": [
    {
      "cls": 1,
      "landing_status": -1,
      "top_left_x": 1701.473876953125,
      "top_left_y": 163.96627807617188,
      "bottom_right_x": 1768.061279296875,
      "bottom_right_y": 199.951171875
    }
  ],
  "detected_translations": [
    {
      "translation_x": 1.266848373413086,
      "translation_y": -38.20004730224609
    }
  ]
}