{
  "id": "frame_154",
  "user": "NPC-AI",
  "frame": "frame_154",
  "detected_objects": [
    {
      "cls": 1,
      "landing_status": -1,
      "top_left_x": 1337.8062744140625,
      "top_left_y": 482.68695068359375,
      "bottom_right_x": 1374.9354248046875,
      "bottom_right_y": 511.38629150390625
    }
  ],
  "detected_translations": [
    {
      "translation_x": 0.1114044189453125,
      "translation_y": 6.277931213378906
    }
  ]
}