{
  "id": "frame_2401",
  "user": "NPC-AI",
  "frame": "frame_2401",
  "detected_objects": [
    {
      "cls": 1,
      "landing_status": -1,
      "top_left_x": 56.15676498413086,
      "top_left_y": 446.8388977050781,
      "bottom_right_x": 106.1895751953125,
      "bottom_right_y": 471.9330749511719
    },
    {
      "cls": 1,
      "landing_status": -1,
      "top_left_x": 202.36648559570312,
      "top_left_y": 530.46337890625,
      "bottom_right_x": 235.50405883789062,
      "bottom_right_y": 554.1356201171875
    },
    {
      "cls": 1,
      "landing_status": -1,
      "top_left_x": 162.94674682617188,
      "top_left_y": 34.839263916015625,
      "bottom_right_x": 200.23492431640625,
      "bottom_right_y": 60.779205322265625
    }
  ],
  "detected_translations": [
    {
      "translation_x": -32.52824745178223,
      "translation_y": -14.329269409179688
    }
  ]
}