{
  "id": "frame_1136",
  "user": "NPC-A\u0130",
  "frame": "frame_1136",
  "detected_objects": [
    {
      "cls": 0.0,
      "top_left_x": 318.77459716796875,
      "top_left_y": 107.60326385498047,
      "bottom_right_x": 420.47210693359375,
      "bottom_right_y": 332.9007568359375
    }
  ],
  "detected_translations": [
    {
      "translation_x": 81.76467361450196,
      "translation_y": 99.45480117797851
    }
  ]
}