{
  "id": "frame_962",
  "user": "NPC-A\u0130",
  "frame": "frame_962",
  "detected_objects": [
    {
      "cls": 0.0,
      "top_left_x": 939.5338134765625,
      "top_left_y": 409.33984375,
      "bottom_right_x": 1127.7247314453125,
      "bottom_right_y": 501.7413330078125
    },
    {
      "cls": 0.0,
      "top_left_x": 1386.1864013671875,
      "top_left_y": 802.158447265625,
      "bottom_right_x": 1498.7774658203125,
      "bottom_right_y": 1050.8472900390625
    },
    {
      "cls": 1.0,
      "top_left_x": 405.0888366699219,
      "top_left_y": 920.5737915039062,
      "bottom_right_x": 441.8157043457031,
      "bottom_right_y": 940.9479370117188
    }
  ],
  "detected_translations": [
    {
      "translation_x": 53.557919311523435,
      "translation_y": 116.60250701904297
    }
  ]
}