{
  "id": "frame_2340",
  "user": "NPC-AI",
  "frame": "frame_2340",
  "detected_objects": [
    {
      "cls": 1,
      "landing_status": -1,
      "top_left_x": 309.04364013671875,
      "top_left_y": 196.9348602294922,
      "bottom_right_x": 341.33355712890625,
      "bottom_right_y": 227.8602752685547
    }
  ],
  "detected_translations": [
    {
      "translation_x": -16.990222549438478,
      "translation_y": -14.130709838867187
    }
  ]
}