{
  "id": "frame_2413",
  "user": "NPC-AI",
  "frame": "frame_2413",
  "detected_objects": [
    {
      "cls": 1,
      "landing_status": -1,
      "top_left_x": 278.9732666015625,
      "top_left_y": 49.94279861450195,
      "bottom_right_x": 314.128662109375,
      "bottom_right_y": 71.92317199707031
    },
    {
      "cls": 1,
      "landing_status": -1,
      "top_left_x": 330.6307678222656,
      "top_left_y": 562.2457275390625,
      "bottom_right_x": 359.0401916503906,
      "bottom_right_y": 584.9398193359375
    },
    {
      "cls": 1,
      "landing_status": -1,
      "top_left_x": 170.01756286621094,
      "top_left_y": 449.3802795410156,
      "bottom_right_x": 214.56199645996094,
      "bottom_right_y": 478.5981140136719
    }
  ],
  "detected_translations": [
    {
      "translation_x": -36.15088233947754,
      "translation_y": -14.15028076171875
    }
  ]
}