{
  "id": "frame_2341",
  "user": "NPC-AI",
  "frame": "frame_2341",
  "detected_objects": [
    {
      "cls": 1,
      "landing_status": -1,
      "top_left_x": 318.3121337890625,
      "top_left_y": 197.38836669921875,
      "bottom_right_x": 350.83740234375,
      "bottom_right_y": 228.4610595703125
    }
  ],
  "detected_translations": [
    {
      "translation_x": -17.17195930480957,
      "translation_y": -14.379901885986328
    }
  ]
}