{
  "id": "frame_2365",
  "user": "NPC-AI",
  "frame": "frame_2365",
  "detected_objects": [
    {
      "cls": 1,
      "landing_status": -1,
      "top_left_x": 551.7813720703125,
      "top_left_y": 212.2329864501953,
      "bottom_right_x": 582.092041015625,
      "bottom_right_y": 238.8199920654297
    }
  ],
  "detected_translations": [
    {
      "translation_x": -23.25454444885254,
      "translation_y": -14.259175109863282
    }
  ]
}