{
  "id": "frame_264",
  "user": "NPC-A\u0130",
  "frame": "frame_264",
  "detected_objects": [
    {
      "cls": 1.0,
      "top_left_x": 1362.434326171875,
      "top_left_y": 903.4130859375,
      "bottom_right_x": 1397.391357421875,
      "bottom_right_y": 938.583251953125
    }
  ],
  "detected_translations": [
    {
      "translation_x": -0.27857666015625,
      "translation_y": 14.839859008789062
    }
  ]
}