{
  "id": "frame_909",
  "user": "NPC-AI",
  "frame": "frame_909",
  "detected_objects": [
    {
      "cls": 0,
      "landing_status": -1,
      "top_left_x": 540.0098876953125,
      "top_left_y": 0.0,
      "bottom_right_x": 630.9554443359375,
      "bottom_right_y": 171.9843292236328
    },
    {
      "cls": 0,
      "landing_status": -1,
      "top_left_x": 612.198486328125,
      "top_left_y": 1005.8670654296875,
      "bottom_right_x": 693.155517578125,
      "bottom_right_y": 1078.6497802734375
    },
    {
      "cls": 1,
      "landing_status": -1,
      "top_left_x": 836.446044921875,
      "top_left_y": 242.74783325195312,
      "bottom_right_x": 879.446044921875,
      "bottom_right_y": 278.8969421386719
    },
    {
      "cls": 1,
      "landing_status": -1,
      "top_left_x": 1163.4962158203125,
      "top_left_y": 748.8433837890625,
      "bottom_right_x": 1210.3526611328125,
      "bottom_right_y": 777.1785888671875
    }
  ],
  "detected_translations": [
    {
      "translation_x": 33.77204132080078,
      "translation_y": 115.7197052001953
    }
  ]
}