{
  "id": "frame_172",
  "user": "NPC-AI",
  "frame": "frame_172",
  "detected_objects": [
    {
      "cls": 1,
      "landing_status": -1,
      "top_left_x": 1342.94921875,
      "top_left_y": 559.677978515625,
      "bottom_right_x": 1379.60205078125,
      "bottom_right_y": 588.023681640625
    }
  ],
  "detected_translations": [
    {
      "translation_x": -0.2752044677734375,
      "translation_y": 7.544203186035157
    }
  ]
}