{
  "id": "frame_955",
  "user": "NPC-A\u0130",
  "frame": "frame_955",
  "detected_objects": [
    {
      "cls": 0.0,
      "top_left_x": 1148.991455078125,
      "top_left_y": 408.37921142578125,
      "bottom_right_x": 1335.4794921875,
      "bottom_right_y": 499.32733154296875
    }
  ],
  "detected_translations": [
    {
      "translation_x": 50.78298797607422,
      "translation_y": 116.52183837890625
    }
  ]
}