{
  "id": "frame_3242",
  "user": "NPC-AI",
  "frame": "frame_3242",
  "detected_objects": [
    {
      "cls": 1,
      "landing_status": -1,
      "top_left_x": 1864.330322265625,
      "top_left_y": 63.101165771484375,
      "bottom_right_x": 1920.0,
      "bottom_right_y": 102.06329345703125
    },
    {
      "cls": 1,
      "landing_status": -1,
      "top_left_x": 1444.26904296875,
      "top_left_y": 181.07681274414062,
      "bottom_right_x": 1500.573486328125,
      "bottom_right_y": 208.34588623046875
    }
  ],
  "detected_translations": [
    {
      "translation_x": 6.010534286499023,
      "translation_y": -37.97749252319336
    }
  ]
}