{
  "id": "frame_2692",
  "user": "NPC-AI",
  "frame": "frame_2692",
  "detected_objects": [
    {
      "cls": 1,
      "landing_status": -1,
      "top_left_x": 1871.494873046875,
      "top_left_y": 105.99591064453125,
      "bottom_right_x": 1919.880615234375,
      "bottom_right_y": 143.57315063476562
    },
    {
      "cls": 1,
      "landing_status": -1,
      "top_left_x": 1051.4609375,
      "top_left_y": 52.70477294921875,
      "bottom_right_x": 1079.50537109375,
      "bottom_right_y": 78.95854187011719
    }
  ],
  "detected_translations": [
    {
      "translation_x": -76.81934242248535,
      "translation_y": -30.07730712890625
    }
  ]
}