{
  "id": "frame_529",
  "user": "NPC-A\u0130",
  "frame": "frame_529",
  "detected_objects": [
    {
      "cls": 0.0,
      "top_left_x": 1780.61474609375,
      "top_left_y": 133.81500244140625,
      "bottom_right_x": 1920.0,
      "bottom_right_y": 225.73968505859375
    }
  ],
  "detected_translations": [
    {
      "translation_x": -1.9105239868164063,
      "translation_y": 65.97721862792969
    }
  ]
}