{
  "id": "frame_1355",
  "user": "NPC-A\u0130",
  "frame": "frame_1355",
  "detected_objects": [
    {
      "cls": 1.0,
      "top_left_x": 1182.000244140625,
      "top_left_y": 122.11331939697266,
      "bottom_right_x": 1214.373779296875,
      "bottom_right_y": 166.59030151367188
    }
  ],
  "detected_translations": [
    {
      "translation_x": 79.37577095031739,
      "translation_y": 19.218350982666017
    }
  ]
}