{
  "id": "frame_1433",
  "user": "NPC-AI",
  "frame": "frame_1433",
  "detected_objects": [
    {
      "cls": 1,
      "landing_status": -1,
      "top_left_x": 463.84039306640625,
      "top_left_y": 786.421875,
      "bottom_right_x": 511.26910400390625,
      "bottom_right_y": 814.39306640625
    },
    {
      "cls": 1,
      "landing_status": -1,
      "top_left_x": 468.070556640625,
      "top_left_y": 811.8593139648438,
      "bottom_right_x": 513.1248779296875,
      "bottom_right_y": 841.6386108398438
    }
  ],
  "detected_translations": [
    {
      "translation_x": 78.17482948303223,
      "translation_y": -9.884036254882812
    }
  ]
}