{
  "id": "frame_568",
  "user": "NPC-A\u0130",
  "frame": "frame_568",
  "detected_objects": [
    {
      "cls": 0.0,
      "top_left_x": 1773.327880859375,
      "top_left_y": 576.1824951171875,
      "bottom_right_x": 1920.0,
      "bottom_right_y": 660.3226318359375
    }
  ],
  "detected_translations": [
    {
      "translation_x": -1.5865325927734375,
      "translation_y": 74.09789123535157
    }
  ]
}