{
  "id": "frame_760",
  "user": "NPC-A\u0130",
  "frame": "frame_760",
  "detected_objects": [
    {
      "cls": 1.0,
      "top_left_x": 810.7745971679688,
      "top_left_y": 455.0178527832031,
      "bottom_right_x": 841.6487426757812,
      "bottom_right_y": 479.4693908691406
    },
    {
      "cls": 1.0,
      "top_left_x": 933.7122802734375,
      "top_left_y": 468.90863037109375,
      "bottom_right_x": 958.9404296875,
      "bottom_right_y": 495.60736083984375
    },
    {
      "cls": 1.0,
      "top_left_x": 824.519287109375,
      "top_left_y": 481.07208251953125,
      "bottom_right_x": 852.458740234375,
      "bottom_right_y": 506.01116943359375
    }
  ],
  "detected_translations": [
    {
      "translation_x": -1.8013458251953125,
      "translation_y": 111.88010101318359
    }
  ]
}