{
  "id": "frame_687",
  "user": "NPC-AI",
  "frame": "frame_687",
  "detected_objects": [
    {
      "cls": 1,
      "landing_status": -1,
      "top_left_x": 1096.485595703125,
      "top_left_y": 106.06552124023438,
      "bottom_right_x": 1120.142333984375,
      "bottom_right_y": 139.70433044433594
    },
    {
      "cls": 1,
      "landing_status": -1,
      "top_left_x": 994.732421875,
      "top_left_y": 99.99917602539062,
      "bottom_right_x": 1018.252197265625,
      "bottom_right_y": 133.88937377929688
    },
    {
      "cls": 1,
      "landing_status": -1,
      "top_left_x": 998.43896484375,
      "top_left_y": 131.6558074951172,
      "bottom_right_x": 1020.05712890625,
      "bottom_right_y": 160.85057067871094
    }
  ],
  "detected_translations": [
    {
      "translation_x": -3.69781494140625,
      "translation_y": 102.6242446899414
    }
  ]
}