{
  "id": "frame_765",
  "user": "NPC-A\u0130",
  "frame": "frame_765",
  "detected_objects": [
    {
      "cls": 1.0,
      "top_left_x": 535.49365234375,
      "top_left_y": 59.14878463745117,
      "bottom_right_x": 579.9053955078125,
      "bottom_right_y": 86.34797668457031
    },
    {
      "cls": 1.0,
      "top_left_x": 914.6397094726562,
      "top_left_y": 478.50323486328125,
      "bottom_right_x": 938.6814575195312,
      "bottom_right_y": 504.46148681640625
    },
    {
      "cls": 1.0,
      "top_left_x": 786.6401977539062,
      "top_left_y": 459.7450866699219,
      "bottom_right_x": 818.6766967773438,
      "bottom_right_y": 487.7519226074219
    }
  ],
  "detected_translations": [
    {
      "translation_x": -1.5617156982421876,
      "translation_y": 111.88666534423828
    }
  ]
}