{
  "id": "frame_1305",
  "user": "NPC-AI",
  "frame": "frame_1305",
  "detected_objects": [
    {
      "cls": 1,
      "landing_status": -1,
      "top_left_x": 1655.009521484375,
      "top_left_y": 328.5855712890625,
      "bottom_right_x": 1698.287841796875,
      "bottom_right_y": 358.0762939453125
    }
  ],
  "detected_translations": [
    {
      "translation_x": 79.21321449279785,
      "translation_y": 36.117591094970706
    }
  ]
}