{
  "id": "frame_1385",
  "user": "NPC-AI",
  "frame": "frame_1385",
  "detected_objects": [
    {
      "cls": 1,
      "landing_status": -1,
      "top_left_x": 1186.4632568359375,
      "top_left_y": 616.234619140625,
      "bottom_right_x": 1215.3665771484375,
      "bottom_right_y": 639.995849609375
    },
    {
      "cls": 1,
      "landing_status": -1,
      "top_left_x": 1259.816650390625,
      "top_left_y": 606.2716064453125,
      "bottom_right_x": 1290.148193359375,
      "bottom_right_y": 634.828857421875
    },
    {
      "cls": 1,
      "landing_status": -1,
      "top_left_x": 1234.134033203125,
      "top_left_y": 624.0424194335938,
      "bottom_right_x": 1260.742431640625,
      "bottom_right_y": 661.4714965820312
    },
    {
      "cls": 0,
      "landing_status": -1,
      "top_left_x": 904.574951171875,
      "top_left_y": 461.68719482421875,
      "bottom_right_x": 931.867431640625,
      "bottom_right_y": 546.4512329101562
    }
  ],
  "detected_translations": [
    {
      "translation_x": 78.7937671661377,
      "translation_y": 8.92525863647461
    }
  ]
}