{
  "id": "frame_552",
  "user": "NPC-A\u0130",
  "frame": "frame_552",
  "detected_objects": [
    {
      "cls": 0.0,
      "top_left_x": 1775.860107421875,
      "top_left_y": 397.27850341796875,
      "bottom_right_x": 1920.0,
      "bottom_right_y": 480.19293212890625
    }
  ],
  "detected_translations": [
    {
      "translation_x": -1.9670150756835938,
      "translation_y": 70.88370361328126
    }
  ]
}