{
  "id": "frame_2680",
  "user": "NPC-A\u0130",
  "frame": "frame_2680",
  "detected_objects": [
    {
      "cls": 1.0,
      "top_left_x": 1852.828125,
      "top_left_y": 166.6982879638672,
      "bottom_right_x": 1898.28466796875,
      "bottom_right_y": 199.20835876464844
    },
    {
      "cls": 1.0,
      "top_left_x": 1019.5175170898438,
      "top_left_y": 93.71302795410156,
      "bottom_right_x": 1047.53955078125,
      "bottom_right_y": 119.65101623535156
    }
  ],
  "detected_translations": [
    {
      "translation_x": -77.21561164855957,
      "translation_y": -28.39897918701172
    }
  ]
}