{
  "id": "frame_906",
  "user": "NPC-AI",
  "frame": "frame_906",
  "detected_objects": [
    {
      "cls": 0,
      "landing_status": -1,
      "top_left_x": 576.591552734375,
      "top_left_y": 0.0,
      "bottom_right_x": 667.7265625,
      "bottom_right_y": 168.63250732421875
    },
    {
      "cls": 0,
      "landing_status": -1,
      "top_left_x": 650.2337646484375,
      "top_left_y": 1003.2308959960938,
      "bottom_right_x": 734.0325927734375,
      "bottom_right_y": 1078.62548828125
    },
    {
      "cls": 1,
      "landing_status": -1,
      "top_left_x": 869.9036865234375,
      "top_left_y": 239.84054565429688,
      "bottom_right_x": 901.3897705078125,
      "bottom_right_y": 275.4685974121094
    }
  ],
  "detected_translations": [
    {
      "translation_x": 33.005577087402344,
      "translation_y": 115.55266571044922
    }
  ]
}