{
  "id": "frame_86",
  "user": "NPC-A\u0130",
  "frame": "frame_86",
  "detected_objects": [
    {
      "cls": 1.0,
      "top_left_x": 1311.6778564453125,
      "top_left_y": 231.23101806640625,
      "bottom_right_x": 1345.8243408203125,
      "bottom_right_y": 263.1361083984375
    }
  ],
  "detected_translations": [
    {
      "translation_x": 0.145062255859375,
      "translation_y": 0.8734588623046875
    }
  ]
}