{
  "id": "frame_113",
  "user": "NPC-A\u0130",
  "frame": "frame_113",
  "detected_objects": [
    {
      "cls": 1.0,
      "top_left_x": 1716.927734375,
      "top_left_y": 988.2464599609375,
      "bottom_right_x": 1749.7177734375,
      "bottom_right_y": 1030.544189453125
    }
  ],
  "detected_translations": [
    {
      "translation_x": 0.196185302734375,
      "translation_y": 1.9891998291015625
    }
  ]
}