{
  "id": "frame_32",
  "user": "NPC-AI",
  "frame": "frame_32",
  "detected_objects": [
    {
      "cls": 1,
      "landing_status": -1,
      "top_left_x": 1286.189453125,
      "top_left_y": 206.22055053710938,
      "bottom_right_x": 1318.8984375,
      "bottom_right_y": 237.7171630859375
    }
  ],
  "detected_translations": [
    {
      "translation_x": 0.020867919921875,
      "translation_y": 0.1675933837890625
    }
  ]
}