{
  "id": "frame_2587",
  "user": "NPC-A\u0130",
  "frame": "frame_2587",
  "detected_objects": [
    {
      "cls": 1.0,
      "top_left_x": 1700.707763671875,
      "top_left_y": 651.7188720703125,
      "bottom_right_x": 1738.629150390625,
      "bottom_right_y": 679.5462646484375
    },
    {
      "cls": 1.0,
      "top_left_x": 931.3408813476562,
      "top_left_y": 267.8037109375,
      "bottom_right_x": 964.6127319335938,
      "bottom_right_y": 293.6591796875
    },
    {
      "cls": 1.0,
      "top_left_x": 780.465087890625,
      "top_left_y": 465.6114196777344,
      "bottom_right_x": 811.0262451171875,
      "bottom_right_y": 483.9402770996094
    },
    {
      "cls": 1.0,
      "top_left_x": 887.248046875,
      "top_left_y": 370.82342529296875,
      "bottom_right_x": 919.09765625,
      "bottom_right_y": 397.77130126953125
    }
  ],
  "detected_translations": [
    {
      "translation_x": -69.43711738586425,
      "translation_y": -16.907111358642577
    }
  ]
}