{
  "id": "frame_20",
  "user": "NPC-A\u0130",
  "frame": "frame_20",
  "detected_objects": [
    {
      "cls": 1.0,
      "top_left_x": 1707.419189453125,
      "top_left_y": 687.4223022460938,
      "bottom_right_x": 1734.589599609375,
      "bottom_right_y": 708.4701538085938
    },
    {
      "cls": 1.0,
      "top_left_x": 1684.8966064453125,
      "top_left_y": 662.4385986328125,
      "bottom_right_x": 1729.6947021484375,
      "bottom_right_y": 705.5946044921875
    }
  ],
  "detected_translations": [
    {
      "translation_x": -0.1752655029296875,
      "translation_y": 0.03295745849609375
    }
  ]
}