{
  "id": "frame_721",
  "user": "NPC-AI",
  "frame": "frame_721",
  "detected_objects": [
    {
      "cls": 1,
      "landing_status": -1,
      "top_left_x": 917.3147583007812,
      "top_left_y": 350.028564453125,
      "bottom_right_x": 949.9209594726562,
      "bottom_right_y": 377.2098388671875
    },
    {
      "cls": 1,
      "landing_status": -1,
      "top_left_x": 1023.4832153320312,
      "top_left_y": 362.3614501953125,
      "bottom_right_x": 1053.950927734375,
      "bottom_right_y": 388.8843994140625
    },
    {
      "cls": 1,
      "landing_status": -1,
      "top_left_x": 929.2169189453125,
      "top_left_y": 381.50543212890625,
      "bottom_right_x": 953.6441650390625,
      "bottom_right_y": 407.63702392578125
    }
  ],
  "detected_translations": [
    {
      "translation_x": -3.2446380615234376,
      "translation_y": 109.27270812988282
    }
  ]
}