{
  "id": "frame_173",
  "user": "NPC-A\u0130",
  "frame": "frame_173",
  "detected_objects": [
    {
      "cls": 1.0,
      "top_left_x": 1343.134765625,
      "top_left_y": 564.1148071289062,
      "bottom_right_x": 1380.40576171875,
      "bottom_right_y": 592.6121215820312
    }
  ],
  "detected_translations": [
    {
      "translation_x": -0.364215087890625,
      "translation_y": 7.547371673583984
    }
  ]
}