{
  "id": "frame_3306",
  "user": "NPC-A\u0130",
  "frame": "frame_3306",
  "detected_objects": [
    {
      "cls": 1.0,
      "top_left_x": 863.0870361328125,
      "top_left_y": 255.99078369140625,
      "bottom_right_x": 898.2774658203125,
      "bottom_right_y": 298.06939697265625
    }
  ],
  "detected_translations": [
    {
      "translation_x": 28.302065658569337,
      "translation_y": -36.486273193359374
    }
  ]
}