{
  "id": "frame_154",
  "user": "NPC-A\u0130",
  "frame": "frame_154",
  "detected_objects": [
    {
      "cls": 1.0,
      "top_left_x": 1337.314453125,
      "top_left_y": 482.79046630859375,
      "bottom_right_x": 1375.103515625,
      "bottom_right_y": 512.1156005859375
    }
  ],
  "detected_translations": [
    {
      "translation_x": 0.1114044189453125,
      "translation_y": 6.277931213378906
    }
  ]
}