{
  "id": "frame_3304",
  "user": "NPC-AI",
  "frame": "frame_3304",
  "detected_objects": [
    {
      "cls": 1,
      "landing_status": -1,
      "top_left_x": 893.229736328125,
      "top_left_y": 250.88803100585938,
      "bottom_right_x": 928.01416015625,
      "bottom_right_y": 286.3985290527344
    }
  ],
  "detected_translations": [
    {
      "translation_x": 27.549067306518555,
      "translation_y": -36.343408203125
    }
  ]
}