{
  "id": "frame_1149",
  "user": "NPC-AI",
  "frame": "frame_1149",
  "detected_objects": [
    {
      "cls": 0,
      "landing_status": -1,
      "top_left_x": 324.47998046875,
      "top_left_y": 0.0,
      "bottom_right_x": 418.61248779296875,
      "bottom_right_y": 195.00169372558594
    }
  ],
  "detected_translations": [
    {
      "translation_x": 81.46088790893555,
      "translation_y": 95.27836380004882
    }
  ]
}