{
  "id": "frame_2394",
  "user": "NPC-A\u0130",
  "frame": "frame_2394",
  "detected_objects": [
    {
      "cls": 1.0,
      "top_left_x": 130.15567016601562,
      "top_left_y": 519.1295166015625,
      "bottom_right_x": 174.24453735351562,
      "bottom_right_y": 542.9588623046875
    }
  ],
  "detected_translations": [
    {
      "translation_x": -30.686059951782227,
      "translation_y": -14.40206527709961
    }
  ]
}