{
  "id": "frame_2417",
  "user": "NPC-A\u0130",
  "frame": "frame_2417",
  "detected_objects": [
    {
      "cls": 1.0,
      "top_left_x": 375.5817565917969,
      "top_left_y": 571.1927490234375,
      "bottom_right_x": 406.2985534667969,
      "bottom_right_y": 595.3197021484375
    },
    {
      "cls": 1.0,
      "top_left_x": 207.89068603515625,
      "top_left_y": 452.5767822265625,
      "bottom_right_x": 254.72247314453125,
      "bottom_right_y": 484.3076171875
    }
  ],
  "detected_translations": [
    {
      "translation_x": -37.23969764709473,
      "translation_y": -14.031263732910157
    }
  ]
}