{
  "id": "frame_127",
  "user": "NPC-AI",
  "frame": "frame_127",
  "detected_objects": [
    {
      "cls": 1,
      "landing_status": -1,
      "top_left_x": 1329.513916015625,
      "top_left_y": 368.00335693359375,
      "bottom_right_x": 1365.589111328125,
      "bottom_right_y": 397.79949951171875
    }
  ],
  "detected_translations": [
    {
      "translation_x": 0.4861419677734375,
      "translation_y": 3.472577667236328
    }
  ]
}