{
  "id": "frame_713",
  "user": "NPC-A\u0130",
  "frame": "frame_713",
  "detected_objects": [
    {
      "cls": 1.0,
      "top_left_x": 1035.095947265625,
      "top_left_y": 319.6582336425781,
      "bottom_right_x": 1070.729248046875,
      "bottom_right_y": 347.1003112792969
    }
  ],
  "detected_translations": [
    {
      "translation_x": -3.2685394287109375,
      "translation_y": 108.07489166259765
    }
  ]
}