{
  "id": "frame_91",
  "user": "NPC-AI",
  "frame": "frame_91",
  "detected_objects": [
    {
      "cls": 1,
      "landing_status": -1,
      "top_left_x": 1314.609375,
      "top_left_y": 239.89874267578125,
      "bottom_right_x": 1348.421142578125,
      "bottom_right_y": 272.98016357421875
    }
  ],
  "detected_translations": [
    {
      "translation_x": 0.1842010498046875,
      "translation_y": 0.7141647338867188
    }
  ]
}