{
  "id": "frame_1466",
  "user": "NPC-A\u0130",
  "frame": "frame_1466",
  "detected_objects": [
    {
      "cls": 1.0,
      "top_left_x": 396.721923828125,
      "top_left_y": 267.0420837402344,
      "bottom_right_x": 446.49664306640625,
      "bottom_right_y": 297.1876525878906
    }
  ],
  "detected_translations": [
    {
      "translation_x": 77.89378547668457,
      "translation_y": -22.53379669189453
    }
  ]
}