{
  "id": "frame_1398",
  "user": "NPC-A\u0130",
  "frame": "frame_1398",
  "detected_objects": [
    {
      "cls": 1.0,
      "top_left_x": 1197.1898193359375,
      "top_left_y": 408.28759765625,
      "bottom_right_x": 1225.3577880859375,
      "bottom_right_y": 437.01275634765625
    },
    {
      "cls": 1.0,
      "top_left_x": 1270.8489990234375,
      "top_left_y": 405.03375244140625,
      "bottom_right_x": 1297.7437744140625,
      "bottom_right_y": 434.57208251953125
    }
  ],
  "detected_translations": [
    {
      "translation_x": 78.49315528869629,
      "translation_y": 3.885118865966797
    }
  ]
}