{
  "id": "frame_1353",
  "user": "NPC-AI",
  "frame": "frame_1353",
  "detected_objects": [
    {
      "cls": 1,
      "landing_status": -1,
      "top_left_x": 1150.6385498046875,
      "top_left_y": 169.91015625,
      "bottom_right_x": 1178.4996337890625,
      "bottom_right_y": 199.6278076171875
    },
    {
      "cls": 1,
      "landing_status": -1,
      "top_left_x": 1180.199951171875,
      "top_left_y": 154.24578857421875,
      "bottom_right_x": 1212.44921875,
      "bottom_right_y": 195.4150390625
    },
    {
      "cls": 0,
      "landing_status": -1,
      "top_left_x": 880.942626953125,
      "top_left_y": 892.6419677734375,
      "bottom_right_x": 909.4130859375,
      "bottom_right_y": 975.7698974609375
    }
  ],
  "detected_translations": [
    {
      "translation_x": 79.18848152160645,
      "translation_y": 19.911954498291017
    }
  ]
}