{
  "id": "frame_3290",
  "user": "NPC-AI",
  "frame": "frame_3290",
  "detected_objects": [
    {
      "cls": 1,
      "landing_status": -1,
      "top_left_x": 1108.546630859375,
      "top_left_y": 215.37432861328125,
      "bottom_right_x": 1141.704345703125,
      "bottom_right_y": 254.35467529296875
    },
    {
      "cls": 1,
      "landing_status": -1,
      "top_left_x": 723.9608154296875,
      "top_left_y": 215.08700561523438,
      "bottom_right_x": 761.9276123046875,
      "bottom_right_y": 242.13034057617188
    }
  ],
  "detected_translations": [
    {
      "translation_x": 22.547834396362305,
      "translation_y": -36.48098907470703
    }
  ]
}