{
  "id": "frame_705",
  "user": "NPC-A\u0130",
  "frame": "frame_705",
  "detected_objects": [
    {
      "cls": 1.0,
      "top_left_x": 1052.31884765625,
      "top_left_y": 263.875244140625,
      "bottom_right_x": 1082.595703125,
      "bottom_right_y": 293.939208984375
    }
  ],
  "detected_translations": [
    {
      "translation_x": -2.935498046875,
      "translation_y": 106.89384460449219
    }
  ]
}