{
  "id": "frame_167",
  "user": "NPC-AI",
  "frame": "frame_167",
  "detected_objects": [
    {
      "cls": 1,
      "landing_status": -1,
      "top_left_x": 1341.49755859375,
      "top_left_y": 538.230712890625,
      "bottom_right_x": 1377.8681640625,
      "bottom_right_y": 566.8074951171875
    }
  ],
  "detected_translations": [
    {
      "translation_x": -0.0954986572265625,
      "translation_y": 7.198139953613281
    }
  ]
}