{
  "id": "frame_2650",
  "user": "NPC-A\u0130",
  "frame": "frame_2650",
  "detected_objects": [
    {
      "cls": 1.0,
      "top_left_x": 1150.358154296875,
      "top_left_y": 80.54421997070312,
      "bottom_right_x": 1180.05029296875,
      "bottom_right_y": 107.88027954101562
    },
    {
      "cls": 1.0,
      "top_left_x": 1801.5252685546875,
      "top_left_y": 323.080322265625,
      "bottom_right_x": 1845.3304443359375,
      "bottom_right_y": 350.48077392578125
    },
    {
      "cls": 1.0,
      "top_left_x": 833.557373046875,
      "top_left_y": 225.1887664794922,
      "bottom_right_x": 863.851806640625,
      "bottom_right_y": 246.66627502441406
    }
  ],
  "detected_translations": [
    {
      "translation_x": -74.98963050842285,
      "translation_y": -24.762953186035155
    }
  ]
}