{
  "id": "frame_1454",
  "user": "NPC-AI",
  "frame": "frame_1454",
  "detected_objects": [
    {
      "cls": 1,
      "landing_status": -1,
      "top_left_x": 422.9603271484375,
      "top_left_y": 456.412109375,
      "bottom_right_x": 462.0047607421875,
      "bottom_right_y": 483.611572265625
    },
    {
      "cls": 1,
      "landing_status": -1,
      "top_left_x": 427.4512634277344,
      "top_left_y": 481.513916015625,
      "bottom_right_x": 468.4599914550781,
      "bottom_right_y": 509.44000244140625
    }
  ],
  "detected_translations": [
    {
      "translation_x": 77.77516441345215,
      "translation_y": -17.76446990966797
    }
  ]
}