{
  "id": "frame_39",
  "user": "NPC-A\u0130",
  "frame": "frame_39",
  "detected_objects": [
    {
      "cls": 1.0,
      "top_left_x": 1289.237060546875,
      "top_left_y": 208.390625,
      "bottom_right_x": 1322.402587890625,
      "bottom_right_y": 240.47723388671875
    }
  ],
  "detected_translations": [
    {
      "translation_x": -0.0348175048828125,
      "translation_y": 0.37606201171875
    }
  ]
}