{
  "id": "frame_1096",
  "user": "NPC-A\u0130",
  "frame": "frame_1096",
  "detected_objects": [
    {
      "cls": 0.0,
      "top_left_x": 1085.779296875,
      "top_left_y": 106.98473358154297,
      "bottom_right_x": 1303.26904296875,
      "bottom_right_y": 212.58148193359375
    },
    {
      "cls": 0.0,
      "top_left_x": 328.9344482421875,
      "top_left_y": 496.2412109375,
      "bottom_right_x": 436.8309326171875,
      "bottom_right_y": 732.969970703125
    },
    {
      "cls": 1.0,
      "top_left_x": 1534.3961181640625,
      "top_left_y": 477.1480712890625,
      "bottom_right_x": 1583.0391845703125,
      "bottom_right_y": 512.9329833984375
    },
    {
      "cls": 0.0,
      "top_left_x": 0.0,
      "top_left_y": 212.24673461914062,
      "bottom_right_x": 106.56474304199219,
      "bottom_right_y": 303.4830627441406
    }
  ],
  "detected_translations": [
    {
      "translation_x": 81.79798583984375,
      "translation_y": 109.40256195068359
    }
  ]
}