{
  "id": "frame_767",
  "user": "NPC-AI",
  "frame": "frame_767",
  "detected_objects": [
    {
      "cls": 1,
      "landing_status": -1,
      "top_left_x": 533.575927734375,
      "top_left_y": 62.78739929199219,
      "bottom_right_x": 575.09912109375,
      "bottom_right_y": 90.68862915039062
    },
    {
      "cls": 1,
      "landing_status": -1,
      "top_left_x": 525.0057373046875,
      "top_left_y": 89.51612854003906,
      "bottom_right_x": 566.4964599609375,
      "bottom_right_y": 120.22370910644531
    },
    {
      "cls": 1,
      "landing_status": -1,
      "top_left_x": 774.8115234375,
      "top_left_y": 465.3873291015625,
      "bottom_right_x": 812.48291015625,
      "bottom_right_y": 492.65985107421875
    },
    {
      "cls": 1,
      "landing_status": -1,
      "top_left_x": 904.0187377929688,
      "top_left_y": 482.0904541015625,
      "bottom_right_x": 929.1815795898438,
      "bottom_right_y": 508.5616455078125
    }
  ],
  "detected_translations": [
    {
      "translation_x": -1.2984619140625,
      "translation_y": 112.1041488647461
    }
  ]
}