{
  "id": "frame_10",
  "user": "NPC-A\u0130",
  "frame": "frame_10",
  "detected_objects": [
    {
      "cls": 1.0,
      "top_left_x": 1274.87939453125,
      "top_left_y": 198.09100341796875,
      "bottom_right_x": 1307.70361328125,
      "bottom_right_y": 230.56463623046875
    },
    {
      "cls": 1.0,
      "top_left_x": 1684.362060546875,
      "top_left_y": 641.6845703125,
      "bottom_right_x": 1735.402099609375,
      "bottom_right_y": 676.726806640625
    }
  ],
  "detected_translations": [
    {
      "translation_x": 0.0728057861328125,
      "translation_y": 0.2364715576171875
    }
  ]
}