{
  "id": "frame_1277",
  "user": "NPC-A\u0130",
  "frame": "frame_1277",
  "detected_objects": [
    {
      "cls": 2.0,
      "top_left_x": 1224.914794921875,
      "top_left_y": 857.867431640625,
      "bottom_right_x": 1426.000732421875,
      "bottom_right_y": 1053.083984375
    }
  ],
  "detected_translations": [
    {
      "translation_x": 79.88587379455566,
      "translation_y": 45.651947021484375
    }
  ]
}