{
  "id": "frame_2535",
  "user": "NPC-A\u0130",
  "frame": "frame_2535",
  "detected_objects": [
    {
      "cls": 1.0,
      "top_left_x": 1548.504150390625,
      "top_left_y": 800.2767333984375,
      "bottom_right_x": 1577.574951171875,
      "bottom_right_y": 831.037841796875
    },
    {
      "cls": 1.0,
      "top_left_x": 594.6124267578125,
      "top_left_y": 537.6994018554688,
      "bottom_right_x": 617.3377685546875,
      "bottom_right_y": 561.1057739257812
    },
    {
      "cls": 3.0,
      "top_left_x": 0.0,
      "top_left_y": 909.7249755859375,
      "bottom_right_x": 378.8773193359375,
      "bottom_right_y": 1080.0
    }
  ],
  "detected_translations": [
    {
      "translation_x": -65.4086139678955,
      "translation_y": -12.704283905029296
    }
  ]
}