{
  "id": "frame_701",
  "user": "NPC-AI",
  "frame": "frame_701",
  "detected_objects": [
    {
      "cls": 1,
      "landing_status": -1,
      "top_left_x": 963.584228515625,
      "top_left_y": 224.57315063476562,
      "bottom_right_x": 986.7685546875,
      "bottom_right_y": 253.76321411132812
    },
    {
      "cls": 1,
      "landing_status": -1,
      "top_left_x": 1065.715576171875,
      "top_left_y": 232.7930908203125,
      "bottom_right_x": 1090.390380859375,
      "bottom_right_y": 261.6114501953125
    },
    {
      "cls": 1,
      "landing_status": -1,
      "top_left_x": 968.053955078125,
      "top_left_y": 256.1364440917969,
      "bottom_right_x": 991.742431640625,
      "bottom_right_y": 283.0503845214844
    }
  ],
  "detected_translations": [
    {
      "translation_x": -3.057830810546875,
      "translation_y": 106.05743103027343
    }
  ]
}