{
  "id": "frame_41",
  "user": "NPC-A\u0130",
  "frame": "frame_41",
  "detected_objects": [
    {
      "cls": 1.0,
      "top_left_x": 1289.7337646484375,
      "top_left_y": 209.40383911132812,
      "bottom_right_x": 1323.4969482421875,
      "bottom_right_y": 241.03329467773438
    }
  ],
  "detected_translations": [
    {
      "translation_x": -0.0041839599609375,
      "translation_y": 0.38650665283203123
    }
  ]
}