{
  "id": "frame_1124",
  "user": "NPC-AI",
  "frame": "frame_1124",
  "detected_objects": [
    {
      "cls": 0,
      "landing_status": -1,
      "top_left_x": 321.44989013671875,
      "top_left_y": 233.1970672607422,
      "bottom_right_x": 418.18768310546875,
      "bottom_right_y": 459.98260498046875
    },
    {
      "cls": 0,
      "landing_status": -1,
      "top_left_x": 262.26519775390625,
      "top_left_y": 0.0,
      "bottom_right_x": 472.19281005859375,
      "bottom_right_y": 54.4608154296875
    }
  ],
  "detected_translations": [
    {
      "translation_x": 82.01501846313477,
      "translation_y": 102.65815734863281
    }
  ]
}