{
  "id": "frame_1140",
  "user": "NPC-AI",
  "frame": "frame_1140",
  "detected_objects": [
    {
      "cls": 0,
      "landing_status": -1,
      "top_left_x": 323.2952880859375,
      "top_left_y": 62.99291229248047,
      "bottom_right_x": 418.3468017578125,
      "bottom_right_y": 291.7183837890625
    }
  ],
  "detected_translations": [
    {
      "translation_x": 81.71590805053711,
      "translation_y": 98.3012596130371
    }
  ]
}