{
  "id": "frame_3283",
  "user": "NPC-A\u0130",
  "frame": "frame_3283",
  "detected_objects": [
    {
      "cls": 1.0,
      "top_left_x": 1213.980712890625,
      "top_left_y": 197.748046875,
      "bottom_right_x": 1251.287353515625,
      "bottom_right_y": 237.4490966796875
    }
  ],
  "detected_translations": [
    {
      "translation_x": 19.569091415405275,
      "translation_y": -36.84431762695313
    }
  ]
}