{
  "id": "frame_188",
  "user": "NPC-AI",
  "frame": "frame_188",
  "detected_objects": [
    {
      "cls": 1,
      "landing_status": -1,
      "top_left_x": 1347.265625,
      "top_left_y": 625.1480712890625,
      "bottom_right_x": 1384.091552734375,
      "bottom_right_y": 654.2606201171875
    }
  ],
  "detected_translations": [
    {
      "translation_x": 0.2201446533203125,
      "translation_y": 8.860889434814453
    }
  ]
}