{
  "id": "frame_513",
  "user": "NPC-AI",
  "frame": "frame_513",
  "detected_objects": [
    {
      "cls": 0,
      "landing_status": -1,
      "top_left_x": 1783.84130859375,
      "top_left_y": 0.0,
      "bottom_right_x": 1920.0,
      "bottom_right_y": 48.035980224609375
    }
  ],
  "detected_translations": [
    {
      "translation_x": -2.1385955810546875,
      "translation_y": 62.38758850097656
    }
  ]
}