{
  "id": "frame_745",
  "user": "NPC-A\u0130",
  "frame": "frame_745",
  "detected_objects": [
    {
      "cls": 1.0,
      "top_left_x": 982.11181640625,
      "top_left_y": 439.1474609375,
      "bottom_right_x": 1008.7745361328125,
      "bottom_right_y": 465.6551513671875
    }
  ],
  "detected_translations": [
    {
      "translation_x": -2.386199951171875,
      "translation_y": 111.17189331054688
    }
  ]
}