{
  "id": "frame_1449",
  "user": "NPC-A\u0130",
  "frame": "frame_1449",
  "detected_objects": [
    {
      "cls": 1.0,
      "top_left_x": 430.26519775390625,
      "top_left_y": 538.1854248046875,
      "bottom_right_x": 464.21087646484375,
      "bottom_right_y": 561.7247314453125
    }
  ],
  "detected_translations": [
    {
      "translation_x": 77.88602790832519,
      "translation_y": -15.727371215820312
    }
  ]
}