{
  "id": "frame_569",
  "user": "NPC-AI",
  "frame": "frame_569",
  "detected_objects": [
    {
      "cls": 0,
      "landing_status": -1,
      "top_left_x": 1772.563232421875,
      "top_left_y": 585.4111328125,
      "bottom_right_x": 1920.0,
      "bottom_right_y": 669.9249267578125
    }
  ],
  "detected_translations": [
    {
      "translation_x": -1.6716201782226563,
      "translation_y": 74.35218505859375
    }
  ]
}