{
  "id": "frame_132",
  "user": "NPC-A\u0130",
  "frame": "frame_132",
  "detected_objects": [
    {
      "cls": 1.0,
      "top_left_x": 1331.41650390625,
      "top_left_y": 389.5510559082031,
      "bottom_right_x": 1368.9619140625,
      "bottom_right_y": 415.9255676269531
    }
  ],
  "detected_translations": [
    {
      "translation_x": 0.52076416015625,
      "translation_y": 3.8606101989746096
    }
  ]
}