{
  "id": "frame_0525",
  "user": "NPC-AI",
  "frame": "frame_0525",
  "detected_objects": [
    {
      "cls": 2,
      "landing_status": 0,
      "top_left_x": 632.1951904296875,
      "top_left_y": 0.0,
      "bottom_right_x": 760.5072021484375,
      "bottom_right_y": 97.15792083740234
    },
    {
      "cls": 1,
      "landing_status": -1,
      "top_left_x": 1809.13623046875,
      "top_left_y": 584.59033203125,
      "bottom_right_x": 1850.304931640625,
      "bottom_right_y": 616.849609375
    },
    {
      "cls": 1,
      "landing_status": -1,
      "top_left_x": 1191.66015625,
      "top_left_y": 129.66390991210938,
      "bottom_right_x": 1218.88623046875,
      "bottom_right_y": 169.96536254882812
    }
  ],
  "detected_translations": [
    {
      "translation_x": 0.0,
      "translation_y": 0.0
    }
  ]
}