{
  "id": "frame_552",
  "user": "NPC-AI",
  "frame": "frame_552",
  "detected_objects": [
    {
      "cls": 0,
      "landing_status": -1,
      "top_left_x": 1775.85302734375,
      "top_left_y": 395.95556640625,
      "bottom_right_x": 1920.0,
      "bottom_right_y": 480.3128662109375
    }
  ],
  "detected_translations": [
    {
      "translation_x": -1.9670150756835938,
      "translation_y": 70.88370361328126
    }
  ]
}