{
  "id": "frame_1998",
  "user": "NPC-A\u0130",
  "frame": "frame_1998",
  "detected_objects": [
    {
      "cls": 0.0,
      "top_left_x": 0.0112762451171875,
      "top_left_y": 944.408447265625,
      "bottom_right_x": 107.38613891601562,
      "bottom_right_y": 1031.408203125
    },
    {
      "cls": 0.0,
      "top_left_x": 1876.8245849609375,
      "top_left_y": 899.84765625,
      "bottom_right_x": 1920.0,
      "bottom_right_y": 1003.6683349609375
    }
  ],
  "detected_translations": [
    {
      "translation_x": -1.7152942657470702,
      "translation_y": -60.905313873291014
    }
  ]
}