{
  "id": "frame_706",
  "user": "NPC-A\u0130",
  "frame": "frame_706",
  "detected_objects": [
    {
      "cls": 1.0,
      "top_left_x": 1046.709228515625,
      "top_left_y": 271.16534423828125,
      "bottom_right_x": 1080.694091796875,
      "bottom_right_y": 301.8526611328125
    },
    {
      "cls": 1.0,
      "top_left_x": 943.532958984375,
      "top_left_y": 260.22210693359375,
      "bottom_right_x": 976.00634765625,
      "bottom_right_y": 291.304443359375
    }
  ],
  "detected_translations": [
    {
      "translation_x": -3.040386962890625,
      "translation_y": 107.06627807617187
    }
  ]
}