{
  "id": "frame_128",
  "user": "NPC-A\u0130",
  "frame": "frame_128",
  "detected_objects": [
    {
      "cls": 1.0,
      "top_left_x": 1329.21337890625,
      "top_left_y": 372.1405029296875,
      "bottom_right_x": 1366.87890625,
      "bottom_right_y": 402.87969970703125
    }
  ],
  "detected_translations": [
    {
      "translation_x": 0.6140411376953125,
      "translation_y": 3.5242652893066406
    }
  ]
}