{
  "id": "frame_1001",
  "user": "NPC-A\u0130",
  "frame": "frame_1001",
  "detected_objects": [
    {
      "cls": 0.0,
      "top_left_x": 807.1223754882812,
      "top_left_y": 823.7021484375,
      "bottom_right_x": 909.9035034179688,
      "bottom_right_y": 1058.81005859375
    },
    {
      "cls": 1.0,
      "top_left_x": 1446.943603515625,
      "top_left_y": 820.3023681640625,
      "bottom_right_x": 1504.006103515625,
      "bottom_right_y": 856.8670654296875
    },
    {
      "cls": 1.0,
      "top_left_x": 1306.6019287109375,
      "top_left_y": 343.57379150390625,
      "bottom_right_x": 1365.0133056640625,
      "bottom_right_y": 375.65338134765625
    },
    {
      "cls": 1.0,
      "top_left_x": 1429.0025634765625,
      "top_left_y": 348.44537353515625,
      "bottom_right_x": 1485.2630615234375,
      "bottom_right_y": 380.85601806640625
    }
  ],
  "detected_translations": [
    {
      "translation_x": 68.97183532714844,
      "translation_y": 117.77535858154297
    }
  ]
}