{
  "id": "frame_1431",
  "user": "NPC-A\u0130",
  "frame": "frame_1431",
  "detected_objects": [
    {
      "cls": 1.0,
      "top_left_x": 467.86529541015625,
      "top_left_y": 819.080078125,
      "bottom_right_x": 513.3060913085938,
      "bottom_right_y": 846.490234375
    }
  ],
  "detected_translations": [
    {
      "translation_x": 78.17517127990723,
      "translation_y": -9.065398406982421
    }
  ]
}