{
  "id": "frame_877",
  "user": "NPC-AI",
  "frame": "frame_877",
  "detected_objects": [
    {
      "cls": 0,
      "landing_status": -1,
      "top_left_x": 934.6144409179688,
      "top_left_y": 0.0,
      "bottom_right_x": 1017.6203002929688,
      "bottom_right_y": 148.8765411376953
    },
    {
      "cls": 0,
      "landing_status": -1,
      "top_left_x": 460.52752685546875,
      "top_left_y": 306.1794128417969,
      "bottom_right_x": 648.8439331054688,
      "bottom_right_y": 391.2515563964844
    },
    {
      "cls": 1,
      "landing_status": -1,
      "top_left_x": 1160.486572265625,
      "top_left_y": 222.72708129882812,
      "bottom_right_x": 1200.3515625,
      "bottom_right_y": 257.6796875
    },
    {
      "cls": 1,
      "landing_status": -1,
      "top_left_x": 1624.3919677734375,
      "top_left_y": 675.9661865234375,
      "bottom_right_x": 1676.6260986328125,
      "bottom_right_y": 706.9808349609375
    }
  ],
  "detected_translations": [
    {
      "translation_x": 23.790261840820314,
      "translation_y": 114.29202728271484
    }
  ]
}