{
  "id": "frame_1147",
  "user": "NPC-A\u0130",
  "frame": "frame_1147",
  "detected_objects": [
    {
      "cls": 0.0,
      "top_left_x": 319.36187744140625,
      "top_left_y": 0.0,
      "bottom_right_x": 416.71441650390625,
      "bottom_right_y": 218.82916259765625
    }
  ],
  "detected_translations": [
    {
      "translation_x": 81.40472946166992,
      "translation_y": 96.08779678344726
    }
  ]
}