{
  "id": "frame_116",
  "user": "NPC-AI",
  "frame": "frame_116",
  "detected_objects": [
    {
      "cls": 1,
      "landing_status": -1,
      "top_left_x": 1718.46923828125,
      "top_left_y": 1000.2681884765625,
      "bottom_right_x": 1773.486572265625,
      "bottom_right_y": 1048.5338134765625
    }
  ],
  "detected_translations": [
    {
      "translation_x": 0.344451904296875,
      "translation_y": 2.2915298461914064
    }
  ]
}