{
  "id": "frame_250",
  "user": "NPC-A\u0130",
  "frame": "frame_250",
  "detected_objects": [
    {
      "cls": 1.0,
      "top_left_x": 1360.779541015625,
      "top_left_y": 853.8040771484375,
      "bottom_right_x": 1396.350830078125,
      "bottom_right_y": 887.4244384765625
    }
  ],
  "detected_translations": [
    {
      "translation_x": -0.8546112060546875,
      "translation_y": 14.044154357910156
    }
  ]
}