{
  "id": "frame_3283",
  "user": "NPC-AI",
  "frame": "frame_3283",
  "detected_objects": [
    {
      "cls": 1,
      "landing_status": -1,
      "top_left_x": 1215.176025390625,
      "top_left_y": 196.85650634765625,
      "bottom_right_x": 1251.980224609375,
      "bottom_right_y": 237.0360107421875
    }
  ],
  "detected_translations": [
    {
      "translation_x": 19.569091415405275,
      "translation_y": -36.84431762695313
    }
  ]
}