{
  "id": "frame_3272",
  "user": "NPC-A\u0130",
  "frame": "frame_3272",
  "detected_objects": [
    {
      "cls": 1.0,
      "top_left_x": 1388.619140625,
      "top_left_y": 160.697265625,
      "bottom_right_x": 1429.431640625,
      "bottom_right_y": 194.50048828125
    }
  ],
  "detected_translations": [
    {
      "translation_x": 15.80812339782715,
      "translation_y": -37.01634063720703
    }
  ]
}