{
  "id": "frame_2302",
  "user": "NPC-AI",
  "frame": "frame_2302",
  "detected_objects": [
    {
      "cls": 1,
      "landing_status": -1,
      "top_left_x": 26.053802490234375,
      "top_left_y": 153.3841552734375,
      "bottom_right_x": 61.12977600097656,
      "bottom_right_y": 186.16552734375
    }
  ],
  "detected_translations": [
    {
      "translation_x": -9.267802810668945,
      "translation_y": -14.378262329101563
    }
  ]
}