{
  "id": "frame_863",
  "user": "NPC-A\u0130",
  "frame": "frame_863",
  "detected_objects": [
    {
      "cls": 0.0,
      "top_left_x": 759.50830078125,
      "top_left_y": 304.5863037109375,
      "bottom_right_x": 952.0770263671875,
      "bottom_right_y": 390.1165771484375
    },
    {
      "cls": 0.0,
      "top_left_x": 1096.036865234375,
      "top_left_y": 0.0,
      "bottom_right_x": 1176.739990234375,
      "bottom_right_y": 141.08241271972656
    }
  ],
  "detected_translations": [
    {
      "translation_x": 19.232098388671876,
      "translation_y": 113.84032897949218
    }
  ]
}