{
  "id": "frame_1132",
  "user": "NPC-A\u0130",
  "frame": "frame_1132",
  "detected_objects": [
    {
      "cls": 0.0,
      "top_left_x": 319.69647216796875,
      "top_left_y": 150.7310791015625,
      "bottom_right_x": 421.55938720703125,
      "bottom_right_y": 380.8377685546875
    }
  ],
  "detected_translations": [
    {
      "translation_x": 81.8104034423828,
      "translation_y": 100.56642990112304
    }
  ]
}