{
  "id": "frame_34",
  "user": "NPC-AI",
  "frame": "frame_34",
  "detected_objects": [
    {
      "cls": 1,
      "landing_status": -1,
      "top_left_x": 1287.4793701171875,
      "top_left_y": 206.38587951660156,
      "bottom_right_x": 1319.6466064453125,
      "bottom_right_y": 238.3297882080078
    }
  ],
  "detected_translations": [
    {
      "translation_x": 0.0629638671875,
      "translation_y": 0.25971527099609376
    }
  ]
}