{
  "id": "frame_590",
  "user": "NPC-AI",
  "frame": "frame_590",
  "detected_objects": [
    {
      "cls": 0,
      "landing_status": -1,
      "top_left_x": 1766.6397705078125,
      "top_left_y": 815.894775390625,
      "bottom_right_x": 1920.0,
      "bottom_right_y": 899.6365966796875
    }
  ],
  "detected_translations": [
    {
      "translation_x": -1.9420730590820312,
      "translation_y": 79.26278228759766
    }
  ]
}