{
  "id": "frame_1145",
  "user": "NPC-AI",
  "frame": "frame_1145",
  "detected_objects": [
    {
      "cls": 0,
      "landing_status": -1,
      "top_left_x": 324.8487548828125,
      "top_left_y": 7.8192901611328125,
      "bottom_right_x": 417.6173095703125,
      "bottom_right_y": 238.2432403564453
    }
  ],
  "detected_translations": [
    {
      "translation_x": 81.47376174926758,
      "translation_y": 96.67209091186524
    }
  ]
}