{
  "id": "frame_571",
  "user": "NPC-A\u0130",
  "frame": "frame_571",
  "detected_objects": [
    {
      "cls": 0.0,
      "top_left_x": 1773.366455078125,
      "top_left_y": 608.2586669921875,
      "bottom_right_x": 1920.0,
      "bottom_right_y": 694.6600341796875
    }
  ],
  "detected_translations": [
    {
      "translation_x": -1.7953536987304688,
      "translation_y": 74.6501968383789
    }
  ]
}