{
  "id": "frame_892",
  "user": "NPC-AI",
  "frame": "frame_892",
  "detected_objects": [
    {
      "cls": 0,
      "landing_status": -1,
      "top_left_x": 131.87960815429688,
      "top_left_y": 307.536376953125,
      "bottom_right_x": 318.37506103515625,
      "bottom_right_y": 391.93316650390625
    },
    {
      "cls": 0,
      "landing_status": -1,
      "top_left_x": 755.3857421875,
      "top_left_y": 0.0,
      "bottom_right_x": 839.10693359375,
      "bottom_right_y": 157.8134307861328
    },
    {
      "cls": 0,
      "landing_status": -1,
      "top_left_x": 826.1657104492188,
      "top_left_y": 993.2025146484375,
      "bottom_right_x": 907.4359741210938,
      "bottom_right_y": 1077.6732177734375
    },
    {
      "cls": 1,
      "landing_status": -1,
      "top_left_x": 1016.404052734375,
      "top_left_y": 230.8192138671875,
      "bottom_right_x": 1053.070556640625,
      "bottom_right_y": 265.24920654296875
    }
  ],
  "detected_translations": [
    {
      "translation_x": 28.584576416015626,
      "translation_y": 114.63068237304688
    }
  ]
}