{
  "id": "frame_953",
  "user": "NPC-A\u0130",
  "frame": "frame_953",
  "detected_objects": [
    {
      "cls": 0.0,
      "top_left_x": 1208.7271728515625,
      "top_left_y": 408.10345458984375,
      "bottom_right_x": 1393.7459716796875,
      "bottom_right_y": 498.9384765625
    },
    {
      "cls": 0.0,
      "top_left_x": 0.0,
      "top_left_y": 28.575454711914062,
      "bottom_right_x": 50.76641082763672,
      "bottom_right_y": 207.28054809570312
    }
  ],
  "detected_translations": [
    {
      "translation_x": 49.78182373046875,
      "translation_y": 116.57703399658203
    }
  ]
}