{
  "id": "frame_284",
  "user": "NPC-A\u0130",
  "frame": "frame_284",
  "detected_objects": [
    {
      "cls": 1.0,
      "top_left_x": 1366.53759765625,
      "top_left_y": 979.1161499023438,
      "bottom_right_x": 1401.32568359375,
      "bottom_right_y": 1015.9404907226562
    }
  ],
  "detected_translations": [
    {
      "translation_x": -0.7338531494140625,
      "translation_y": 16.624967193603517
    }
  ]
}