{
  "id": "frame_676",
  "user": "NPC-AI",
  "frame": "frame_676",
  "detected_objects": [
    {
      "cls": 1,
      "landing_status": -1,
      "top_left_x": 1105.354736328125,
      "top_left_y": 0.0,
      "bottom_right_x": 1145.563720703125,
      "bottom_right_y": 33.492088317871094
    },
    {
      "cls": 1,
      "landing_status": -1,
      "top_left_x": 1013.7427978515625,
      "top_left_y": 0.0,
      "bottom_right_x": 1046.2481689453125,
      "bottom_right_y": 32.50469970703125
    },
    {
      "cls": 1,
      "landing_status": -1,
      "top_left_x": 1015.135498046875,
      "top_left_y": 20.718021392822266,
      "bottom_right_x": 1047.2509765625,
      "bottom_right_y": 57.6187629699707
    }
  ],
  "detected_translations": [
    {
      "translation_x": -2.971728515625,
      "translation_y": 99.6063850402832
    }
  ]
}