{
  "id": "frame_2667",
  "user": "NPC-A\u0130",
  "frame": "frame_2667",
  "detected_objects": [
    {
      "cls": 1.0,
      "top_left_x": 1829.0433349609375,
      "top_left_y": 234.10443115234375,
      "bottom_right_x": 1875.3016357421875,
      "bottom_right_y": 260.8057861328125
    },
    {
      "cls": 1.0,
      "top_left_x": 1177.367431640625,
      "top_left_y": 16.785388946533203,
      "bottom_right_x": 1197.428466796875,
      "bottom_right_y": 42.96430587768555
    }
  ],
  "detected_translations": [
    {
      "translation_x": -77.03574409484864,
      "translation_y": -26.737107849121095
    }
  ]
}