{
  "id": "frame_2688",
  "user": "NPC-AI",
  "frame": "frame_2688",
  "detected_objects": [
    {
      "cls": 1,
      "landing_status": -1,
      "top_left_x": 1864.064697265625,
      "top_left_y": 127.76289367675781,
      "bottom_right_x": 1913.54833984375,
      "bottom_right_y": 166.2252655029297
    },
    {
      "cls": 1,
      "landing_status": -1,
      "top_left_x": 1045.251953125,
      "top_left_y": 78.76922607421875,
      "bottom_right_x": 1071.73291015625,
      "bottom_right_y": 105.69134521484375
    },
    {
      "cls": 1,
      "landing_status": -1,
      "top_left_x": 1054.351318359375,
      "top_left_y": 42.993377685546875,
      "bottom_right_x": 1075.09375,
      "bottom_right_y": 79.5914306640625
    },
    {
      "cls": 1,
      "landing_status": -1,
      "top_left_x": 1873.20263671875,
      "top_left_y": 128.13888549804688,
      "bottom_right_x": 1913.09228515625,
      "bottom_right_y": 161.27890014648438
    }
  ],
  "detected_translations": [
    {
      "translation_x": -76.93587837219238,
      "translation_y": -29.461260986328124
    }
  ]
}