{
  "id": "frame_927",
  "user": "NPC-AI",
  "frame": "frame_927",
  "detected_objects": [
    {
      "cls": 0,
      "landing_status": -1,
      "top_left_x": 300.58056640625,
      "top_left_y": 7.3695831298828125,
      "bottom_right_x": 399.6483154296875,
      "bottom_right_y": 188.48257446289062
    },
    {
      "cls": 1,
      "landing_status": -1,
      "top_left_x": 630.7000732421875,
      "top_left_y": 261.5482177734375,
      "bottom_right_x": 678.3809814453125,
      "bottom_right_y": 294.94659423828125
    },
    {
      "cls": 1,
      "landing_status": -1,
      "top_left_x": 911.55615234375,
      "top_left_y": 789.358642578125,
      "bottom_right_x": 944.172119140625,
      "bottom_right_y": 837.9693603515625
    }
  ],
  "detected_translations": [
    {
      "translation_x": 39.97938079833985,
      "translation_y": 116.02876739501953
    }
  ]
}