{
  "id": "frame_1343",
  "user": "NPC-AI",
  "frame": "frame_1343",
  "detected_objects": [
    {
      "cls": 1,
      "landing_status": -1,
      "top_left_x": 1177.2559814453125,
      "top_left_y": 320.7113342285156,
      "bottom_right_x": 1203.9678955078125,
      "bottom_right_y": 364.3955383300781
    },
    {
      "cls": 1,
      "landing_status": -1,
      "top_left_x": 1146.98486328125,
      "top_left_y": 328.15985107421875,
      "bottom_right_x": 1172.194580078125,
      "bottom_right_y": 364.03729248046875
    },
    {
      "cls": 0,
      "landing_status": -1,
      "top_left_x": 874.3446044921875,
      "top_left_y": 1024.42431640625,
      "bottom_right_x": 898.7237548828125,
      "bottom_right_y": 1078.57080078125
    }
  ],
  "detected_translations": [
    {
      "translation_x": 78.92268867492676,
      "translation_y": 23.43159408569336
    }
  ]
}