{
  "id": "frame_910",
  "user": "NPC-A\u0130",
  "frame": "frame_910",
  "detected_objects": [
    {
      "cls": 0.0,
      "top_left_x": 523.3406982421875,
      "top_left_y": 0.0,
      "bottom_right_x": 618.616455078125,
      "bottom_right_y": 171.75698852539062
    }
  ],
  "detected_translations": [
    {
      "translation_x": 34.287149047851564,
      "translation_y": 115.7016387939453
    }
  ]
}