{
  "id": "frame_1154",
  "user": "NPC-A\u0130",
  "frame": "frame_1154",
  "detected_objects": [
    {
      "cls": 0.0,
      "top_left_x": 319.94696044921875,
      "top_left_y": 0.0,
      "bottom_right_x": 426.21368408203125,
      "bottom_right_y": 141.03564453125
    }
  ],
  "detected_translations": [
    {
      "translation_x": 81.35613021850585,
      "translation_y": 93.50698928833008
    }
  ]
}