{
  "id": "frame_1432",
  "user": "NPC-A\u0130",
  "frame": "frame_1432",
  "detected_objects": [
    {
      "cls": 1.0,
      "top_left_x": 465.38140869140625,
      "top_left_y": 803.947265625,
      "bottom_right_x": 512.5298461914062,
      "bottom_right_y": 831.7783203125
    }
  ],
  "detected_translations": [
    {
      "translation_x": 78.11326026916504,
      "translation_y": -9.520741271972657
    }
  ]
}