{
  "id": "frame_50",
  "user": "NPC-AI",
  "frame": "frame_50",
  "detected_objects": [
    {
      "cls": 1,
      "landing_status": -1,
      "top_left_x": 1294.76611328125,
      "top_left_y": 210.03993225097656,
      "bottom_right_x": 1327.30126953125,
      "bottom_right_y": 243.0933074951172
    },
    {
      "cls": 1,
      "landing_status": -1,
      "top_left_x": 1691.4091796875,
      "top_left_y": 743.818603515625,
      "bottom_right_x": 1744.01416015625,
      "bottom_right_y": 780.363037109375
    }
  ],
  "detected_translations": [
    {
      "translation_x": 0.02872314453125,
      "translation_y": 0.5336090087890625
    }
  ]
}