{
  "id": "frame_106",
  "user": "NPC-A\u0130",
  "frame": "frame_106",
  "detected_objects": [
    {
      "cls": 1.0,
      "top_left_x": 1321.104736328125,
      "top_left_y": 279.4541015625,
      "bottom_right_x": 1355.511474609375,
      "bottom_right_y": 315.458740234375
    }
  ],
  "detected_translations": [
    {
      "translation_x": 0.361932373046875,
      "translation_y": 1.5817474365234374
    }
  ]
}