{
  "id": "frame_180",
  "user": "NPC-A\u0130",
  "frame": "frame_180",
  "detected_objects": [
    {
      "cls": 1.0,
      "top_left_x": 1344.85302734375,
      "top_left_y": 593.3782958984375,
      "bottom_right_x": 1381.77392578125,
      "bottom_right_y": 622.760986328125
    }
  ],
  "detected_translations": [
    {
      "translation_x": -0.0039642333984375,
      "translation_y": 8.312629699707031
    }
  ]
}