{
  "id": "frame_3252",
  "user": "NPC-A\u0130",
  "frame": "frame_3252",
  "detected_objects": [
    {
      "cls": 1.0,
      "top_left_x": 1702.4219970703125,
      "top_left_y": 94.68618774414062,
      "bottom_right_x": 1757.6329345703125,
      "bottom_right_y": 137.04339599609375
    }
  ],
  "detected_translations": [
    {
      "translation_x": 9.475683212280273,
      "translation_y": -37.708676147460935
    }
  ]
}