{
  "id": "frame_2528",
  "user": "NPC-A\u0130",
  "frame": "frame_2528",
  "detected_objects": [
    {
      "cls": 1.0,
      "top_left_x": 1293.39111328125,
      "top_left_y": 181.99118041992188,
      "bottom_right_x": 1328.8056640625,
      "bottom_right_y": 207.0711669921875
    },
    {
      "cls": 1.0,
      "top_left_x": 1511.016845703125,
      "top_left_y": 808.46484375,
      "bottom_right_x": 1545.014892578125,
      "bottom_right_y": 836.212158203125
    },
    {
      "cls": 1.0,
      "top_left_x": 568.0140991210938,
      "top_left_y": 539.0294189453125,
      "bottom_right_x": 593.8663940429688,
      "bottom_right_y": 560.2884521484375
    },
    {
      "cls": 1.0,
      "top_left_x": 854.0584716796875,
      "top_left_y": 586.954345703125,
      "bottom_right_x": 881.4908447265625,
      "bottom_right_y": 645.674072265625
    }
  ],
  "detected_translations": [
    {
      "translation_x": -64.15713386535644,
      "translation_y": -12.469051361083984
    }
  ]
}