{
  "id": "frame_538",
  "user": "NPC-AI",
  "frame": "frame_538",
  "detected_objects": [
    {
      "cls": 0,
      "landing_status": -1,
      "top_left_x": 1778.4453125,
      "top_left_y": 238.49200439453125,
      "bottom_right_x": 1920.0,
      "bottom_right_y": 324.8038330078125
    }
  ],
  "detected_translations": [
    {
      "translation_x": -2.1187744140625,
      "translation_y": 67.9553207397461
    }
  ]
}