{
  "id": "frame_792",
  "user": "NPC-A\u0130",
  "frame": "frame_792",
  "detected_objects": [
    {
      "cls": 1.0,
      "top_left_x": 738.2213134765625,
      "top_left_y": 522.2743530273438,
      "bottom_right_x": 783.13525390625,
      "bottom_right_y": 548.6376342773438
    },
    {
      "cls": 1.0,
      "top_left_x": 601.6461181640625,
      "top_left_y": 501.0548095703125,
      "bottom_right_x": 637.564453125,
      "bottom_right_y": 526.6192626953125
    },
    {
      "cls": 1.0,
      "top_left_x": 615.674560546875,
      "top_left_y": 531.62060546875,
      "bottom_right_x": 643.3846435546875,
      "bottom_right_y": 557.6427001953125
    },
    {
      "cls": 0.0,
      "top_left_x": 1808.642822265625,
      "top_left_y": 942.3883056640625,
      "bottom_right_x": 1901.90673828125,
      "bottom_right_y": 1079.8983154296875
    }
  ],
  "detected_translations": [
    {
      "translation_x": 1.9713592529296875,
      "translation_y": 113.31790008544922
    }
  ]
}