{
  "id": "frame_756",
  "user": "NPC-A\u0130",
  "frame": "frame_756",
  "detected_objects": [
    {
      "cls": 1.0,
      "top_left_x": 943.2242431640625,
      "top_left_y": 461.7567443847656,
      "bottom_right_x": 976.51025390625,
      "bottom_right_y": 488.4861145019531
    },
    {
      "cls": 1.0,
      "top_left_x": 841.719970703125,
      "top_left_y": 472.74169921875,
      "bottom_right_x": 876.6126708984375,
      "bottom_right_y": 498.78057861328125
    },
    {
      "cls": 1.0,
      "top_left_x": 543.4891357421875,
      "top_left_y": 39.69886016845703,
      "bottom_right_x": 581.6077880859375,
      "bottom_right_y": 70.28852081298828
    }
  ],
  "detected_translations": [
    {
      "translation_x": -2.3583099365234377,
      "translation_y": 111.64894256591796
    }
  ]
}