{
  "id": "frame_270",
  "user": "NPC-A\u0130",
  "frame": "frame_270",
  "detected_objects": [
    {
      "cls": 1.0,
      "top_left_x": 1363.418701171875,
      "top_left_y": 924.8175659179688,
      "bottom_right_x": 1398.833984375,
      "bottom_right_y": 961.2449340820312
    }
  ],
  "detected_translations": [
    {
      "translation_x": -0.3252197265625,
      "translation_y": 15.447944641113281
    }
  ]
}