{
  "id": "frame_532",
  "user": "NPC-AI",
  "frame": "frame_532",
  "detected_objects": [
    {
      "cls": 0,
      "landing_status": -1,
      "top_left_x": 1780.2802734375,
      "top_left_y": 169.82168579101562,
      "bottom_right_x": 1920.0,
      "bottom_right_y": 258.2016296386719
    }
  ],
  "detected_translations": [
    {
      "translation_x": -1.8959976196289063,
      "translation_y": 66.61590118408203
    }
  ]
}