{
  "id": "frame_757",
  "user": "NPC-A\u0130",
  "frame": "frame_757",
  "detected_objects": [
    {
      "cls": 1.0,
      "top_left_x": 940.7569580078125,
      "top_left_y": 463.56097412109375,
      "bottom_right_x": 973.4407958984375,
      "bottom_right_y": 490.29449462890625
    },
    {
      "cls": 1.0,
      "top_left_x": 545.648681640625,
      "top_left_y": 41.51245880126953,
      "bottom_right_x": 579.6441650390625,
      "bottom_right_y": 71.98734283447266
    },
    {
      "cls": 1.0,
      "top_left_x": 838.630859375,
      "top_left_y": 474.520751953125,
      "bottom_right_x": 871.2728271484375,
      "bottom_right_y": 500.516845703125
    }
  ],
  "detected_translations": [
    {
      "translation_x": -2.145867919921875,
      "translation_y": 111.717529296875
    }
  ]
}