{
  "id": "frame_1125",
  "user": "NPC-AI",
  "frame": "frame_1125",
  "detected_objects": [
    {
      "cls": 0,
      "landing_status": -1,
      "top_left_x": 321.1351318359375,
      "top_left_y": 222.60736083984375,
      "bottom_right_x": 418.4935302734375,
      "bottom_right_y": 459.30914306640625
    },
    {
      "cls": 0,
      "landing_status": -1,
      "top_left_x": 278.45831298828125,
      "top_left_y": 0.0,
      "bottom_right_x": 485.0006103515625,
      "bottom_right_y": 44.426048278808594
    }
  ],
  "detected_translations": [
    {
      "translation_x": 81.97220001220703,
      "translation_y": 102.4157615661621
    }
  ]
}