{
  "id": "frame_1375",
  "user": "NPC-A\u0130",
  "frame": "frame_1375",
  "detected_objects": [
    {
      "cls": 1.0,
      "top_left_x": 1252.8292236328125,
      "top_left_y": 768.0810546875,
      "bottom_right_x": 1286.7662353515625,
      "bottom_right_y": 791.803466796875
    },
    {
      "cls": 1.0,
      "top_left_x": 1226.2412109375,
      "top_left_y": 788.6292724609375,
      "bottom_right_x": 1254.27490234375,
      "bottom_right_y": 819.0963134765625
    }
  ],
  "detected_translations": [
    {
      "translation_x": 78.83790168762206,
      "translation_y": 12.74185562133789
    }
  ]
}