{
  "id": "frame_3286",
  "user": "NPC-AI",
  "frame": "frame_3286",
  "detected_objects": [
    {
      "cls": 1,
      "landing_status": -1,
      "top_left_x": 1169.732177734375,
      "top_left_y": 204.86221313476562,
      "bottom_right_x": 1204.341552734375,
      "bottom_right_y": 239.74630737304688
    }
  ],
  "detected_translations": [
    {
      "translation_x": 20.84046287536621,
      "translation_y": -36.71342163085937
    }
  ]
}