{
  "id": "frame_2678",
  "user": "NPC-AI",
  "frame": "frame_2678",
  "detected_objects": [
    {
      "cls": 1,
      "landing_status": -1,
      "top_left_x": 1848.6717529296875,
      "top_left_y": 178.75621032714844,
      "bottom_right_x": 1894.9906005859375,
      "bottom_right_y": 211.6531524658203
    },
    {
      "cls": 1,
      "landing_status": -1,
      "top_left_x": 1450.3260498046875,
      "top_left_y": 54.158851623535156,
      "bottom_right_x": 1473.0216064453125,
      "bottom_right_y": 83.43743133544922
    },
    {
      "cls": 1,
      "landing_status": -1,
      "top_left_x": 1025.913818359375,
      "top_left_y": 140.37100219726562,
      "bottom_right_x": 1050.45556640625,
      "bottom_right_y": 166.55490112304688
    },
    {
      "cls": 1,
      "landing_status": -1,
      "top_left_x": 1009.849609375,
      "top_left_y": 98.47239685058594,
      "bottom_right_x": 1032.238037109375,
      "bottom_right_y": 132.2865447998047
    }
  ],
  "detected_translations": [
    {
      "translation_x": -77.51863136291504,
      "translation_y": -28.1212158203125
    }
  ]
}