{
  "id": "frame_145",
  "user": "NPC-AI",
  "frame": "frame_145",
  "detected_objects": [
    {
      "cls": 1,
      "landing_status": -1,
      "top_left_x": 1335.06787109375,
      "top_left_y": 444.71807861328125,
      "bottom_right_x": 1372.58251953125,
      "bottom_right_y": 474.13861083984375
    }
  ],
  "detected_translations": [
    {
      "translation_x": 0.2484283447265625,
      "translation_y": 5.332653045654297
    }
  ]
}