{
  "id": "frame_570",
  "user": "NPC-AI",
  "frame": "frame_570",
  "detected_objects": [
    {
      "cls": 0,
      "landing_status": -1,
      "top_left_x": 1772.655029296875,
      "top_left_y": 597.390869140625,
      "bottom_right_x": 1920.0,
      "bottom_right_y": 680.6165771484375
    }
  ],
  "detected_translations": [
    {
      "translation_x": -1.6688735961914063,
      "translation_y": 74.46322631835938
    }
  ]
}