{
  "id": "frame_1461",
  "user": "NPC-A\u0130",
  "frame": "frame_1461",
  "detected_objects": [
    {
      "cls": 1.0,
      "top_left_x": 408.7526550292969,
      "top_left_y": 345.34716796875,
      "bottom_right_x": 456.6490783691406,
      "bottom_right_y": 374.603759765625
    }
  ],
  "detected_translations": [
    {
      "translation_x": 77.89650688171386,
      "translation_y": -20.59922637939453
    }
  ]
}