{
  "id": "frame_687",
  "user": "NPC-A\u0130",
  "frame": "frame_687",
  "detected_objects": [
    {
      "cls": 1.0,
      "top_left_x": 1096.989013671875,
      "top_left_y": 106.40591430664062,
      "bottom_right_x": 1120.5244140625,
      "bottom_right_y": 139.85992431640625
    }
  ],
  "detected_translations": [
    {
      "translation_x": -3.69781494140625,
      "translation_y": 102.6242446899414
    }
  ]
}