{
  "id": "frame_2514",
  "user": "NPC-A\u0130",
  "frame": "frame_2514",
  "detected_objects": [
    {
      "cls": 1.0,
      "top_left_x": 720.1607055664062,
      "top_left_y": 818.149658203125,
      "bottom_right_x": 743.6187133789062,
      "bottom_right_y": 849.031494140625
    },
    {
      "cls": 1.0,
      "top_left_x": 840.5929565429688,
      "top_left_y": 756.2548828125,
      "bottom_right_x": 868.6795043945312,
      "bottom_right_y": 779.664306640625
    },
    {
      "cls": 1.0,
      "top_left_x": 513.5418701171875,
      "top_left_y": 527.2440185546875,
      "bottom_right_x": 542.2838134765625,
      "bottom_right_y": 550.8492431640625
    },
    {
      "cls": 1.0,
      "top_left_x": 1433.849853515625,
      "top_left_y": 800.3419799804688,
      "bottom_right_x": 1461.462646484375,
      "bottom_right_y": 833.3616333007812
    }
  ],
  "detected_translations": [
    {
      "translation_x": -62.02756843566895,
      "translation_y": -12.171173858642579
    }
  ]
}