{
  "id": "frame_76",
  "user": "NPC-AI",
  "frame": "frame_76",
  "detected_objects": [
    {
      "cls": 1,
      "landing_status": -1,
      "top_left_x": 1306.856201171875,
      "top_left_y": 218.51651000976562,
      "bottom_right_x": 1340.985595703125,
      "bottom_right_y": 251.70785522460938
    },
    {
      "cls": 1,
      "landing_status": -1,
      "top_left_x": 1704.042724609375,
      "top_left_y": 807.765625,
      "bottom_right_x": 1754.287353515625,
      "bottom_right_y": 851.79296875
    }
  ],
  "detected_translations": [
    {
      "translation_x": 0.2272491455078125,
      "translation_y": 0.6628326416015625
    }
  ]
}