{
  "id": "frame_698",
  "user": "NPC-AI",
  "frame": "frame_698",
  "detected_objects": [
    {
      "cls": 1,
      "landing_status": -1,
      "top_left_x": 1067.5369873046875,
      "top_left_y": 207.91127014160156,
      "bottom_right_x": 1099.4512939453125,
      "bottom_right_y": 237.7440643310547
    },
    {
      "cls": 1,
      "landing_status": -1,
      "top_left_x": 970.1732788085938,
      "top_left_y": 232.00277709960938,
      "bottom_right_x": 1005.7228393554688,
      "bottom_right_y": 259.3425598144531
    },
    {
      "cls": 1,
      "landing_status": -1,
      "top_left_x": 965.6365966796875,
      "top_left_y": 199.3154296875,
      "bottom_right_x": 998.1484375,
      "bottom_right_y": 229.69796752929688
    }
  ],
  "detected_translations": [
    {
      "translation_x": -3.2381378173828126,
      "translation_y": 105.43860473632813
    }
  ]
}