{
  "id": "frame_457",
  "user": "NPC-AI",
  "frame": "frame_457",
  "detected_objects": [
    {
      "cls": 0,
      "landing_status": -1,
      "top_left_x": 1781.61328125,
      "top_left_y": 218.34413146972656,
      "bottom_right_x": 1920.0,
      "bottom_right_y": 297.1527099609375
    },
    {
      "cls": 1,
      "landing_status": -1,
      "top_left_x": 1639.42626953125,
      "top_left_y": 921.3636474609375,
      "bottom_right_x": 1676.58349609375,
      "bottom_right_y": 948.528076171875
    }
  ],
  "detected_translations": [
    {
      "translation_x": -1.2435150146484375,
      "translation_y": 47.889495849609375
    }
  ]
}