{
  "id": "frame_56",
  "user": "NPC-A\u0130",
  "frame": "frame_56",
  "detected_objects": [
    {
      "cls": 1.0,
      "top_left_x": 1296.73095703125,
      "top_left_y": 209.67019653320312,
      "bottom_right_x": 1330.085693359375,
      "bottom_right_y": 245.14572143554688
    },
    {
      "cls": 1.0,
      "top_left_x": 1713.67919921875,
      "top_left_y": 781.2890625,
      "bottom_right_x": 1740.1708984375,
      "bottom_right_y": 796.5819091796875
    }
  ],
  "detected_translations": [
    {
      "translation_x": 0.1222320556640625,
      "translation_y": 0.40894012451171874
    }
  ]
}