{
  "id": "frame_586",
  "user": "NPC-A\u0130",
  "frame": "frame_586",
  "detected_objects": [
    {
      "cls": 0.0,
      "top_left_x": 1767.5045166015625,
      "top_left_y": 771.5613403320312,
      "bottom_right_x": 1919.9508056640625,
      "bottom_right_y": 862.7306518554688
    }
  ],
  "detected_translations": [
    {
      "translation_x": -2.051564025878906,
      "translation_y": 78.22988586425781
    }
  ]
}