{
  "id": "frame_3319",
  "user": "NPC-A\u0130",
  "frame": "frame_3319",
  "detected_objects": [
    {
      "cls": 1.0,
      "top_left_x": 710.086181640625,
      "top_left_y": 285.032470703125,
      "bottom_right_x": 745.75537109375,
      "bottom_right_y": 319.1361083984375
    }
  ],
  "detected_translations": [
    {
      "translation_x": 31.55700798034668,
      "translation_y": -36.478460693359374
    }
  ]
}