{
  "id": "frame_758",
  "user": "NPC-A\u0130",
  "frame": "frame_758",
  "detected_objects": [
    {
      "cls": 1.0,
      "top_left_x": 544.45068359375,
      "top_left_y": 43.635032653808594,
      "bottom_right_x": 577.7039794921875,
      "bottom_right_y": 74.65579223632812
    },
    {
      "cls": 1.0,
      "top_left_x": 938.647216796875,
      "top_left_y": 465.25933837890625,
      "bottom_right_x": 968.989501953125,
      "bottom_right_y": 492.26055908203125
    },
    {
      "cls": 1.0,
      "top_left_x": 834.7598876953125,
      "top_left_y": 478.6060791015625,
      "bottom_right_x": 865.5665283203125,
      "bottom_right_y": 502.16064453125
    }
  ],
  "detected_translations": [
    {
      "translation_x": -2.11009521484375,
      "translation_y": 111.74579162597657
    }
  ]
}