{
  "id": "frame_796",
  "user": "NPC-A\u0130",
  "frame": "frame_796",
  "detected_objects": [
    {
      "cls": 1.0,
      "top_left_x": 704.627197265625,
      "top_left_y": 524.54736328125,
      "bottom_right_x": 743.2816162109375,
      "bottom_right_y": 550.924560546875
    },
    {
      "cls": 0.0,
      "top_left_x": 1782.002685546875,
      "top_left_y": 944.93505859375,
      "bottom_right_x": 1874.755126953125,
      "bottom_right_y": 1079.436279296875
    },
    {
      "cls": 1.0,
      "top_left_x": 442.090087890625,
      "top_left_y": 99.33364868164062,
      "bottom_right_x": 488.5242919921875,
      "bottom_right_y": 130.65440368652344
    },
    {
      "cls": 1.0,
      "top_left_x": 567.3828735351562,
      "top_left_y": 502.78033447265625,
      "bottom_right_x": 613.5827026367188,
      "bottom_right_y": 529.4082641601562
    }
  ],
  "detected_translations": [
    {
      "translation_x": 2.3318023681640625,
      "translation_y": 113.33919219970703
    }
  ]
}