{
  "id": "frame_1349",
  "user": "NPC-AI",
  "frame": "frame_1349",
  "detected_objects": [
    {
      "cls": 1,
      "landing_status": -1,
      "top_left_x": 1149.09326171875,
      "top_left_y": 234.65228271484375,
      "bottom_right_x": 1176.0224609375,
      "bottom_right_y": 267.9483337402344
    },
    {
      "cls": 1,
      "landing_status": -1,
      "top_left_x": 1180.45068359375,
      "top_left_y": 221.62762451171875,
      "bottom_right_x": 1209.47509765625,
      "bottom_right_y": 256.4690856933594
    },
    {
      "cls": 0,
      "landing_status": -1,
      "top_left_x": 877.661865234375,
      "top_left_y": 944.7724609375,
      "bottom_right_x": 905.9803466796875,
      "bottom_right_y": 1025.78369140625
    }
  ],
  "detected_translations": [
    {
      "translation_x": 79.06114082336425,
      "translation_y": 21.42673568725586
    }
  ]
}