{
  "id": "frame_199",
  "user": "NPC-A\u0130",
  "frame": "frame_199",
  "detected_objects": [
    {
      "cls": 1.0,
      "top_left_x": 1349.5455322265625,
      "top_left_y": 669.1319580078125,
      "bottom_right_x": 1387.2325439453125,
      "bottom_right_y": 698.8621826171875
    }
  ],
  "detected_translations": [
    {
      "translation_x": 0.1409027099609375,
      "translation_y": 9.817369842529297
    }
  ]
}