{
  "id": "frame_732",
  "user": "NPC-AI",
  "frame": "frame_732",
  "detected_objects": [
    {
      "cls": 1,
      "landing_status": -1,
      "top_left_x": 518.5783081054688,
      "top_left_y": 2.4036483764648438,
      "bottom_right_x": 549.0247192382812,
      "bottom_right_y": 54.87013244628906
    },
    {
      "cls": 1,
      "landing_status": -1,
      "top_left_x": 1012.8297729492188,
      "top_left_y": 403.04632568359375,
      "bottom_right_x": 1036.540771484375,
      "bottom_right_y": 428.91241455078125
    },
    {
      "cls": 1,
      "landing_status": -1,
      "top_left_x": 905.2588500976562,
      "top_left_y": 388.75927734375,
      "bottom_right_x": 929.0383911132812,
      "bottom_right_y": 419.25091552734375
    }
  ],
  "detected_translations": [
    {
      "translation_x": -3.0390594482421873,
      "translation_y": 110.2474853515625
    }
  ]
}