{
  "id": "frame_943",
  "user": "NPC-A\u0130",
  "frame": "frame_943",
  "detected_objects": [
    {
      "cls": 0.0,
      "top_left_x": 1508.921875,
      "top_left_y": 405.7198486328125,
      "bottom_right_x": 1708.619873046875,
      "bottom_right_y": 498.7152099609375
    },
    {
      "cls": 0.0,
      "top_left_x": 80.30528259277344,
      "top_left_y": 19.57135009765625,
      "bottom_right_x": 185.69850158691406,
      "bottom_right_y": 198.78086853027344
    },
    {
      "cls": 1.0,
      "top_left_x": 439.7098083496094,
      "top_left_y": 270.82135009765625,
      "bottom_right_x": 490.6963195800781,
      "bottom_right_y": 305.76739501953125
    },
    {
      "cls": 1.0,
      "top_left_x": 677.5894775390625,
      "top_left_y": 834.2504272460938,
      "bottom_right_x": 718.5531005859375,
      "bottom_right_y": 886.1488647460938
    }
  ],
  "detected_translations": [
    {
      "translation_x": 45.851190185546876,
      "translation_y": 116.31095733642579
    }
  ]
}