{
  "id": "frame_969",
  "user": "NPC-A\u0130",
  "frame": "frame_969",
  "detected_objects": [
    {
      "cls": 0.0,
      "top_left_x": 730.6109619140625,
      "top_left_y": 410.11346435546875,
      "bottom_right_x": 917.1146240234375,
      "bottom_right_y": 502.16571044921875
    },
    {
      "cls": 0.0,
      "top_left_x": 1290.254150390625,
      "top_left_y": 805.876708984375,
      "bottom_right_x": 1393.457763671875,
      "bottom_right_y": 1012.67138671875
    }
  ],
  "detected_translations": [
    {
      "translation_x": 56.03602600097656,
      "translation_y": 116.92217407226562
    }
  ]
}