{
  "id": "frame_3284",
  "user": "NPC-A\u0130",
  "frame": "frame_3284",
  "detected_objects": [
    {
      "cls": 1.0,
      "top_left_x": 1200.1107177734375,
      "top_left_y": 200.01466369628906,
      "bottom_right_x": 1235.8856201171875,
      "bottom_right_y": 237.61412048339844
    }
  ],
  "detected_translations": [
    {
      "translation_x": 19.947048568725585,
      "translation_y": -36.794741821289065
    }
  ]
}