{
  "id": "frame_2654",
  "user": "NPC-A\u0130",
  "frame": "frame_2654",
  "detected_objects": [
    {
      "cls": 1.0,
      "top_left_x": 856.9344482421875,
      "top_left_y": 203.66891479492188,
      "bottom_right_x": 884.6324462890625,
      "bottom_right_y": 228.78427124023438
    },
    {
      "cls": 1.0,
      "top_left_x": 1801.876708984375,
      "top_left_y": 302.9515075683594,
      "bottom_right_x": 1851.155029296875,
      "bottom_right_y": 332.8698425292969
    },
    {
      "cls": 1.0,
      "top_left_x": 843.9130859375,
      "top_left_y": 107.12770080566406,
      "bottom_right_x": 871.137451171875,
      "bottom_right_y": 134.2496795654297
    },
    {
      "cls": 1.0,
      "top_left_x": 1160.07275390625,
      "top_left_y": 68.49603271484375,
      "bottom_right_x": 1184.543212890625,
      "bottom_right_y": 87.23387145996094
    }
  ],
  "detected_translations": [
    {
      "translation_x": -75.80489692687988,
      "translation_y": -25.152067565917967
    }
  ]
}