{
  "id": "frame_2004",
  "user": "NPC-A\u0130",
  "frame": "frame_2004",
  "detected_objects": [
    {
      "cls": 0.0,
      "top_left_x": 0.017818450927734375,
      "top_left_y": 1001.3810424804688,
      "bottom_right_x": 51.69411849975586,
      "bottom_right_y": 1080.0
    },
    {
      "cls": 0.0,
      "top_left_x": 1881.3668212890625,
      "top_left_y": 959.7584228515625,
      "bottom_right_x": 1920.0,
      "bottom_right_y": 1058.8226318359375
    }
  ],
  "detected_translations": [
    {
      "translation_x": -1.9266712188720703,
      "translation_y": -59.45932235717773
    }
  ]
}