{
  "id": "frame_1286",
  "user": "NPC-A\u0130",
  "frame": "frame_1286",
  "detected_objects": [
    {
      "cls": 2.0,
      "top_left_x": 1232.31689453125,
      "top_left_y": 736.785888671875,
      "bottom_right_x": 1435.658203125,
      "bottom_right_y": 928.039306640625
    },
    {
      "cls": 2.0,
      "top_left_x": 1498.1256103515625,
      "top_left_y": 755.028564453125,
      "bottom_right_x": 1687.2340087890625,
      "bottom_right_y": 939.137451171875
    }
  ],
  "detected_translations": [
    {
      "translation_x": 79.62537727355956,
      "translation_y": 42.383341217041014
    }
  ]
}