{
  "id": "frame_913",
  "user": "NPC-A\u0130",
  "frame": "frame_913",
  "detected_objects": [
    {
      "cls": 0.0,
      "top_left_x": 485.07794189453125,
      "top_left_y": 0.0,
      "bottom_right_x": 580.5120239257812,
      "bottom_right_y": 174.69351196289062
    }
  ],
  "detected_translations": [
    {
      "translation_x": 35.39518737792969,
      "translation_y": 115.96396026611328
    }
  ]
}