{
  "id": "frame_1469",
  "user": "NPC-AI",
  "frame": "frame_1469",
  "detected_objects": [
    {
      "cls": 1,
      "landing_status": -1,
      "top_left_x": 395.03070068359375,
      "top_left_y": 243.92431640625,
      "bottom_right_x": 436.34161376953125,
      "bottom_right_y": 275.71136474609375
    },
    {
      "cls": 1,
      "landing_status": -1,
      "top_left_x": 389.1286926269531,
      "top_left_y": 219.17166137695312,
      "bottom_right_x": 431.9780578613281,
      "bottom_right_y": 252.69778442382812
    }
  ],
  "detected_translations": [
    {
      "translation_x": 77.89338645935058,
      "translation_y": -23.643951416015625
    }
  ]
}