{
  "id": "frame_967",
  "user": "NPC-A\u0130",
  "frame": "frame_967",
  "detected_objects": [
    {
      "cls": 0.0,
      "top_left_x": 791.062255859375,
      "top_left_y": 409.937255859375,
      "bottom_right_x": 975.9609375,
      "bottom_right_y": 501.97113037109375
    },
    {
      "cls": 0.0,
      "top_left_x": 1317.158203125,
      "top_left_y": 804.7608642578125,
      "bottom_right_x": 1423.12841796875,
      "bottom_right_y": 1013.1776123046875
    }
  ],
  "detected_translations": [
    {
      "translation_x": 55.275140380859376,
      "translation_y": 116.8101791381836
    }
  ]
}