{
  "id": "frame_1266",
  "user": "NPC-AI",
  "frame": "frame_1266",
  "detected_objects": [
    {
      "cls": 1,
      "landing_status": -1,
      "top_left_x": 1619.566650390625,
      "top_left_y": 849.1008911132812,
      "bottom_right_x": 1663.647216796875,
      "bottom_right_y": 880.1845092773438
    }
  ],
  "detected_translations": [
    {
      "translation_x": 80.02039985656738,
      "translation_y": 50.03333053588867
    }
  ]
}