{
  "id": "frame_150",
  "user": "NPC-AI",
  "frame": "frame_150",
  "detected_objects": [
    {
      "cls": 1,
      "landing_status": -1,
      "top_left_x": 1336.6192626953125,
      "top_left_y": 465.639404296875,
      "bottom_right_x": 1373.7760009765625,
      "bottom_right_y": 494.604736328125
    },
    {
      "cls": 1,
      "landing_status": -1,
      "top_left_x": 1499.14208984375,
      "top_left_y": 830.511962890625,
      "bottom_right_x": 1531.32958984375,
      "bottom_right_y": 862.72265625
    }
  ],
  "detected_translations": [
    {
      "translation_x": 0.186981201171875,
      "translation_y": 5.764272308349609
    }
  ]
}