{
  "id": "frame_1319",
  "user": "NPC-AI",
  "frame": "frame_1319",
  "detected_objects": [
    {
      "cls": 1,
      "landing_status": -1,
      "top_left_x": 1131.55419921875,
      "top_left_y": 705.5882568359375,
      "bottom_right_x": 1155.9267578125,
      "bottom_right_y": 737.8792724609375
    },
    {
      "cls": 1,
      "landing_status": -1,
      "top_left_x": 1158.94775390625,
      "top_left_y": 703.526611328125,
      "bottom_right_x": 1181.977294921875,
      "bottom_right_y": 738.88916015625
    },
    {
      "cls": 1,
      "landing_status": -1,
      "top_left_x": 1667.2738037109375,
      "top_left_y": 135.9989776611328,
      "bottom_right_x": 1711.3221435546875,
      "bottom_right_y": 171.0618133544922
    }
  ],
  "detected_translations": [
    {
      "translation_x": 79.10562324523926,
      "translation_y": 31.332207489013673
    }
  ]
}