{
  "id": "frame_859",
  "user": "NPC-A\u0130",
  "frame": "frame_859",
  "detected_objects": [
    {
      "cls": 0.0,
      "top_left_x": 843.239990234375,
      "top_left_y": 297.6915283203125,
      "bottom_right_x": 1037.941650390625,
      "bottom_right_y": 390.307861328125
    },
    {
      "cls": 0.0,
      "top_left_x": 1140.660400390625,
      "top_left_y": 0.0,
      "bottom_right_x": 1221.574462890625,
      "bottom_right_y": 138.7372589111328
    },
    {
      "cls": 1.0,
      "top_left_x": 10.687744140625,
      "top_left_y": 136.97169494628906,
      "bottom_right_x": 65.84268951416016,
      "bottom_right_y": 164.37599182128906
    },
    {
      "cls": 1.0,
      "top_left_x": 23.433258056640625,
      "top_left_y": 552.16357421875,
      "bottom_right_x": 90.51667785644531,
      "bottom_right_y": 577.595703125
    }
  ],
  "detected_translations": [
    {
      "translation_x": 17.769552612304686,
      "translation_y": 113.6932357788086
    }
  ]
}