{
  "id": "frame_33",
  "user": "NPC-A\u0130",
  "frame": "frame_33",
  "detected_objects": [
    {
      "cls": 1.0,
      "top_left_x": 1285.877685546875,
      "top_left_y": 206.79986572265625,
      "bottom_right_x": 1319.830810546875,
      "bottom_right_y": 237.999755859375
    }
  ],
  "detected_translations": [
    {
      "translation_x": 0.1291900634765625,
      "translation_y": 0.2394378662109375
    }
  ]
}