{
  "id": "frame_230",
  "user": "NPC-AI",
  "frame": "frame_230",
  "detected_objects": [
    {
      "cls": 1,
      "landing_status": -1,
      "top_left_x": 1356.005126953125,
      "top_left_y": 783.1355590820312,
      "bottom_right_x": 1392.329833984375,
      "bottom_right_y": 816.1215209960938
    }
  ],
  "detected_translations": [
    {
      "translation_x": -0.766363525390625,
      "translation_y": 12.190015411376953
    }
  ]
}