{
  "id": "frame_3248",
  "user": "NPC-AI",
  "frame": "frame_3248",
  "detected_objects": [
    {
      "cls": 1,
      "landing_status": -1,
      "top_left_x": 1767.910888671875,
      "top_left_y": 80.961181640625,
      "bottom_right_x": 1825.169189453125,
      "bottom_right_y": 132.746337890625
    }
  ],
  "detected_translations": [
    {
      "translation_x": 8.02900047302246,
      "translation_y": -37.70460586547851
    }
  ]
}