{
  "id": "frame_42",
  "user": "NPC-A\u0130",
  "frame": "frame_42",
  "detected_objects": [
    {
      "cls": 1.0,
      "top_left_x": 1290.13037109375,
      "top_left_y": 209.62704467773438,
      "bottom_right_x": 1323.8447265625,
      "bottom_right_y": 241.14334106445312
    }
  ],
  "detected_translations": [
    {
      "translation_x": -0.0280242919921875,
      "translation_y": 0.4566741943359375
    }
  ]
}