{
  "id": "frame_356",
  "user": "NPC-A\u0130",
  "frame": "frame_356",
  "detected_objects": [
    {
      "cls": 2.0,
      "top_left_x": 1408.194580078125,
      "top_left_y": 1066.5802001953125,
      "bottom_right_x": 1444.831787109375,
      "bottom_right_y": 1079.9901123046875
    }
  ],
  "detected_translations": [
    {
      "translation_x": -1.778668212890625,
      "translation_y": 27.103762817382812
    }
  ]
}