{
  "id": "frame_1446",
  "user": "NPC-A\u0130",
  "frame": "frame_1446",
  "detected_objects": [
    {
      "cls": 1.0,
      "top_left_x": 439.80633544921875,
      "top_left_y": 584.0721435546875,
      "bottom_right_x": 470.27496337890625,
      "bottom_right_y": 609.7398681640625
    },
    {
      "cls": 2.0,
      "top_left_x": 320.07958984375,
      "top_left_y": 1058.90380859375,
      "bottom_right_x": 348.79638671875,
      "bottom_right_y": 1078.5498046875
    }
  ],
  "detected_translations": [
    {
      "translation_x": 77.94856910705566,
      "translation_y": -14.583389282226562
    }
  ]
}