{
  "id": "frame_542",
  "user": "NPC-AI",
  "frame": "frame_542",
  "detected_objects": [
    {
      "cls": 0,
      "landing_status": -1,
      "top_left_x": 1777.62890625,
      "top_left_y": 283.4935302734375,
      "bottom_right_x": 1920.0,
      "bottom_right_y": 369.1424560546875
    }
  ],
  "detected_translations": [
    {
      "translation_x": -2.1053558349609376,
      "translation_y": 68.80540084838867
    }
  ]
}