{
  "id": "frame_3314",
  "user": "NPC-A\u0130",
  "frame": "frame_3314",
  "detected_objects": [
    {
      "cls": 1.0,
      "top_left_x": 763.9558715820312,
      "top_left_y": 275.3052673339844,
      "bottom_right_x": 797.6516723632812,
      "bottom_right_y": 308.7536315917969
    }
  ],
  "detected_translations": [
    {
      "translation_x": 30.398183822631836,
      "translation_y": -36.47700424194336
    }
  ]
}