{
  "id": "frame_1524",
  "user": "NPC-A\u0130",
  "frame": "frame_1524",
  "detected_objects": [
    {
      "cls": 0.0,
      "top_left_x": 303.521240234375,
      "top_left_y": 527.1324462890625,
      "bottom_right_x": 384.254150390625,
      "bottom_right_y": 594.4796142578125
    }
  ],
  "detected_translations": [
    {
      "translation_x": 77.91772270202637,
      "translation_y": -43.197181701660156
    }
  ]
}