{
  "id": "frame_747",
  "user": "NPC-A\u0130",
  "frame": "frame_747",
  "detected_objects": [
    {
      "cls": 1.0,
      "top_left_x": 864.563720703125,
      "top_left_y": 429.2545471191406,
      "bottom_right_x": 890.3367919921875,
      "bottom_right_y": 457.3380432128906
    },
    {
      "cls": 1.0,
      "top_left_x": 979.3345947265625,
      "top_left_y": 443.5526123046875,
      "bottom_right_x": 1003.9796142578125,
      "bottom_right_y": 470.397216796875
    }
  ],
  "detected_translations": [
    {
      "translation_x": -2.3258575439453124,
      "translation_y": 111.2961654663086
    }
  ]
}