{
  "id": "frame_176",
  "user": "NPC-A\u0130",
  "frame": "frame_176",
  "detected_objects": [
    {
      "cls": 1.0,
      "top_left_x": 1344.1787109375,
      "top_left_y": 576.738525390625,
      "bottom_right_x": 1380.884765625,
      "bottom_right_y": 606.010986328125
    }
  ],
  "detected_translations": [
    {
      "translation_x": -0.3476287841796875,
      "translation_y": 7.897749328613282
    }
  ]
}