{
  "id": "frame_16",
  "user": "NPC-A\u0130",
  "frame": "frame_16",
  "detected_objects": [
    {
      "cls": 1.0,
      "top_left_x": 1682.5079345703125,
      "top_left_y": 659.9693603515625,
      "bottom_right_x": 1735.5413818359375,
      "bottom_right_y": 691.1365966796875
    },
    {
      "cls": 1.0,
      "top_left_x": 1277.836669921875,
      "top_left_y": 200.7447509765625,
      "bottom_right_x": 1311.02392578125,
      "bottom_right_y": 233.6783447265625
    },
    {
      "cls": 1.0,
      "top_left_x": 1709.023193359375,
      "top_left_y": 680.397705078125,
      "bottom_right_x": 1735.8046875,
      "bottom_right_y": 699.523193359375
    }
  ],
  "detected_translations": [
    {
      "translation_x": -0.03209228515625,
      "translation_y": 0.08562164306640625
    }
  ]
}