{
  "id": "frame_1447",
  "user": "NPC-AI",
  "frame": "frame_1447",
  "detected_objects": [
    {
      "cls": 1,
      "landing_status": -1,
      "top_left_x": 435.2464294433594,
      "top_left_y": 566.0230712890625,
      "bottom_right_x": 487.0148010253906,
      "bottom_right_y": 593.1636962890625
    },
    {
      "cls": 1,
      "landing_status": -1,
      "top_left_x": 441.4043884277344,
      "top_left_y": 588.4825439453125,
      "bottom_right_x": 490.1542053222656,
      "bottom_right_y": 620.723388671875
    }
  ],
  "detected_translations": [
    {
      "translation_x": 77.8590763092041,
      "translation_y": -14.97252197265625
    }
  ]
}