{
  "id": "frame_1404",
  "user": "NPC-A\u0130",
  "frame": "frame_1404",
  "detected_objects": [
    {
      "cls": 1.0,
      "top_left_x": 1274.7567138671875,
      "top_left_y": 303.4503173828125,
      "bottom_right_x": 1305.3372802734375,
      "bottom_right_y": 340.2509765625
    },
    {
      "cls": 1.0,
      "top_left_x": 1203.027587890625,
      "top_left_y": 307.9586181640625,
      "bottom_right_x": 1229.952392578125,
      "bottom_right_y": 336.9765625
    }
  ],
  "detected_translations": [
    {
      "translation_x": 78.18062324523926,
      "translation_y": 1.5495719909667969
    }
  ]
}