{
  "id": "frame_88",
  "user": "NPC-AI",
  "frame": "frame_88",
  "detected_objects": [
    {
      "cls": 1,
      "landing_status": -1,
      "top_left_x": 1313.0936279296875,
      "top_left_y": 234.193603515625,
      "bottom_right_x": 1347.1309814453125,
      "bottom_right_y": 267.453857421875
    }
  ],
  "detected_translations": [
    {
      "translation_x": 0.045306396484375,
      "translation_y": 0.8342132568359375
    }
  ]
}