{
  "id": "frame_956",
  "user": "NPC-A\u0130",
  "frame": "frame_956",
  "detected_objects": [
    {
      "cls": 0.0,
      "top_left_x": 1117.766357421875,
      "top_left_y": 408.66680908203125,
      "bottom_right_x": 1304.853759765625,
      "bottom_right_y": 499.76458740234375
    }
  ],
  "detected_translations": [
    {
      "translation_x": 51.17499694824219,
      "translation_y": 116.55048522949218
    }
  ]
}