{
  "id": "frame_853",
  "user": "NPC-A\u0130",
  "frame": "frame_853",
  "detected_objects": [
    {
      "cls": 0.0,
      "top_left_x": 970.2744140625,
      "top_left_y": 297.7569580078125,
      "bottom_right_x": 1166.159912109375,
      "bottom_right_y": 390.5523681640625
    },
    {
      "cls": 1.0,
      "top_left_x": 62.335662841796875,
      "top_left_y": 134.6875,
      "bottom_right_x": 109.72969055175781,
      "bottom_right_y": 162.123291015625
    },
    {
      "cls": 1.0,
      "top_left_x": 102.22117614746094,
      "top_left_y": 548.948974609375,
      "bottom_right_x": 154.32835388183594,
      "bottom_right_y": 573.68017578125
    }
  ],
  "detected_translations": [
    {
      "translation_x": 16.69925537109375,
      "translation_y": 113.55951080322265
    }
  ]
}