{
  "id": "frame_1146",
  "user": "NPC-AI",
  "frame": "frame_1146",
  "detected_objects": [
    {
      "cls": 0,
      "landing_status": -1,
      "top_left_x": 324.69781494140625,
      "top_left_y": 0.0,
      "bottom_right_x": 417.37908935546875,
      "bottom_right_y": 227.19940185546875
    }
  ],
  "detected_translations": [
    {
      "translation_x": 81.47479782104492,
      "translation_y": 96.37660598754883
    }
  ]
}