{
  "id": "frame_559",
  "user": "NPC-AI",
  "frame": "frame_559",
  "detected_objects": [
    {
      "cls": 0,
      "landing_status": -1,
      "top_left_x": 1774.3369140625,
      "top_left_y": 474.2339782714844,
      "bottom_right_x": 1920.0,
      "bottom_right_y": 558.6483154296875
    }
  ],
  "detected_translations": [
    {
      "translation_x": -1.548834228515625,
      "translation_y": 72.19076843261719
    }
  ]
}