{
  "id": "frame_960",
  "user": "NPC-AI",
  "frame": "frame_960",
  "detected_objects": [
    {
      "cls": 0,
      "landing_status": -1,
      "top_left_x": 997.499267578125,
      "top_left_y": 410.5914611816406,
      "bottom_right_x": 1185.4921875,
      "bottom_right_y": 499.1671447753906
    },
    {
      "cls": 0,
      "landing_status": -1,
      "top_left_x": 1414.3890380859375,
      "top_left_y": 798.8511352539062,
      "bottom_right_x": 1529.8062744140625,
      "bottom_right_y": 1007.4513549804688
    },
    {
      "cls": 1,
      "landing_status": -1,
      "top_left_x": 230.80795288085938,
      "top_left_y": 283.92059326171875,
      "bottom_right_x": 289.7701110839844,
      "bottom_right_y": 317.53009033203125
    },
    {
      "cls": 1,
      "landing_status": -1,
      "top_left_x": 905.64697265625,
      "top_left_y": 0.0,
      "bottom_right_x": 974.1937255859375,
      "bottom_right_y": 70.08170318603516
    }
  ],
  "detected_translations": [
    {
      "translation_x": 52.955665588378906,
      "translation_y": 116.64598083496094
    }
  ]
}