{
  "id": "frame_179",
  "user": "NPC-A\u0130",
  "frame": "frame_179",
  "detected_objects": [
    {
      "cls": 1.0,
      "top_left_x": 1344.352783203125,
      "top_left_y": 589.262939453125,
      "bottom_right_x": 1381.285888671875,
      "bottom_right_y": 618.257568359375
    }
  ],
  "detected_translations": [
    {
      "translation_x": -0.2300933837890625,
      "translation_y": 8.106394195556641
    }
  ]
}