{
  "id": "frame_77",
  "user": "NPC-AI",
  "frame": "frame_77",
  "detected_objects": [
    {
      "cls": 1,
      "landing_status": -1,
      "top_left_x": 1307.45654296875,
      "top_left_y": 219.09408569335938,
      "bottom_right_x": 1341.6494140625,
      "bottom_right_y": 252.2740478515625
    }
  ],
  "detected_translations": [
    {
      "translation_x": 0.1441314697265625,
      "translation_y": 0.709375
    }
  ]
}