{
  "id": "frame_3307",
  "user": "NPC-A\u0130",
  "frame": "frame_3307",
  "detected_objects": [
    {
      "cls": 1.0,
      "top_left_x": 849.6527099609375,
      "top_left_y": 258.66729736328125,
      "bottom_right_x": 884.8726806640625,
      "bottom_right_y": 301.75140380859375
    }
  ],
  "detected_translations": [
    {
      "translation_x": 28.628934860229492,
      "translation_y": -36.464524841308595
    }
  ]
}