{
  "id": "frame_0534",
  "user": "NPC-AI",
  "frame": "frame_0534",
  "detected_objects": [
    {
      "cls": 2,
      "landing_status": 1,
      "top_left_x": 655.0570068359375,
      "top_left_y": 52.20450210571289,
      "bottom_right_x": 785.0469970703125,
      "bottom_right_y": 158.59967041015625
    },
    {
      "cls": 1,
      "landing_status": -1,
      "top_left_x": 1164.728515625,
      "top_left_y": 198.10565185546875,
      "bottom_right_x": 1197.393798828125,
      "bottom_right_y": 237.183837890625
    },
    {
      "cls": 1,
      "landing_status": -1,
      "top_left_x": 1845.073974609375,
      "top_left_y": 709.857177734375,
      "bottom_right_x": 1888.2431640625,
      "bottom_right_y": 741.576904296875
    }
  ],
  "detected_translations": [
    {
      "translation_x": -0.6396881103515625,
      "translation_y": 2.4138641357421875
    }
  ]
}