{
  "id": "frame_842",
  "user": "NPC-A\u0130",
  "frame": "frame_842",
  "detected_objects": [
    {
      "cls": 0.0,
      "top_left_x": 1197.2689208984375,
      "top_left_y": 297.6419372558594,
      "bottom_right_x": 1400.8709716796875,
      "bottom_right_y": 390.8905944824219
    },
    {
      "cls": 1.0,
      "top_left_x": 150.19155883789062,
      "top_left_y": 128.9403533935547,
      "bottom_right_x": 202.61196899414062,
      "bottom_right_y": 161.08689880371094
    },
    {
      "cls": 1.0,
      "top_left_x": 113.10192108154297,
      "top_left_y": 559.2293701171875,
      "bottom_right_x": 171.6123046875,
      "bottom_right_y": 585.6612548828125
    },
    {
      "cls": 1.0,
      "top_left_x": 232.5704345703125,
      "top_left_y": 545.595703125,
      "bottom_right_x": 297.9520263671875,
      "bottom_right_y": 571.444091796875
    }
  ],
  "detected_translations": [
    {
      "translation_x": 12.951171875,
      "translation_y": 113.82779846191406
    }
  ]
}