{
  "id": "frame_2695",
  "user": "NPC-AI",
  "frame": "frame_2695",
  "detected_objects": [
    {
      "cls": 1,
      "landing_status": -1,
      "top_left_x": 1054.03759765625,
      "top_left_y": 33.46576690673828,
      "bottom_right_x": 1085.15478515625,
      "bottom_right_y": 61.17523956298828
    },
    {
      "cls": 1,
      "landing_status": -1,
      "top_left_x": 1879.570068359375,
      "top_left_y": 90.94329833984375,
      "bottom_right_x": 1920.0,
      "bottom_right_y": 126.55984497070312
    }
  ],
  "detected_translations": [
    {
      "translation_x": -76.80851020812989,
      "translation_y": -30.318003845214843
    }
  ]
}