{
  "id": "frame_767",
  "user": "NPC-A\u0130",
  "frame": "frame_767",
  "detected_objects": [
    {
      "cls": 1.0,
      "top_left_x": 533.1595458984375,
      "top_left_y": 62.72434997558594,
      "bottom_right_x": 576.4171142578125,
      "bottom_right_y": 90.76527404785156
    },
    {
      "cls": 1.0,
      "top_left_x": 774.802490234375,
      "top_left_y": 464.3238525390625,
      "bottom_right_x": 812.014404296875,
      "bottom_right_y": 493.1629638671875
    }
  ],
  "detected_translations": [
    {
      "translation_x": -1.2984619140625,
      "translation_y": 112.1041488647461
    }
  ]
}