{
  "id": "frame_75",
  "user": "NPC-AI",
  "frame": "frame_75",
  "detected_objects": [
    {
      "cls": 1,
      "landing_status": -1,
      "top_left_x": 1306.391357421875,
      "top_left_y": 217.7259521484375,
      "bottom_right_x": 1340.659423828125,
      "bottom_right_y": 250.82485961914062
    }
  ],
  "detected_translations": [
    {
      "translation_x": 0.363720703125,
      "translation_y": 0.5190567016601563
    }
  ]
}