{
  "id": "frame_2652",
  "user": "NPC-A\u0130",
  "frame": "frame_2652",
  "detected_objects": [
    {
      "cls": 1.0,
      "top_left_x": 1799.0443115234375,
      "top_left_y": 311.56353759765625,
      "bottom_right_x": 1848.3065185546875,
      "bottom_right_y": 341.92803955078125
    },
    {
      "cls": 1.0,
      "top_left_x": 1155.4703369140625,
      "top_left_y": 73.63920593261719,
      "bottom_right_x": 1180.8985595703125,
      "bottom_right_y": 98.17460632324219
    }
  ],
  "detected_translations": [
    {
      "translation_x": -75.26916236877442,
      "translation_y": -24.93492736816406
    }
  ]
}