{
  "id": "frame_49",
  "user": "NPC-AI",
  "frame": "frame_49",
  "detected_objects": [
    {
      "cls": 1,
      "landing_status": -1,
      "top_left_x": 1294.053955078125,
      "top_left_y": 209.49029541015625,
      "bottom_right_x": 1326.806396484375,
      "bottom_right_y": 242.57040405273438
    },
    {
      "cls": 1,
      "landing_status": -1,
      "top_left_x": 1713.537353515625,
      "top_left_y": 760.39208984375,
      "bottom_right_x": 1745.019287109375,
      "bottom_right_y": 779.4041748046875
    }
  ],
  "detected_translations": [
    {
      "translation_x": 0.06153564453125,
      "translation_y": 0.5592742919921875
    }
  ]
}