{
  "id": "frame_3247",
  "user": "NPC-AI",
  "frame": "frame_3247",
  "detected_objects": [
    {
      "cls": 1,
      "landing_status": -1,
      "top_left_x": 1783.5296630859375,
      "top_left_y": 77.56965637207031,
      "bottom_right_x": 1842.0323486328125,
      "bottom_right_y": 128.91592407226562
    },
    {
      "cls": 1,
      "landing_status": -1,
      "top_left_x": 1367.3359375,
      "top_left_y": 184.724609375,
      "bottom_right_x": 1421.845703125,
      "bottom_right_y": 214.9871826171875
    }
  ],
  "detected_translations": [
    {
      "translation_x": 7.718972396850586,
      "translation_y": -37.80543823242188
    }
  ]
}