{
  "id": "frame_2001",
  "user": "NPC-A\u0130",
  "frame": "frame_2001",
  "detected_objects": [
    {
      "cls": 0.0,
      "top_left_x": 0.01265716552734375,
      "top_left_y": 969.82568359375,
      "bottom_right_x": 79.1537857055664,
      "bottom_right_y": 1059.2725830078125
    },
    {
      "cls": 0.0,
      "top_left_x": 1879.279541015625,
      "top_left_y": 930.2998046875,
      "bottom_right_x": 1920.0,
      "bottom_right_y": 1034.582763671875
    },
    {
      "cls": 0.0,
      "top_left_x": 2.5639190673828125,
      "top_left_y": 828.23974609375,
      "bottom_right_x": 199.97581481933594,
      "bottom_right_y": 912.449462890625
    }
  ],
  "detected_translations": [
    {
      "translation_x": -1.7104663848876953,
      "translation_y": -60.219156646728514
    }
  ]
}