{
  "id": "frame_709",
  "user": "NPC-A\u0130",
  "frame": "frame_709",
  "detected_objects": [
    {
      "cls": 1.0,
      "top_left_x": 1036.840087890625,
      "top_left_y": 293.2965087890625,
      "bottom_right_x": 1076.884521484375,
      "bottom_right_y": 321.5589599609375
    }
  ],
  "detected_translations": [
    {
      "translation_x": -3.036767578125,
      "translation_y": 107.51078186035156
    }
  ]
}