{
  "id": "frame_588",
  "user": "NPC-A\u0130",
  "frame": "frame_588",
  "detected_objects": [
    {
      "cls": 0.0,
      "top_left_x": 1767.0281982421875,
      "top_left_y": 795.2225952148438,
      "bottom_right_x": 1920.0,
      "bottom_right_y": 881.4033813476562
    }
  ],
  "detected_translations": [
    {
      "translation_x": -2.0669479370117188,
      "translation_y": 78.88046112060547
    }
  ]
}