{
  "id": "frame_1424",
  "user": "NPC-A\u0130",
  "frame": "frame_1424",
  "detected_objects": [
    {
      "cls": 1.0,
      "top_left_x": 478.150146484375,
      "top_left_y": 921.0638427734375,
      "bottom_right_x": 521.6256103515625,
      "bottom_right_y": 963.2237548828125
    },
    {
      "cls": 1.0,
      "top_left_x": 1255.116943359375,
      "top_left_y": 0.0,
      "bottom_right_x": 1287.393798828125,
      "bottom_right_y": 38.12360382080078
    }
  ],
  "detected_translations": [
    {
      "translation_x": 78.13276405334473,
      "translation_y": -6.396810150146484
    }
  ]
}