{
  "id": "frame_2626",
  "user": "NPC-A\u0130",
  "frame": "frame_2626",
  "detected_objects": [
    {
      "cls": 1.0,
      "top_left_x": 723.613037109375,
      "top_left_y": 293.51031494140625,
      "bottom_right_x": 742.73779296875,
      "bottom_right_y": 328.71075439453125
    },
    {
      "cls": 1.0,
      "top_left_x": 1757.4853515625,
      "top_left_y": 459.02203369140625,
      "bottom_right_x": 1806.6083984375,
      "bottom_right_y": 481.89239501953125
    },
    {
      "cls": 1.0,
      "top_left_x": 1132.580322265625,
      "top_left_y": 190.424072265625,
      "bottom_right_x": 1162.865478515625,
      "bottom_right_y": 211.0257568359375
    },
    {
      "cls": 1.0,
      "top_left_x": 1456.53125,
      "top_left_y": 114.42626953125,
      "bottom_right_x": 1489.72119140625,
      "bottom_right_y": 140.08163452148438
    }
  ],
  "detected_translations": [
    {
      "translation_x": -71.18286628723145,
      "translation_y": -21.907632446289064
    }
  ]
}