{
  "id": "frame_1154",
  "user": "NPC-AI",
  "frame": "frame_1154",
  "detected_objects": [
    {
      "cls": 0,
      "landing_status": -1,
      "top_left_x": 323.23480224609375,
      "top_left_y": 1.2158966064453125,
      "bottom_right_x": 423.3189697265625,
      "bottom_right_y": 139.93844604492188
    }
  ],
  "detected_translations": [
    {
      "translation_x": 81.35613021850585,
      "translation_y": 93.50698928833008
    }
  ]
}