{
  "id": "frame_445",
  "user": "NPC-A\u0130",
  "frame": "frame_445",
  "detected_objects": [
    {
      "cls": 1.0,
      "top_left_x": 1628.349853515625,
      "top_left_y": 792.849609375,
      "bottom_right_x": 1673.859619140625,
      "bottom_right_y": 819.378662109375
    }
  ],
  "detected_translations": [
    {
      "translation_x": -1.7191162109375,
      "translation_y": 45.03486328125
    }
  ]
}