{
  "id": "frame_887",
  "user": "NPC-AI",
  "frame": "frame_887",
  "detected_objects": [
    {
      "cls": 0,
      "landing_status": -1,
      "top_left_x": 241.54510498046875,
      "top_left_y": 308.15185546875,
      "bottom_right_x": 430.431640625,
      "bottom_right_y": 391.9224853515625
    },
    {
      "cls": 0,
      "landing_status": -1,
      "top_left_x": 815.8605346679688,
      "top_left_y": 0.0,
      "bottom_right_x": 899.2963256835938,
      "bottom_right_y": 154.61618041992188
    },
    {
      "cls": 1,
      "landing_status": -1,
      "top_left_x": 1068.6322021484375,
      "top_left_y": 228.15072631835938,
      "bottom_right_x": 1097.0843505859375,
      "bottom_right_y": 262.4678039550781
    },
    {
      "cls": 0,
      "landing_status": -1,
      "top_left_x": 886.6634521484375,
      "top_left_y": 990.0826416015625,
      "bottom_right_x": 968.4979248046875,
      "bottom_right_y": 1079.1622314453125
    }
  ],
  "detected_translations": [
    {
      "translation_x": 27.13311309814453,
      "translation_y": 114.54366455078124
    }
  ]
}