{
  "id": "frame_776",
  "user": "NPC-A\u0130",
  "frame": "frame_776",
  "detected_objects": [
    {
      "cls": 1.0,
      "top_left_x": 514.4456787109375,
      "top_left_y": 78.941650390625,
      "bottom_right_x": 546.1514892578125,
      "bottom_right_y": 109.04150390625
    },
    {
      "cls": 1.0,
      "top_left_x": 853.5195922851562,
      "top_left_y": 501.1021423339844,
      "bottom_right_x": 889.3601684570312,
      "bottom_right_y": 527.6348876953125
    },
    {
      "cls": 1.0,
      "top_left_x": 718.8621826171875,
      "top_left_y": 477.883544921875,
      "bottom_right_x": 752.4962158203125,
      "bottom_right_y": 509.7012939453125
    }
  ],
  "detected_translations": [
    {
      "translation_x": -0.6054229736328125,
      "translation_y": 112.94955596923828
    }
  ]
}