{
  "id": "frame_1403",
  "user": "NPC-A\u0130",
  "frame": "frame_1403",
  "detected_objects": [
    {
      "cls": 1.0,
      "top_left_x": 1201.663330078125,
      "top_left_y": 325.3055419921875,
      "bottom_right_x": 1229.531005859375,
      "bottom_right_y": 353.29296875
    },
    {
      "cls": 1.0,
      "top_left_x": 1273.28173828125,
      "top_left_y": 320.6034851074219,
      "bottom_right_x": 1304.2822265625,
      "bottom_right_y": 357.1992492675781
    }
  ],
  "detected_translations": [
    {
      "translation_x": 78.25732307434082,
      "translation_y": 1.8997322082519532
    }
  ]
}