{
  "id": "frame_708",
  "user": "NPC-AI",
  "frame": "frame_708",
  "detected_objects": [
    {
      "cls": 1,
      "landing_status": -1,
      "top_left_x": 1039.633544921875,
      "top_left_y": 285.72930908203125,
      "bottom_right_x": 1077.760986328125,
      "bottom_right_y": 315.59918212890625
    },
    {
      "cls": 1,
      "landing_status": -1,
      "top_left_x": 937.525634765625,
      "top_left_y": 274.8902282714844,
      "bottom_right_x": 975.77587890625,
      "bottom_right_y": 303.8725891113281
    },
    {
      "cls": 1,
      "landing_status": -1,
      "top_left_x": 943.9248046875,
      "top_left_y": 308.07330322265625,
      "bottom_right_x": 981.67626953125,
      "bottom_right_y": 334.13238525390625
    }
  ],
  "detected_translations": [
    {
      "translation_x": -3.1212554931640626,
      "translation_y": 107.35638732910157
    }
  ]
}