{
  "id": "frame_153",
  "user": "NPC-A\u0130",
  "frame": "frame_153",
  "detected_objects": [
    {
      "cls": 1.0,
      "top_left_x": 1336.766845703125,
      "top_left_y": 478.65325927734375,
      "bottom_right_x": 1374.644287109375,
      "bottom_right_y": 508.06121826171875
    }
  ],
  "detected_translations": [
    {
      "translation_x": 0.1109771728515625,
      "translation_y": 6.070729827880859
    }
  ]
}