{
  "id": "frame_743",
  "user": "NPC-A\u0130",
  "frame": "frame_743",
  "detected_objects": [
    {
      "cls": 1.0,
      "top_left_x": 983.6224365234375,
      "top_left_y": 434.1572265625,
      "bottom_right_x": 1017.16845703125,
      "bottom_right_y": 461.36474609375
    }
  ],
  "detected_translations": [
    {
      "translation_x": -2.9001312255859375,
      "translation_y": 111.19275970458985
    }
  ]
}