{
  "id": "frame_869",
  "user": "NPC-A\u0130",
  "frame": "frame_869",
  "detected_objects": [
    {
      "cls": 0.0,
      "top_left_x": 631.7588500976562,
      "top_left_y": 305.67779541015625,
      "bottom_right_x": 822.3723754882812,
      "bottom_right_y": 390.71856689453125
    },
    {
      "cls": 0.0,
      "top_left_x": 1026.8614501953125,
      "top_left_y": 0.0,
      "bottom_right_x": 1110.1351318359375,
      "bottom_right_y": 144.01458740234375
    }
  ],
  "detected_translations": [
    {
      "translation_x": 21.221978759765626,
      "translation_y": 113.99646911621093
    }
  ]
}