{
  "id": "frame_2385",
  "user": "NPC-AI",
  "frame": "frame_2385",
  "detected_objects": [
    {
      "cls": 1,
      "landing_status": -1,
      "top_left_x": 30.78131103515625,
      "top_left_y": 28.78589630126953,
      "bottom_right_x": 74.93035888671875,
      "bottom_right_y": 57.089378356933594
    },
    {
      "cls": 1,
      "landing_status": -1,
      "top_left_x": 47.28949737548828,
      "top_left_y": 504.8863525390625,
      "bottom_right_x": 89.97286224365234,
      "bottom_right_y": 526.599365234375
    }
  ],
  "detected_translations": [
    {
      "translation_x": -28.348437881469728,
      "translation_y": -14.196584320068359
    }
  ]
}