{
  "id": "frame_2402",
  "user": "NPC-AI",
  "frame": "frame_2402",
  "detected_objects": [
    {
      "cls": 1,
      "landing_status": -1,
      "top_left_x": 65.87625122070312,
      "top_left_y": 446.19976806640625,
      "bottom_right_x": 116.30696105957031,
      "bottom_right_y": 471.84344482421875
    },
    {
      "cls": 1,
      "landing_status": -1,
      "top_left_x": 211.8819580078125,
      "top_left_y": 531.5768432617188,
      "bottom_right_x": 243.7623291015625,
      "bottom_right_y": 556.8273315429688
    },
    {
      "cls": 1,
      "landing_status": -1,
      "top_left_x": 172.19815063476562,
      "top_left_y": 35.543617248535156,
      "bottom_right_x": 207.84317016601562,
      "bottom_right_y": 62.27851104736328
    }
  ],
  "detected_translations": [
    {
      "translation_x": -32.87768898010254,
      "translation_y": -14.314009857177734
    }
  ]
}