{
  "id": "frame_908",
  "user": "NPC-A\u0130",
  "frame": "frame_908",
  "detected_objects": [
    {
      "cls": 0.0,
      "top_left_x": 551.1622314453125,
      "top_left_y": 0.0,
      "bottom_right_x": 642.9456787109375,
      "bottom_right_y": 169.9039306640625
    }
  ],
  "detected_translations": [
    {
      "translation_x": 33.64207916259765,
      "translation_y": 115.71498260498046
    }
  ]
}