{
  "id": "frame_137",
  "user": "NPC-AI",
  "frame": "frame_137",
  "detected_objects": [
    {
      "cls": 1,
      "landing_status": -1,
      "top_left_x": 1332.558837890625,
      "top_left_y": 411.046630859375,
      "bottom_right_x": 1369.778564453125,
      "bottom_right_y": 440.382080078125
    }
  ],
  "detected_translations": [
    {
      "translation_x": 0.38017578125,
      "translation_y": 4.4222160339355465
    }
  ]
}