{
  "id": "frame_198",
  "user": "NPC-AI",
  "frame": "frame_198",
  "detected_objects": [
    {
      "cls": 1,
      "landing_status": -1,
      "top_left_x": 1349.607666015625,
      "top_left_y": 664.8007202148438,
      "bottom_right_x": 1386.441650390625,
      "bottom_right_y": 695.1408081054688
    }
  ],
  "detected_translations": [
    {
      "translation_x": 0.13094482421875,
      "translation_y": 9.716497802734375
    }
  ]
}