{
  "id": "frame_22",
  "user": "NPC-A\u0130",
  "frame": "frame_22",
  "detected_objects": [
    {
      "cls": 1.0,
      "top_left_x": 1710.564208984375,
      "top_left_y": 693.2215576171875,
      "bottom_right_x": 1734.312255859375,
      "bottom_right_y": 712.5477294921875
    },
    {
      "cls": 1.0,
      "top_left_x": 1685.57568359375,
      "top_left_y": 664.311767578125,
      "bottom_right_x": 1731.54638671875,
      "bottom_right_y": 711.688232421875
    }
  ],
  "detected_translations": [
    {
      "translation_x": -0.034375,
      "translation_y": 0.10087432861328124
    }
  ]
}