{
  "id": "frame_1276",
  "user": "NPC-A\u0130",
  "frame": "frame_1276",
  "detected_objects": [
    {
      "cls": 2.0,
      "top_left_x": 1223.95068359375,
      "top_left_y": 873.0623779296875,
      "bottom_right_x": 1427.19775390625,
      "bottom_right_y": 1066.2711181640625
    }
  ],
  "detected_translations": [
    {
      "translation_x": 79.93959693908691,
      "translation_y": 46.057962799072264
    }
  ]
}