{
  "id": "frame_3318",
  "user": "NPC-A\u0130",
  "frame": "frame_3318",
  "detected_objects": [
    {
      "cls": 1.0,
      "top_left_x": 720.712158203125,
      "top_left_y": 283.6697998046875,
      "bottom_right_x": 756.21875,
      "bottom_right_y": 312.8243408203125
    }
  ],
  "detected_translations": [
    {
      "translation_x": 31.34407157897949,
      "translation_y": -36.489942169189455
    }
  ]
}