{
  "id": "frame_53",
  "user": "NPC-AI",
  "frame": "frame_53",
  "detected_objects": [
    {
      "cls": 1,
      "landing_status": -1,
      "top_left_x": 1296.634033203125,
      "top_left_y": 209.88958740234375,
      "bottom_right_x": 1328.408935546875,
      "bottom_right_y": 244.49017333984375
    },
    {
      "cls": 1,
      "landing_status": -1,
      "top_left_x": 1693.09375,
      "top_left_y": 745.3807373046875,
      "bottom_right_x": 1734.107421875,
      "bottom_right_y": 789.5262451171875
    },
    {
      "cls": 1,
      "landing_status": -1,
      "top_left_x": 1715.253662109375,
      "top_left_y": 772.0908203125,
      "bottom_right_x": 1745.5732421875,
      "bottom_right_y": 789.4105224609375
    }
  ],
  "detected_translations": [
    {
      "translation_x": 0.0481842041015625,
      "translation_y": 0.4694000244140625
    }
  ]
}