{
  "id": "frame_1107",
  "user": "NPC-A\u0130",
  "frame": "frame_1107",
  "detected_objects": [
    {
      "cls": 0.0,
      "top_left_x": 989.3265380859375,
      "top_left_y": 2.4709854125976562,
      "bottom_right_x": 1204.2025146484375,
      "bottom_right_y": 109.92901611328125
    },
    {
      "cls": 0.0,
      "top_left_x": 30.316314697265625,
      "top_left_y": 110.46438598632812,
      "bottom_right_x": 248.16677856445312,
      "bottom_right_y": 212.43017578125
    },
    {
      "cls": 0.0,
      "top_left_x": 323.08465576171875,
      "top_left_y": 399.3702392578125,
      "bottom_right_x": 431.21240234375,
      "bottom_right_y": 640.9464111328125
    },
    {
      "cls": 0.0,
      "top_left_x": 1797.7412109375,
      "top_left_y": 8.533432006835938,
      "bottom_right_x": 1920.0,
      "bottom_right_y": 119.2718505859375
    }
  ],
  "detected_translations": [
    {
      "translation_x": 81.91824722290039,
      "translation_y": 106.82393035888671
    }
  ]
}