{
  "id": "frame_2389",
  "user": "NPC-A\u0130",
  "frame": "frame_2389",
  "detected_objects": [
    {
      "cls": 1.0,
      "top_left_x": 82.17200469970703,
      "top_left_y": 512.7235107421875,
      "bottom_right_x": 127.8349838256836,
      "bottom_right_y": 531.7601318359375
    }
  ],
  "detected_translations": [
    {
      "translation_x": -29.3429874420166,
      "translation_y": -14.317222595214844
    }
  ]
}