{
  "id": "frame_3271",
  "user": "NPC-AI",
  "frame": "frame_3271",
  "detected_objects": [
    {
      "cls": 1,
      "landing_status": -1,
      "top_left_x": 1405.258544921875,
      "top_left_y": 157.21963500976562,
      "bottom_right_x": 1446.3046875,
      "bottom_right_y": 191.70413208007812
    }
  ],
  "detected_translations": [
    {
      "translation_x": 15.506069564819336,
      "translation_y": -37.02722930908203
    }
  ]
}