{
  "id": "frame_160",
  "user": "NPC-AI",
  "frame": "frame_160",
  "detected_objects": [
    {
      "cls": 1,
      "landing_status": -1,
      "top_left_x": 1339.1226806640625,
      "top_left_y": 508.45477294921875,
      "bottom_right_x": 1376.2078857421875,
      "bottom_right_y": 537.1714477539062
    }
  ],
  "detected_translations": [
    {
      "translation_x": -0.085760498046875,
      "translation_y": 6.541022491455078
    }
  ]
}