{
  "id": "frame_3275",
  "user": "NPC-A\u0130",
  "frame": "frame_3275",
  "detected_objects": [
    {
      "cls": 1.0,
      "top_left_x": 1340.5679931640625,
      "top_left_y": 170.99331665039062,
      "bottom_right_x": 1381.6656494140625,
      "bottom_right_y": 209.15390014648438
    }
  ],
  "detected_translations": [
    {
      "translation_x": 16.674526596069335,
      "translation_y": -36.89581451416016
    }
  ]
}