{
  "id": "frame_192",
  "user": "NPC-A\u0130",
  "frame": "frame_192",
  "detected_objects": [
    {
      "cls": 1.0,
      "top_left_x": 1347.613037109375,
      "top_left_y": 641.5745239257812,
      "bottom_right_x": 1385.746826171875,
      "bottom_right_y": 671.1215209960938
    }
  ],
  "detected_translations": [
    {
      "translation_x": 0.1975921630859375,
      "translation_y": 9.29781723022461
    }
  ]
}