{
  "id": "frame_3270",
  "user": "NPC-AI",
  "frame": "frame_3270",
  "detected_objects": [
    {
      "cls": 1,
      "landing_status": -1,
      "top_left_x": 1420.7967529296875,
      "top_left_y": 153.96176147460938,
      "bottom_right_x": 1461.5999755859375,
      "bottom_right_y": 190.88986206054688
    }
  ],
  "detected_translations": [
    {
      "translation_x": 15.131222152709961,
      "translation_y": -37.18655548095703
    }
  ]
}