{
  "id": "frame_1320",
  "user": "NPC-AI",
  "frame": "frame_1320",
  "detected_objects": [
    {
      "cls": 1,
      "landing_status": -1,
      "top_left_x": 1133.2138671875,
      "top_left_y": 691.3106079101562,
      "bottom_right_x": 1155.846923828125,
      "bottom_right_y": 720.8339233398438
    },
    {
      "cls": 1,
      "landing_status": -1,
      "top_left_x": 1668.113525390625,
      "top_left_y": 121.83245849609375,
      "bottom_right_x": 1712.876708984375,
      "bottom_right_y": 157.73861694335938
    },
    {
      "cls": 1,
      "landing_status": -1,
      "top_left_x": 1159.5537109375,
      "top_left_y": 693.6524658203125,
      "bottom_right_x": 1182.478515625,
      "bottom_right_y": 722.2900390625
    }
  ],
  "detected_translations": [
    {
      "translation_x": 79.01006965637207,
      "translation_y": 31.012760162353516
    }
  ]
}