{
  "id": "frame_0532",
  "user": "NPC-AI",
  "frame": "frame_0532",
  "detected_objects": [
    {
      "cls": 2,
      "landing_status": 1,
      "top_left_x": 651.433837890625,
      "top_left_y": 40.00663757324219,
      "bottom_right_x": 781.04248046875,
      "bottom_right_y": 145.53195190429688
    },
    {
      "cls": 1,
      "landing_status": -1,
      "top_left_x": 1181.3607177734375,
      "top_left_y": 184.43463134765625,
      "bottom_right_x": 1204.7296142578125,
      "bottom_right_y": 223.4632568359375
    },
    {
      "cls": 1,
      "landing_status": -1,
      "top_left_x": 1840.0487060546875,
      "top_left_y": 684.0291748046875,
      "bottom_right_x": 1881.3446044921875,
      "bottom_right_y": 715.0487060546875
    }
  ],
  "detected_translations": [
    {
      "translation_x": -0.4702117919921875,
      "translation_y": 1.919469451904297
    }
  ]
}