{
  "id": "frame_73",
  "user": "NPC-A\u0130",
  "frame": "frame_73",
  "detected_objects": [
    {
      "cls": 1.0,
      "top_left_x": 1304.95947265625,
      "top_left_y": 217.05538940429688,
      "bottom_right_x": 1339.94091796875,
      "bottom_right_y": 249.62966918945312
    },
    {
      "cls": 1.0,
      "top_left_x": 1705.29833984375,
      "top_left_y": 810.1348876953125,
      "bottom_right_x": 1731.67919921875,
      "bottom_right_y": 841.7459716796875
    }
  ],
  "detected_translations": [
    {
      "translation_x": 0.360675048828125,
      "translation_y": 0.44788055419921874
    }
  ]
}