{
  "id": "frame_2406",
  "user": "NPC-A\u0130",
  "frame": "frame_2406",
  "detected_objects": [
    {
      "cls": 1.0,
      "top_left_x": 252.04534912109375,
      "top_left_y": 534.9422607421875,
      "bottom_right_x": 284.31591796875,
      "bottom_right_y": 570.6011962890625
    }
  ],
  "detected_translations": [
    {
      "translation_x": -34.22899208068848,
      "translation_y": -14.2132080078125
    }
  ]
}