{
  "id": "frame_946",
  "user": "NPC-A\u0130",
  "frame": "frame_946",
  "detected_objects": [
    {
      "cls": 0.0,
      "top_left_x": 37.92964172363281,
      "top_left_y": 21.732696533203125,
      "bottom_right_x": 144.61083984375,
      "bottom_right_y": 200.22027587890625
    },
    {
      "cls": 0.0,
      "top_left_x": 1419.948974609375,
      "top_left_y": 407.17498779296875,
      "bottom_right_x": 1612.927490234375,
      "bottom_right_y": 498.44403076171875
    }
  ],
  "detected_translations": [
    {
      "translation_x": 46.967080688476564,
      "translation_y": 116.27158660888672
    }
  ]
}