{
  "id": "frame_1440",
  "user": "NPC-AI",
  "frame": "frame_1440",
  "detected_objects": [
    {
      "cls": 1,
      "landing_status": -1,
      "top_left_x": 454.6075439453125,
      "top_left_y": 699.1075439453125,
      "bottom_right_x": 496.44580078125,
      "bottom_right_y": 731.6417236328125
    },
    {
      "cls": 1,
      "landing_status": -1,
      "top_left_x": 450.07244873046875,
      "top_left_y": 676.294189453125,
      "bottom_right_x": 488.32391357421875,
      "bottom_right_y": 704.269775390625
    }
  ],
  "detected_translations": [
    {
      "translation_x": 78.15987434387208,
      "translation_y": -12.440501403808593
    }
  ]
}