{
  "id": "frame_24",
  "user": "NPC-AI",
  "frame": "frame_24",
  "detected_objects": [
    {
      "cls": 1,
      "landing_status": -1,
      "top_left_x": 1282.68798828125,
      "top_left_y": 203.67120361328125,
      "bottom_right_x": 1314.99560546875,
      "bottom_right_y": 235.520263671875
    }
  ],
  "detected_translations": [
    {
      "translation_x": -0.075152587890625,
      "translation_y": 0.0426666259765625
    }
  ]
}