{
  "id": "frame_238",
  "user": "NPC-AI",
  "frame": "frame_238",
  "detected_objects": [
    {
      "cls": 1,
      "landing_status": -1,
      "top_left_x": 1357.5966796875,
      "top_left_y": 811.0813598632812,
      "bottom_right_x": 1393.6611328125,
      "bottom_right_y": 844.6690063476562
    }
  ],
  "detected_translations": [
    {
      "translation_x": -0.7579620361328125,
      "translation_y": 12.826368713378907
    }
  ]
}