{
  "id": "frame_2423",
  "user": "NPC-A\u0130",
  "frame": "frame_2423",
  "detected_objects": [
    {
      "cls": 1.0,
      "top_left_x": 449.5091552734375,
      "top_left_y": 584.051025390625,
      "bottom_right_x": 475.888427734375,
      "bottom_right_y": 614.70751953125
    },
    {
      "cls": 1.0,
      "top_left_x": 263.6084899902344,
      "top_left_y": 458.21868896484375,
      "bottom_right_x": 314.0196228027344,
      "bottom_right_y": 485.83941650390625
    },
    {
      "cls": 1.0,
      "top_left_x": 133.6337890625,
      "top_left_y": 64.1082534790039,
      "bottom_right_x": 173.8831787109375,
      "bottom_right_y": 91.0070571899414
    },
    {
      "cls": 1.0,
      "top_left_x": 0.164642333984375,
      "top_left_y": 578.410400390625,
      "bottom_right_x": 16.514568328857422,
      "bottom_right_y": 599.67236328125
    }
  ],
  "detected_translations": [
    {
      "translation_x": -39.00314064025879,
      "translation_y": -13.669807434082031
    }
  ]
}