{
  "id": "frame_1468",
  "user": "NPC-AI",
  "frame": "frame_1468",
  "detected_objects": [
    {
      "cls": 1,
      "landing_status": -1,
      "top_left_x": 397.5050048828125,
      "top_left_y": 260.26824951171875,
      "bottom_right_x": 438.286865234375,
      "bottom_right_y": 290.88690185546875
    },
    {
      "cls": 1,
      "landing_status": -1,
      "top_left_x": 391.3052978515625,
      "top_left_y": 235.08673095703125,
      "bottom_right_x": 436.66058349609375,
      "bottom_right_y": 266.4429931640625
    }
  ],
  "detected_translations": [
    {
      "translation_x": 77.88750495910645,
      "translation_y": -23.25695343017578
    }
  ]
}