{
  "id": "frame_148",
  "user": "NPC-AI",
  "frame": "frame_148",
  "detected_objects": [
    {
      "cls": 1,
      "landing_status": -1,
      "top_left_x": 1335.83935546875,
      "top_left_y": 457.3475341796875,
      "bottom_right_x": 1373.587158203125,
      "bottom_right_y": 486.467529296875
    }
  ],
  "detected_translations": [
    {
      "translation_x": 0.15439453125,
      "translation_y": 5.546556854248047
    }
  ]
}