{
  "id": "frame_3273",
  "user": "NPC-AI",
  "frame": "frame_3273",
  "detected_objects": [
    {
      "cls": 1,
      "landing_status": -1,
      "top_left_x": 1372.752197265625,
      "top_left_y": 163.6366729736328,
      "bottom_right_x": 1414.300048828125,
      "bottom_right_y": 198.0451202392578
    }
  ],
  "detected_translations": [
    {
      "translation_x": 16.124193954467774,
      "translation_y": -37.02531280517578
    }
  ]
}