{
  "id": "frame_1351",
  "user": "NPC-A\u0130",
  "frame": "frame_1351",
  "detected_objects": [
    {
      "cls": 1.0,
      "top_left_x": 1178.035400390625,
      "top_left_y": 189.00057983398438,
      "bottom_right_x": 1212.323974609375,
      "bottom_right_y": 224.96636962890625
    }
  ],
  "detected_translations": [
    {
      "translation_x": 79.14835395812989,
      "translation_y": 20.69277114868164
    }
  ]
}