{
  "id": "frame_1397",
  "user": "NPC-A\u0130",
  "frame": "frame_1397",
  "detected_objects": [
    {
      "cls": 1.0,
      "top_left_x": 1196.2880859375,
      "top_left_y": 419.951904296875,
      "bottom_right_x": 1224.630859375,
      "bottom_right_y": 451.630859375
    },
    {
      "cls": 1.0,
      "top_left_x": 1270.57958984375,
      "top_left_y": 422.31695556640625,
      "bottom_right_x": 1296.739990234375,
      "bottom_right_y": 445.18817138671875
    }
  ],
  "detected_translations": [
    {
      "translation_x": 78.4252872467041,
      "translation_y": 4.334331512451172
    }
  ]
}