{
  "id": "frame_1346",
  "user": "NPC-A\u0130",
  "frame": "frame_1346",
  "detected_objects": [
    {
      "cls": 1.0,
      "top_left_x": 1176.2919921875,
      "top_left_y": 271.67822265625,
      "bottom_right_x": 1208.13134765625,
      "bottom_right_y": 314.2181396484375
    }
  ],
  "detected_translations": [
    {
      "translation_x": 78.85982551574708,
      "translation_y": 22.381707000732423
    }
  ]
}