{
  "id": "frame_86",
  "user": "NPC-AI",
  "frame": "frame_86",
  "detected_objects": [
    {
      "cls": 1,
      "landing_status": -1,
      "top_left_x": 1312.178955078125,
      "top_left_y": 230.93408203125,
      "bottom_right_x": 1345.624267578125,
      "bottom_right_y": 263.57733154296875
    },
    {
      "cls": 1,
      "landing_status": -1,
      "top_left_x": 1707.755615234375,
      "top_left_y": 841.95703125,
      "bottom_right_x": 1737.05712890625,
      "bottom_right_y": 885.708740234375
    }
  ],
  "detected_translations": [
    {
      "translation_x": 0.145062255859375,
      "translation_y": 0.8734588623046875
    }
  ]
}