{
  "id": "frame_48",
  "user": "NPC-AI",
  "frame": "frame_48",
  "detected_objects": [
    {
      "cls": 1,
      "landing_status": -1,
      "top_left_x": 1293.521484375,
      "top_left_y": 208.88461303710938,
      "bottom_right_x": 1326.40185546875,
      "bottom_right_y": 242.53695678710938
    },
    {
      "cls": 1,
      "landing_status": -1,
      "top_left_x": 1714.2091064453125,
      "top_left_y": 758.2012939453125,
      "bottom_right_x": 1745.4744873046875,
      "bottom_right_y": 776.8426513671875
    }
  ],
  "detected_translations": [
    {
      "translation_x": 0.0922149658203125,
      "translation_y": 0.5631576538085937
    }
  ]
}