{
  "id": "frame_1552",
  "user": "NPC-AI",
  "frame": "frame_1552",
  "detected_objects": [
    {
      "cls": 1,
      "landing_status": -1,
      "top_left_x": 554.5147705078125,
      "top_left_y": 748.7369995117188,
      "bottom_right_x": 592.4327392578125,
      "bottom_right_y": 780.2887573242188
    }
  ],
  "detected_translations": [
    {
      "translation_x": 78.38821830749512,
      "translation_y": -52.92394866943359
    }
  ]
}