{
  "id": "frame_556",
  "user": "NPC-A\u0130",
  "frame": "frame_556",
  "detected_objects": [
    {
      "cls": 0.0,
      "top_left_x": 1774.91552734375,
      "top_left_y": 440.68902587890625,
      "bottom_right_x": 1920.0,
      "bottom_right_y": 525.0250854492188
    }
  ],
  "detected_translations": [
    {
      "translation_x": -1.7542709350585937,
      "translation_y": 71.63585205078125
    }
  ]
}