{
  "id": "frame_2404",
  "user": "NPC-A\u0130",
  "frame": "frame_2404",
  "detected_objects": [
    {
      "cls": 1.0,
      "top_left_x": 232.18093872070312,
      "top_left_y": 533.2569580078125,
      "bottom_right_x": 263.1936340332031,
      "bottom_right_y": 564.6968994140625
    }
  ],
  "detected_translations": [
    {
      "translation_x": -33.52598609924316,
      "translation_y": -14.300994110107421
    }
  ]
}