{
  "id": "frame_804",
  "user": "NPC-A\u0130",
  "frame": "frame_804",
  "detected_objects": [
    {
      "cls": 1.0,
      "top_left_x": 402.8241271972656,
      "top_left_y": 109.93057250976562,
      "bottom_right_x": 443.9072570800781,
      "bottom_right_y": 136.23651123046875
    },
    {
      "cls": 1.0,
      "top_left_x": 634.4302368164062,
      "top_left_y": 529.77880859375,
      "bottom_right_x": 679.2437133789062,
      "bottom_right_y": 556.61279296875
    },
    {
      "cls": 0.0,
      "top_left_x": 1723.244384765625,
      "top_left_y": 949.8515625,
      "bottom_right_x": 1814.688232421875,
      "bottom_right_y": 1079.112548828125
    },
    {
      "cls": 1.0,
      "top_left_x": 498.6956787109375,
      "top_left_y": 507.0828857421875,
      "bottom_right_x": 535.176025390625,
      "bottom_right_y": 535.4014892578125
    }
  ],
  "detected_translations": [
    {
      "translation_x": 4.113446044921875,
      "translation_y": 113.2103500366211
    }
  ]
}