{
  "id": "frame_1374",
  "user": "NPC-A\u0130",
  "frame": "frame_1374",
  "detected_objects": [
    {
      "cls": 1.0,
      "top_left_x": 1252.69140625,
      "top_left_y": 781.3453369140625,
      "bottom_right_x": 1286.1845703125,
      "bottom_right_y": 807.9984130859375
    }
  ],
  "detected_translations": [
    {
      "translation_x": 78.86060066223145,
      "translation_y": 13.04581527709961
    }
  ]
}