{
  "id": "frame_1285",
  "user": "NPC-A\u0130",
  "frame": "frame_1285",
  "detected_objects": [
    {
      "cls": 2.0,
      "top_left_x": 1231.16015625,
      "top_left_y": 749.733642578125,
      "bottom_right_x": 1433.27490234375,
      "bottom_right_y": 943.307861328125
    },
    {
      "cls": 2.0,
      "top_left_x": 1497.27197265625,
      "top_left_y": 767.418701171875,
      "bottom_right_x": 1685.65771484375,
      "bottom_right_y": 952.8330078125
    }
  ],
  "detected_translations": [
    {
      "translation_x": 79.60245857238769,
      "translation_y": 42.72333450317383
    }
  ]
}