{
  "id": "frame_1412",
  "user": "NPC-AI",
  "frame": "frame_1412",
  "detected_objects": [
    {
      "cls": 1,
      "landing_status": -1,
      "top_left_x": 1278.74853515625,
      "top_left_y": 166.55819702148438,
      "bottom_right_x": 1311.75244140625,
      "bottom_right_y": 200.880859375
    },
    {
      "cls": 1,
      "landing_status": -1,
      "top_left_x": 1246.5455322265625,
      "top_left_y": 188.14910888671875,
      "bottom_right_x": 1279.4488525390625,
      "bottom_right_y": 223.01593017578125
    },
    {
      "cls": 1,
      "landing_status": -1,
      "top_left_x": 1210.5087890625,
      "top_left_y": 170.9111328125,
      "bottom_right_x": 1237.06103515625,
      "bottom_right_y": 210.72479248046875
    },
    {
      "cls": 0,
      "landing_status": -1,
      "top_left_x": 923.764404296875,
      "top_left_y": 77.61102294921875,
      "bottom_right_x": 952.740478515625,
      "bottom_right_y": 166.16323852539062
    }
  ],
  "detected_translations": [
    {
      "translation_x": 78.23763313293458,
      "translation_y": -1.6434532165527345
    }
  ]
}