{
  "id": "frame_3315",
  "user": "NPC-A\u0130",
  "frame": "frame_3315",
  "detected_objects": [
    {
      "cls": 1.0,
      "top_left_x": 752.7577514648438,
      "top_left_y": 277.4932861328125,
      "bottom_right_x": 786.3163452148438,
      "bottom_right_y": 307.2227783203125
    }
  ],
  "detected_translations": [
    {
      "translation_x": 30.740903854370117,
      "translation_y": -36.466162872314456
    }
  ]
}