{
  "id": "frame_180",
  "user": "NPC-AI",
  "frame": "frame_180",
  "detected_objects": [
    {
      "cls": 1,
      "landing_status": -1,
      "top_left_x": 1345.4979248046875,
      "top_left_y": 593.134765625,
      "bottom_right_x": 1381.5543212890625,
      "bottom_right_y": 621.676513671875
    },
    {
      "cls": 1,
      "landing_status": -1,
      "top_left_x": 1506.255126953125,
      "top_left_y": 955.8944091796875,
      "bottom_right_x": 1539.130126953125,
      "bottom_right_y": 990.4842529296875
    }
  ],
  "detected_translations": [
    {
      "translation_x": -0.0039642333984375,
      "translation_y": 8.312629699707031
    }
  ]
}