{
  "id": "frame_1119",
  "user": "NPC-AI",
  "frame": "frame_1119",
  "detected_objects": [
    {
      "cls": 0,
      "landing_status": -1,
      "top_left_x": 321.24188232421875,
      "top_left_y": 283.640625,
      "bottom_right_x": 421.30389404296875,
      "bottom_right_y": 520.7899780273438
    },
    {
      "cls": 0,
      "landing_status": -1,
      "top_left_x": 190.69256591796875,
      "top_left_y": 1.0740585327148438,
      "bottom_right_x": 404.713134765625,
      "bottom_right_y": 103.28817749023438
    }
  ],
  "detected_translations": [
    {
      "translation_x": 81.99731979370117,
      "translation_y": 103.96184539794922
    }
  ]
}