{
  "id": "frame_1471",
  "user": "NPC-AI",
  "frame": "frame_1471",
  "detected_objects": [
    {
      "cls": 1,
      "landing_status": -1,
      "top_left_x": 390.4682312011719,
      "top_left_y": 212.70477294921875,
      "bottom_right_x": 433.3481750488281,
      "bottom_right_y": 246.0943603515625
    },
    {
      "cls": 1,
      "landing_status": -1,
      "top_left_x": 384.5767517089844,
      "top_left_y": 187.54721069335938,
      "bottom_right_x": 424.0155334472656,
      "bottom_right_y": 223.06301879882812
    },
    {
      "cls": 1,
      "landing_status": -1,
      "top_left_x": 383.93804931640625,
      "top_left_y": 187.39895629882812,
      "bottom_right_x": 431.1568603515625,
      "bottom_right_y": 230.54769897460938
    }
  ],
  "detected_translations": [
    {
      "translation_x": 77.94450340270996,
      "translation_y": -24.445771789550783
    }
  ]
}