{
  "id": "frame_1343",
  "user": "NPC-A\u0130",
  "frame": "frame_1343",
  "detected_objects": [
    {
      "cls": 1.0,
      "top_left_x": 1174.61181640625,
      "top_left_y": 321.0682373046875,
      "bottom_right_x": 1204.9111328125,
      "bottom_right_y": 364.7130126953125
    }
  ],
  "detected_translations": [
    {
      "translation_x": 78.92268867492676,
      "translation_y": 23.43159408569336
    }
  ]
}