{
  "id": "frame_15",
  "user": "NPC-AI",
  "frame": "frame_15",
  "detected_objects": [
    {
      "cls": 1,
      "landing_status": -1,
      "top_left_x": 1278.010009765625,
      "top_left_y": 199.61141967773438,
      "bottom_right_x": 1310.41015625,
      "bottom_right_y": 232.57028198242188
    }
  ],
  "detected_translations": [
    {
      "translation_x": 0.0603973388671875,
      "translation_y": 0.10420989990234375
    }
  ]
}