{
  "id": "frame_182",
  "user": "NPC-A\u0130",
  "frame": "frame_182",
  "detected_objects": [
    {
      "cls": 1.0,
      "top_left_x": 1345.23193359375,
      "top_left_y": 601.77734375,
      "bottom_right_x": 1382.3115234375,
      "bottom_right_y": 630.7606201171875
    }
  ],
  "detected_translations": [
    {
      "translation_x": 0.010528564453125,
      "translation_y": 8.496163177490235
    }
  ]
}