{
  "id": "frame_233",
  "user": "NPC-A\u0130",
  "frame": "frame_233",
  "detected_objects": [
    {
      "cls": 1.0,
      "top_left_x": 1356.0843505859375,
      "top_left_y": 794.3391723632812,
      "bottom_right_x": 1392.8514404296875,
      "bottom_right_y": 826.3587036132812
    }
  ],
  "detected_translations": [
    {
      "translation_x": -0.8309295654296875,
      "translation_y": 12.37392349243164
    }
  ]
}