{
  "id": "frame_763",
  "user": "NPC-AI",
  "frame": "frame_763",
  "detected_objects": [
    {
      "cls": 1,
      "landing_status": -1,
      "top_left_x": 530.5013427734375,
      "top_left_y": 82.08248138427734,
      "bottom_right_x": 560.6505126953125,
      "bottom_right_y": 110.5649185180664
    },
    {
      "cls": 1,
      "landing_status": -1,
      "top_left_x": 538.7691650390625,
      "top_left_y": 54.63661575317383,
      "bottom_right_x": 577.0592041015625,
      "bottom_right_y": 83.23362731933594
    }
  ],
  "detected_translations": [
    {
      "translation_x": -1.7968902587890625,
      "translation_y": 111.93657836914062
    }
  ]
}