{
  "id": "frame_1127",
  "user": "NPC-A\u0130",
  "frame": "frame_1127",
  "detected_objects": [
    {
      "cls": 0.0,
      "top_left_x": 320.2955627441406,
      "top_left_y": 203.21124267578125,
      "bottom_right_x": 421.6613464355469,
      "bottom_right_y": 440.50213623046875
    }
  ],
  "detected_translations": [
    {
      "translation_x": 81.93726654052735,
      "translation_y": 101.8685203552246
    }
  ]
}