{
  "id": "frame_550",
  "user": "NPC-A\u0130",
  "frame": "frame_550",
  "detected_objects": [
    {
      "cls": 0.0,
      "top_left_x": 1776.158935546875,
      "top_left_y": 374.8726806640625,
      "bottom_right_x": 1920.0,
      "bottom_right_y": 460.42596435546875
    }
  ],
  "detected_translations": [
    {
      "translation_x": -1.9760177612304688,
      "translation_y": 70.386474609375
    }
  ]
}