{
  "id": "frame_2410",
  "user": "NPC-A\u0130",
  "frame": "frame_2410",
  "detected_objects": [
    {
      "cls": 1.0,
      "top_left_x": 139.3043212890625,
      "top_left_y": 448.62420654296875,
      "bottom_right_x": 185.55621337890625,
      "bottom_right_y": 473.08453369140625
    }
  ],
  "detected_translations": [
    {
      "translation_x": -35.266461563110354,
      "translation_y": -14.26644058227539
    }
  ]
}