{
  "id": "frame_1013",
  "user": "NPC-A\u0130",
  "frame": "frame_1013",
  "detected_objects": [
    {
      "cls": 0.0,
      "top_left_x": 660.4423828125,
      "top_left_y": 825.1424560546875,
      "bottom_right_x": 765.644287109375,
      "bottom_right_y": 1059.23876953125
    },
    {
      "cls": 1.0,
      "top_left_x": 1313.0279541015625,
      "top_left_y": 825.7222900390625,
      "bottom_right_x": 1357.9205322265625,
      "bottom_right_y": 867.5992431640625
    },
    {
      "cls": 1.0,
      "top_left_x": 1184.1295166015625,
      "top_left_y": 342.91778564453125,
      "bottom_right_x": 1235.1510009765625,
      "bottom_right_y": 377.79302978515625
    },
    {
      "cls": 1.0,
      "top_left_x": 1299.2314453125,
      "top_left_y": 356.3509216308594,
      "bottom_right_x": 1347.49365234375,
      "bottom_right_y": 387.7414245605469
    }
  ],
  "detected_translations": [
    {
      "translation_x": 72.45631256103516,
      "translation_y": 117.75453186035156
    }
  ]
}