{
  "id": "frame_212",
  "user": "NPC-A\u0130",
  "frame": "frame_212",
  "detected_objects": [
    {
      "cls": 1.0,
      "top_left_x": 1352.62890625,
      "top_left_y": 719.5947265625,
      "bottom_right_x": 1389.503173828125,
      "bottom_right_y": 749.6483154296875
    }
  ],
  "detected_translations": [
    {
      "translation_x": -0.569866943359375,
      "translation_y": 10.746024322509765
    }
  ]
}