{
  "id": "frame_166",
  "user": "NPC-A\u0130",
  "frame": "frame_166",
  "detected_objects": [
    {
      "cls": 1.0,
      "top_left_x": 1341.19091796875,
      "top_left_y": 534.15771484375,
      "bottom_right_x": 1377.82275390625,
      "bottom_right_y": 563.18310546875
    }
  ],
  "detected_translations": [
    {
      "translation_x": -0.2312896728515625,
      "translation_y": 7.13304443359375
    }
  ]
}