{
  "id": "frame_875",
  "user": "NPC-A\u0130",
  "frame": "frame_875",
  "detected_objects": [
    {
      "cls": 0.0,
      "top_left_x": 957.1826171875,
      "top_left_y": 0.0,
      "bottom_right_x": 1041.15673828125,
      "bottom_right_y": 146.9794464111328
    },
    {
      "cls": 0.0,
      "top_left_x": 506.16717529296875,
      "top_left_y": 308.84942626953125,
      "bottom_right_x": 691.8280639648438,
      "bottom_right_y": 391.03717041015625
    }
  ],
  "detected_translations": [
    {
      "translation_x": 23.117219543457033,
      "translation_y": 114.18203735351562
    }
  ]
}