{
  "id": "frame_160",
  "user": "NPC-A\u0130",
  "frame": "frame_160",
  "detected_objects": [
    {
      "cls": 1.0,
      "top_left_x": 1338.91015625,
      "top_left_y": 508.26275634765625,
      "bottom_right_x": 1377.091064453125,
      "bottom_right_y": 537.4451293945312
    }
  ],
  "detected_translations": [
    {
      "translation_x": -0.085760498046875,
      "translation_y": 6.541022491455078
    }
  ]
}