{
  "id": "frame_1138",
  "user": "NPC-A\u0130",
  "frame": "frame_1138",
  "detected_objects": [
    {
      "cls": 0.0,
      "top_left_x": 316.94635009765625,
      "top_left_y": 85.60591888427734,
      "bottom_right_x": 419.69866943359375,
      "bottom_right_y": 315.2154846191406
    },
    {
      "cls": 2.0,
      "top_left_x": 1672.6829833984375,
      "top_left_y": 847.4791259765625,
      "bottom_right_x": 1920.0,
      "bottom_right_y": 1080.0
    }
  ],
  "detected_translations": [
    {
      "translation_x": 81.72925186157227,
      "translation_y": 98.92612075805664
    }
  ]
}