{
  "id": "frame_2691",
  "user": "NPC-AI",
  "frame": "frame_2691",
  "detected_objects": [
    {
      "cls": 1,
      "landing_status": -1,
      "top_left_x": 1869.5009765625,
      "top_left_y": 111.1678237915039,
      "bottom_right_x": 1918.8076171875,
      "bottom_right_y": 149.25308227539062
    },
    {
      "cls": 1,
      "landing_status": -1,
      "top_left_x": 1050.22607421875,
      "top_left_y": 59.347450256347656,
      "bottom_right_x": 1076.9287109375,
      "bottom_right_y": 83.4332046508789
    }
  ],
  "detected_translations": [
    {
      "translation_x": -76.67786598205566,
      "translation_y": -29.903370666503907
    }
  ]
}