{
  "id": "frame_917",
  "user": "NPC-AI",
  "frame": "frame_917",
  "detected_objects": [
    {
      "cls": 0,
      "landing_status": -1,
      "top_left_x": 436.98040771484375,
      "top_left_y": 0.0,
      "bottom_right_x": 529.2683715820312,
      "bottom_right_y": 179.38198852539062
    },
    {
      "cls": 1,
      "landing_status": -1,
      "top_left_x": 748.839111328125,
      "top_left_y": 252.03109741210938,
      "bottom_right_x": 782.51318359375,
      "bottom_right_y": 286.4284973144531
    }
  ],
  "detected_translations": [
    {
      "translation_x": 36.98563690185547,
      "translation_y": 116.18496398925781
    }
  ]
}