{
  "id": "frame_1386",
  "user": "NPC-A\u0130",
  "frame": "frame_1386",
  "detected_objects": [
    {
      "cls": 1.0,
      "top_left_x": 1235.11865234375,
      "top_left_y": 609.839111328125,
      "bottom_right_x": 1261.8115234375,
      "bottom_right_y": 645.44921875
    },
    {
      "cls": 1.0,
      "top_left_x": 1260.6396484375,
      "top_left_y": 592.1642456054688,
      "bottom_right_x": 1290.2490234375,
      "bottom_right_y": 617.3877563476562
    },
    {
      "cls": 1.0,
      "top_left_x": 1187.530029296875,
      "top_left_y": 602.5906982421875,
      "bottom_right_x": 1216.241943359375,
      "bottom_right_y": 623.2647705078125
    }
  ],
  "detected_translations": [
    {
      "translation_x": 78.82420539855957,
      "translation_y": 8.621997833251953
    }
  ]
}