{
  "id": "frame_899",
  "user": "NPC-AI",
  "frame": "frame_899",
  "detected_objects": [
    {
      "cls": 0,
      "landing_status": -1,
      "top_left_x": 667.4039916992188,
      "top_left_y": 0.0,
      "bottom_right_x": 754.1663208007812,
      "bottom_right_y": 162.65199279785156
    },
    {
      "cls": 0,
      "landing_status": -1,
      "top_left_x": 0.0,
      "top_left_y": 307.569580078125,
      "bottom_right_x": 162.26651000976562,
      "bottom_right_y": 393.85223388671875
    },
    {
      "cls": 0,
      "landing_status": -1,
      "top_left_x": 740.6571044921875,
      "top_left_y": 995.8988037109375,
      "bottom_right_x": 821.34033203125,
      "bottom_right_y": 1077.0152587890625
    },
    {
      "cls": 1,
      "landing_status": -1,
      "top_left_x": 939.9058837890625,
      "top_left_y": 234.55789184570312,
      "bottom_right_x": 976.7735595703125,
      "bottom_right_y": 269.4657287597656
    }
  ],
  "detected_translations": [
    {
      "translation_x": 30.962939453125,
      "translation_y": 114.92625274658204
    }
  ]
}