{
  "id": "frame_1029",
  "user": "NPC-A\u0130",
  "frame": "frame_1029",
  "detected_objects": [
    {
      "cls": 0.0,
      "top_left_x": 520.739990234375,
      "top_left_y": 819.4801025390625,
      "bottom_right_x": 625.537841796875,
      "bottom_right_y": 1052.5621337890625
    },
    {
      "cls": 1.0,
      "top_left_x": 1182.534912109375,
      "top_left_y": 827.3527221679688,
      "bottom_right_x": 1226.076416015625,
      "bottom_right_y": 863.0764770507812
    },
    {
      "cls": 1.0,
      "top_left_x": 1072.390869140625,
      "top_left_y": 338.54193115234375,
      "bottom_right_x": 1123.614501953125,
      "bottom_right_y": 371.08929443359375
    },
    {
      "cls": 1.0,
      "top_left_x": 1179.190673828125,
      "top_left_y": 349.20977783203125,
      "bottom_right_x": 1221.162353515625,
      "bottom_right_y": 381.82489013671875
    }
  ],
  "detected_translations": [
    {
      "translation_x": 76.31534576416016,
      "translation_y": 117.67648468017578
    }
  ]
}