{
  "id": "frame_2673",
  "user": "NPC-A\u0130",
  "frame": "frame_2673",
  "detected_objects": [
    {
      "cls": 1.0,
      "top_left_x": 1833.4300537109375,
      "top_left_y": 201.9210205078125,
      "bottom_right_x": 1884.8829345703125,
      "bottom_right_y": 237.93112182617188
    },
    {
      "cls": 1.0,
      "top_left_x": 1007.531982421875,
      "top_left_y": 167.94009399414062,
      "bottom_right_x": 1039.720458984375,
      "bottom_right_y": 206.25076293945312
    },
    {
      "cls": 1.0,
      "top_left_x": 1437.1739501953125,
      "top_left_y": 80.96682739257812,
      "bottom_right_x": 1461.3385009765625,
      "bottom_right_y": 113.88140869140625
    },
    {
      "cls": 1.0,
      "top_left_x": 981.9978637695312,
      "top_left_y": 117.24205017089844,
      "bottom_right_x": 1013.2339477539062,
      "bottom_right_y": 161.2756805419922
    }
  ],
  "detected_translations": [
    {
      "translation_x": -77.18793678283691,
      "translation_y": -27.558206176757814
    }
  ]
}