{
  "id": "frame_1008",
  "user": "NPC-A\u0130",
  "frame": "frame_1008",
  "detected_objects": [
    {
      "cls": 0.0,
      "top_left_x": 719.7159423828125,
      "top_left_y": 823.82177734375,
      "bottom_right_x": 821.703857421875,
      "bottom_right_y": 1059.18701171875
    },
    {
      "cls": 1.0,
      "top_left_x": 1337.46142578125,
      "top_left_y": 353.7453918457031,
      "bottom_right_x": 1399.580322265625,
      "bottom_right_y": 386.1943664550781
    },
    {
      "cls": 1.0,
      "top_left_x": 1242.9267578125,
      "top_left_y": 346.19354248046875,
      "bottom_right_x": 1280.510498046875,
      "bottom_right_y": 377.50469970703125
    },
    {
      "cls": 1.0,
      "top_left_x": 1359.786865234375,
      "top_left_y": 821.66796875,
      "bottom_right_x": 1413.730224609375,
      "bottom_right_y": 862.5009765625
    }
  ],
  "detected_translations": [
    {
      "translation_x": 71.04667053222656,
      "translation_y": 117.85856781005859
    }
  ]
}