{
  "id": "frame_2415",
  "user": "NPC-A\u0130",
  "frame": "frame_2415",
  "detected_objects": [
    {
      "cls": 1.0,
      "top_left_x": 352.61724853515625,
      "top_left_y": 566.9744873046875,
      "bottom_right_x": 382.42279052734375,
      "bottom_right_y": 590.5028076171875
    },
    {
      "cls": 1.0,
      "top_left_x": 49.385658264160156,
      "top_left_y": 51.701683044433594,
      "bottom_right_x": 86.87346649169922,
      "bottom_right_y": 72.72112274169922
    },
    {
      "cls": 1.0,
      "top_left_x": 188.92715454101562,
      "top_left_y": 452.5173645019531,
      "bottom_right_x": 228.10116577148438,
      "bottom_right_y": 483.4703063964844
    }
  ],
  "detected_translations": [
    {
      "translation_x": -36.66715431213379,
      "translation_y": -14.088702392578124
    }
  ]
}