{
  "id": "frame_30",
  "user": "NPC-A\u0130",
  "frame": "frame_30",
  "detected_objects": [
    {
      "cls": 1.0,
      "top_left_x": 1284.870361328125,
      "top_left_y": 205.36404418945312,
      "bottom_right_x": 1317.848876953125,
      "bottom_right_y": 236.80990600585938
    },
    {
      "cls": 1.0,
      "top_left_x": 1707.725830078125,
      "top_left_y": 712.5908203125,
      "bottom_right_x": 1738.571533203125,
      "bottom_right_y": 729.0908203125
    }
  ],
  "detected_translations": [
    {
      "translation_x": -0.01575927734375,
      "translation_y": 0.11439056396484375
    }
  ]
}