{
  "id": "frame_766",
  "user": "NPC-AI",
  "frame": "frame_766",
  "detected_objects": [
    {
      "cls": 1,
      "landing_status": -1,
      "top_left_x": 536.0104370117188,
      "top_left_y": 60.607666015625,
      "bottom_right_x": 577.3452758789062,
      "bottom_right_y": 88.55389404296875
    },
    {
      "cls": 1,
      "landing_status": -1,
      "top_left_x": 525.3670654296875,
      "top_left_y": 87.56199645996094,
      "bottom_right_x": 567.3280029296875,
      "bottom_right_y": 117.81431579589844
    },
    {
      "cls": 1,
      "landing_status": -1,
      "top_left_x": 780.9418334960938,
      "top_left_y": 462.630615234375,
      "bottom_right_x": 815.8494262695312,
      "bottom_right_y": 491.292724609375
    },
    {
      "cls": 1,
      "landing_status": -1,
      "top_left_x": 910.703369140625,
      "top_left_y": 480.1398010253906,
      "bottom_right_x": 933.9169921875,
      "bottom_right_y": 505.9666442871094
    }
  ],
  "detected_translations": [
    {
      "translation_x": -1.4946136474609375,
      "translation_y": 112.02618560791015
    }
  ]
}