{
  "id": "frame_1406",
  "user": "NPC-A\u0130",
  "frame": "frame_1406",
  "detected_objects": [
    {
      "cls": 1.0,
      "top_left_x": 1277.28125,
      "top_left_y": 269.8175964355469,
      "bottom_right_x": 1307.74365234375,
      "bottom_right_y": 303.7138977050781
    },
    {
      "cls": 1.0,
      "top_left_x": 1205.54638671875,
      "top_left_y": 274.1388854980469,
      "bottom_right_x": 1231.9833984375,
      "bottom_right_y": 300.0917053222656
    },
    {
      "cls": 1.0,
      "top_left_x": 1242.820068359375,
      "top_left_y": 288.8759765625,
      "bottom_right_x": 1274.08544921875,
      "bottom_right_y": 325.5670166015625
    }
  ],
  "detected_translations": [
    {
      "translation_x": 78.28164558410644,
      "translation_y": 0.6789833068847656
    }
  ]
}