{
  "id": "frame_1027",
  "user": "NPC-A\u0130",
  "frame": "frame_1027",
  "detected_objects": [
    {
      "cls": 0.0,
      "top_left_x": 535.398193359375,
      "top_left_y": 820.8914794921875,
      "bottom_right_x": 640.2958984375,
      "bottom_right_y": 1057.9228515625
    },
    {
      "cls": 1.0,
      "top_left_x": 1191.799560546875,
      "top_left_y": 829.8138427734375,
      "bottom_right_x": 1239.537353515625,
      "bottom_right_y": 865.1407470703125
    },
    {
      "cls": 1.0,
      "top_left_x": 1186.146728515625,
      "top_left_y": 351.9628601074219,
      "bottom_right_x": 1233.926513671875,
      "bottom_right_y": 384.4070739746094
    },
    {
      "cls": 1.0,
      "top_left_x": 1087.032470703125,
      "top_left_y": 340.5997314453125,
      "bottom_right_x": 1133.691650390625,
      "bottom_right_y": 373.0428466796875
    }
  ],
  "detected_translations": [
    {
      "translation_x": 75.91329650878906,
      "translation_y": 117.63667602539063
    }
  ]
}