{
  "id": "frame_918",
  "user": "NPC-A\u0130",
  "frame": "frame_918",
  "detected_objects": [
    {
      "cls": 0.0,
      "top_left_x": 422.10821533203125,
      "top_left_y": 1.7144775390625,
      "bottom_right_x": 516.4083251953125,
      "bottom_right_y": 179.68040466308594
    }
  ],
  "detected_translations": [
    {
      "translation_x": 37.00796661376953,
      "translation_y": 116.29736633300782
    }
  ]
}