{
  "id": "frame_1298",
  "user": "NPC-AI",
  "frame": "frame_1298",
  "detected_objects": [
    {
      "cls": 1,
      "landing_status": -1,
      "top_left_x": 1648.496826171875,
      "top_left_y": 423.9203186035156,
      "bottom_right_x": 1692.793212890625,
      "bottom_right_y": 451.8130798339844
    }
  ],
  "detected_translations": [
    {
      "translation_x": 79.51283912658691,
      "translation_y": 38.31462020874024
    }
  ]
}