{
  "id": "frame_1453",
  "user": "NPC-A\u0130",
  "frame": "frame_1453",
  "detected_objects": [
    {
      "cls": 1.0,
      "top_left_x": 424.2706298828125,
      "top_left_y": 473.74407958984375,
      "bottom_right_x": 466.75927734375,
      "bottom_right_y": 510.49639892578125
    }
  ],
  "detected_translations": [
    {
      "translation_x": 77.79408760070801,
      "translation_y": -17.36023864746094
    }
  ]
}