{
  "id": "frame_1514",
  "user": "NPC-A\u0130",
  "frame": "frame_1514",
  "detected_objects": [
    {
      "cls": 0.0,
      "top_left_x": 246.7406463623047,
      "top_left_y": 1061.7607421875,
      "bottom_right_x": 280.70745849609375,
      "bottom_right_y": 1078.51611328125
    }
  ],
  "detected_translations": [
    {
      "translation_x": 77.87097129821777,
      "translation_y": -39.808660888671874
    }
  ]
}