{
  "id": "frame_210",
  "user": "NPC-A\u0130",
  "frame": "frame_210",
  "detected_objects": [
    {
      "cls": 1.0,
      "top_left_x": 1352.2813720703125,
      "top_left_y": 711.9814453125,
      "bottom_right_x": 1388.9466552734375,
      "bottom_right_y": 742.007080078125
    }
  ],
  "detected_translations": [
    {
      "translation_x": -0.381304931640625,
      "translation_y": 10.64351806640625
    }
  ]
}