{
  "id": "frame_759",
  "user": "NPC-A\u0130",
  "frame": "frame_759",
  "detected_objects": [
    {
      "cls": 1.0,
      "top_left_x": 935.996337890625,
      "top_left_y": 466.89410400390625,
      "bottom_right_x": 963.898681640625,
      "bottom_right_y": 493.74310302734375
    }
  ],
  "detected_translations": [
    {
      "translation_x": -2.2048614501953123,
      "translation_y": 111.77081909179688
    }
  ]
}