{
  "id": "frame_2416",
  "user": "NPC-A\u0130",
  "frame": "frame_2416",
  "detected_objects": [
    {
      "cls": 1.0,
      "top_left_x": 364.12261962890625,
      "top_left_y": 568.6199951171875,
      "bottom_right_x": 394.18267822265625,
      "bottom_right_y": 592.8148193359375
    },
    {
      "cls": 1.0,
      "top_left_x": 199.21337890625,
      "top_left_y": 452.6380615234375,
      "bottom_right_x": 242.0789794921875,
      "bottom_right_y": 483.59698486328125
    }
  ],
  "detected_translations": [
    {
      "translation_x": -36.997839736938474,
      "translation_y": -14.048677062988281
    }
  ]
}