{
  "id": "frame_722",
  "user": "NPC-A\u0130",
  "frame": "frame_722",
  "detected_objects": [
    {
      "cls": 1.0,
      "top_left_x": 1017.5704345703125,
      "top_left_y": 366.6522216796875,
      "bottom_right_x": 1052.4991455078125,
      "bottom_right_y": 394.3140869140625
    },
    {
      "cls": 1.0,
      "top_left_x": 924.053466796875,
      "top_left_y": 385.7315979003906,
      "bottom_right_x": 953.48974609375,
      "bottom_right_y": 412.5011291503906
    }
  ],
  "detected_translations": [
    {
      "translation_x": -3.2473876953125,
      "translation_y": 109.3242904663086
    }
  ]
}