{
  "id": "frame_128",
  "user": "NPC-AI",
  "frame": "frame_128",
  "detected_objects": [
    {
      "cls": 1,
      "landing_status": -1,
      "top_left_x": 1329.70654296875,
      "top_left_y": 372.14117431640625,
      "bottom_right_x": 1366.04443359375,
      "bottom_right_y": 402.3955078125
    }
  ],
  "detected_translations": [
    {
      "translation_x": 0.6140411376953125,
      "translation_y": 3.5242652893066406
    }
  ]
}