{
  "id": "frame_2530",
  "user": "NPC-A\u0130",
  "frame": "frame_2530",
  "detected_objects": [
    {
      "cls": 1.0,
      "top_left_x": 1520.96533203125,
      "top_left_y": 804.4589233398438,
      "bottom_right_x": 1555.4013671875,
      "bottom_right_y": 835.6843872070312
    },
    {
      "cls": 1.0,
      "top_left_x": 574.2513427734375,
      "top_left_y": 537.18408203125,
      "bottom_right_x": 600.57666015625,
      "bottom_right_y": 560.56640625
    },
    {
      "cls": 1.0,
      "top_left_x": 1305.1883544921875,
      "top_left_y": 178.97613525390625,
      "bottom_right_x": 1334.4295654296875,
      "bottom_right_y": 204.49484252929688
    }
  ],
  "detected_translations": [
    {
      "translation_x": -64.54776496887207,
      "translation_y": -12.522566986083984
    }
  ]
}