{
  "id": "frame_1141",
  "user": "NPC-A\u0130",
  "frame": "frame_1141",
  "detected_objects": [
    {
      "cls": 0.0,
      "top_left_x": 318.6600341796875,
      "top_left_y": 54.272010803222656,
      "bottom_right_x": 420.06884765625,
      "bottom_right_y": 284.4753112792969
    }
  ],
  "detected_translations": [
    {
      "translation_x": 81.67696914672851,
      "translation_y": 97.98349075317383
    }
  ]
}