{
  "id": "frame_585",
  "user": "NPC-AI",
  "frame": "frame_585",
  "detected_objects": [
    {
      "cls": 0,
      "landing_status": -1,
      "top_left_x": 1767.6290283203125,
      "top_left_y": 761.5335693359375,
      "bottom_right_x": 1920.0,
      "bottom_right_y": 846.13623046875
    }
  ],
  "detected_translations": [
    {
      "translation_x": -2.015550231933594,
      "translation_y": 77.98060913085938
    }
  ]
}