{
  "id": "frame_210",
  "user": "NPC-AI",
  "frame": "frame_210",
  "detected_objects": [
    {
      "cls": 1,
      "landing_status": -1,
      "top_left_x": 1352.209228515625,
      "top_left_y": 710.890625,
      "bottom_right_x": 1388.831787109375,
      "bottom_right_y": 742.12744140625
    }
  ],
  "detected_translations": [
    {
      "translation_x": -0.381304931640625,
      "translation_y": 10.64351806640625
    }
  ]
}