{
  "id": "frame_252",
  "user": "NPC-A\u0130",
  "frame": "frame_252",
  "detected_objects": [
    {
      "cls": 1.0,
      "top_left_x": 1360.7646484375,
      "top_left_y": 860.7727661132812,
      "bottom_right_x": 1396.33447265625,
      "bottom_right_y": 894.8301391601562
    }
  ],
  "detected_translations": [
    {
      "translation_x": -0.7884185791015625,
      "translation_y": 14.011894989013673
    }
  ]
}