{
  "id": "frame_118",
  "user": "NPC-AI",
  "frame": "frame_118",
  "detected_objects": [
    {
      "cls": 1,
      "landing_status": -1,
      "top_left_x": 1326.15625,
      "top_left_y": 328.1395263671875,
      "bottom_right_x": 1361.5263671875,
      "bottom_right_y": 361.33135986328125
    }
  ],
  "detected_translations": [
    {
      "translation_x": 0.2102569580078125,
      "translation_y": 2.47462158203125
    }
  ]
}