{
  "id": "frame_817",
  "user": "NPC-A\u0130",
  "frame": "frame_817",
  "detected_objects": [
    {
      "cls": 0.0,
      "top_left_x": 1695.30908203125,
      "top_left_y": 293.8001708984375,
      "bottom_right_x": 1919.75341796875,
      "bottom_right_y": 390.68548583984375
    },
    {
      "cls": 1.0,
      "top_left_x": 329.3594970703125,
      "top_left_y": 119.49038696289062,
      "bottom_right_x": 370.647705078125,
      "bottom_right_y": 145.74539184570312
    },
    {
      "cls": 0.0,
      "top_left_x": 1624.62255859375,
      "top_left_y": 957.4617919921875,
      "bottom_right_x": 1709.8681640625,
      "bottom_right_y": 1079.3577880859375
    },
    {
      "cls": 1.0,
      "top_left_x": 509.97015380859375,
      "top_left_y": 536.4598388671875,
      "bottom_right_x": 555.9754028320312,
      "bottom_right_y": 561.352294921875
    }
  ],
  "detected_translations": [
    {
      "translation_x": 6.780001831054688,
      "translation_y": 113.3967300415039
    }
  ]
}