{
  "id": "frame_3296",
  "user": "NPC-A\u0130",
  "frame": "frame_3296",
  "detected_objects": [
    {
      "cls": 1.0,
      "top_left_x": 1015.56591796875,
      "top_left_y": 231.99554443359375,
      "bottom_right_x": 1051.02294921875,
      "bottom_right_y": 271.2667541503906
    }
  ],
  "detected_translations": [
    {
      "translation_x": 24.664123153686525,
      "translation_y": -36.370216369628906
    }
  ]
}