{
  "id": "frame_189",
  "user": "NPC-A\u0130",
  "frame": "frame_189",
  "detected_objects": [
    {
      "cls": 1.0,
      "top_left_x": 1346.832275390625,
      "top_left_y": 629.4974365234375,
      "bottom_right_x": 1384.709228515625,
      "bottom_right_y": 659.0601806640625
    }
  ],
  "detected_translations": [
    {
      "translation_x": 0.2239654541015625,
      "translation_y": 8.985877227783202
    }
  ]
}