{
  "id": "frame_905",
  "user": "NPC-AI",
  "frame": "frame_905",
  "detected_objects": [
    {
      "cls": 0,
      "landing_status": -1,
      "top_left_x": 589.408935546875,
      "top_left_y": 0.0,
      "bottom_right_x": 680.378173828125,
      "bottom_right_y": 167.84727478027344
    },
    {
      "cls": 0,
      "landing_status": -1,
      "top_left_x": 662.6907958984375,
      "top_left_y": 1000.6064453125,
      "bottom_right_x": 746.2611083984375,
      "bottom_right_y": 1077.39111328125
    },
    {
      "cls": 1,
      "landing_status": -1,
      "top_left_x": 880.9823608398438,
      "top_left_y": 238.59649658203125,
      "bottom_right_x": 907.9564819335938,
      "bottom_right_y": 273.135986328125
    },
    {
      "cls": 0,
      "landing_status": -1,
      "top_left_x": 0.0,
      "top_left_y": 314.7437438964844,
      "bottom_right_x": 27.65995979309082,
      "bottom_right_y": 396.5364074707031
    }
  ],
  "detected_translations": [
    {
      "translation_x": 32.58791809082031,
      "translation_y": 115.44245910644531
    }
  ]
}