{
  "id": "frame_567",
  "user": "NPC-AI",
  "frame": "frame_567",
  "detected_objects": [
    {
      "cls": 0,
      "landing_status": -1,
      "top_left_x": 1773.390869140625,
      "top_left_y": 563.94970703125,
      "bottom_right_x": 1920.0,
      "bottom_right_y": 646.646240234375
    }
  ],
  "detected_translations": [
    {
      "translation_x": -1.5860305786132813,
      "translation_y": 73.99827270507812
    }
  ]
}