{
  "id": "frame_1989",
  "user": "NPC-A\u0130",
  "frame": "frame_1989",
  "detected_objects": [
    {
      "cls": 0.0,
      "top_left_x": 16.764068603515625,
      "top_left_y": 866.936767578125,
      "bottom_right_x": 195.39447021484375,
      "bottom_right_y": 957.994384765625
    }
  ],
  "detected_translations": [
    {
      "translation_x": -1.8235233306884766,
      "translation_y": -62.85667953491211
    }
  ]
}