{
  "id": "frame_0533",
  "user": "NPC-AI",
  "frame": "frame_0533",
  "detected_objects": [
    {
      "cls": 2,
      "landing_status": 1,
      "top_left_x": 652.9443359375,
      "top_left_y": 45.7718620300293,
      "bottom_right_x": 783.328369140625,
      "bottom_right_y": 152.06822204589844
    },
    {
      "cls": 1,
      "landing_status": -1,
      "top_left_x": 1841.85205078125,
      "top_left_y": 697.3051147460938,
      "bottom_right_x": 1884.93701171875,
      "bottom_right_y": 728.4898071289062
    },
    {
      "cls": 1,
      "landing_status": -1,
      "top_left_x": 1180.058349609375,
      "top_left_y": 190.5834197998047,
      "bottom_right_x": 1200.108642578125,
      "bottom_right_y": 230.5702362060547
    }
  ],
  "detected_translations": [
    {
      "translation_x": -0.5717376708984375,
      "translation_y": 2.177367401123047
    }
  ]
}