{
  "id": "frame_3319",
  "user": "NPC-AI",
  "frame": "frame_3319",
  "detected_objects": [
    {
      "cls": 1,
      "landing_status": -1,
      "top_left_x": 709.8764038085938,
      "top_left_y": 284.5314636230469,
      "bottom_right_x": 746.0785522460938,
      "bottom_right_y": 317.8069763183594
    }
  ],
  "detected_translations": [
    {
      "translation_x": 31.55700798034668,
      "translation_y": -36.478460693359374
    }
  ]
}