{
  "id": "frame_1148",
  "user": "NPC-AI",
  "frame": "frame_1148",
  "detected_objects": [
    {
      "cls": 0,
      "landing_status": -1,
      "top_left_x": 324.72174072265625,
      "top_left_y": 0.0,
      "bottom_right_x": 417.5115966796875,
      "bottom_right_y": 206.02113342285156
    }
  ],
  "detected_translations": [
    {
      "translation_x": 81.40979385375977,
      "translation_y": 95.73018875122071
    }
  ]
}