{
  "id": "frame_1327",
  "user": "NPC-A\u0130",
  "frame": "frame_1327",
  "detected_objects": [
    {
      "cls": 1.0,
      "top_left_x": 1160.025146484375,
      "top_left_y": 574.145751953125,
      "bottom_right_x": 1188.924072265625,
      "bottom_right_y": 616.93310546875
    }
  ],
  "detected_translations": [
    {
      "translation_x": 78.64876289367676,
      "translation_y": 28.82817611694336
    }
  ]
}