{
  "id": "frame_920",
  "user": "NPC-A\u0130",
  "frame": "frame_920",
  "detected_objects": [
    {
      "cls": 0.0,
      "top_left_x": 393.2286376953125,
      "top_left_y": 3.2872772216796875,
      "bottom_right_x": 490.7701416015625,
      "bottom_right_y": 181.62899780273438
    }
  ],
  "detected_translations": [
    {
      "translation_x": 37.50198822021484,
      "translation_y": 116.19567108154297
    }
  ]
}