{
  "id": "frame_2404",
  "user": "NPC-AI",
  "frame": "frame_2404",
  "detected_objects": [
    {
      "cls": 1,
      "landing_status": -1,
      "top_left_x": 85.56513977050781,
      "top_left_y": 446.4993896484375,
      "bottom_right_x": 133.99639892578125,
      "bottom_right_y": 471.20263671875
    },
    {
      "cls": 1,
      "landing_status": -1,
      "top_left_x": 190.9421844482422,
      "top_left_y": 37.0269775390625,
      "bottom_right_x": 225.3671112060547,
      "bottom_right_y": 62.92412567138672
    },
    {
      "cls": 1,
      "landing_status": -1,
      "top_left_x": 233.30783081054688,
      "top_left_y": 532.9609375,
      "bottom_right_x": 263.6544494628906,
      "bottom_right_y": 564.677978515625
    }
  ],
  "detected_translations": [
    {
      "translation_x": -33.52598609924316,
      "translation_y": -14.300994110107421
    }
  ]
}