{
  "id": "frame_2628",
  "user": "NPC-A\u0130",
  "frame": "frame_2628",
  "detected_objects": [
    {
      "cls": 1.0,
      "top_left_x": 1761.807861328125,
      "top_left_y": 447.56494140625,
      "bottom_right_x": 1809.746337890625,
      "bottom_right_y": 471.143310546875
    },
    {
      "cls": 1.0,
      "top_left_x": 730.9497680664062,
      "top_left_y": 281.22479248046875,
      "bottom_right_x": 747.9852905273438,
      "bottom_right_y": 313.75177001953125
    }
  ],
  "detected_translations": [
    {
      "translation_x": -71.27925605773926,
      "translation_y": -22.13629150390625
    }
  ]
}