{
  "id": "frame_3289",
  "user": "NPC-AI",
  "frame": "frame_3289",
  "detected_objects": [
    {
      "cls": 1,
      "landing_status": -1,
      "top_left_x": 1124.319091796875,
      "top_left_y": 212.81600952148438,
      "bottom_right_x": 1157.179931640625,
      "bottom_right_y": 248.23880004882812
    }
  ],
  "detected_translations": [
    {
      "translation_x": 22.102218246459962,
      "translation_y": -36.639892578125
    }
  ]
}