{
  "id": "frame_907",
  "user": "NPC-A\u0130",
  "frame": "frame_907",
  "detected_objects": [
    {
      "cls": 0.0,
      "top_left_x": 562.5775146484375,
      "top_left_y": 0.0,
      "bottom_right_x": 654.9603271484375,
      "bottom_right_y": 169.06192016601562
    }
  ],
  "detected_translations": [
    {
      "translation_x": 33.26907501220703,
      "translation_y": 115.60338745117187
    }
  ]
}