{
  "id": "frame_889",
  "user": "NPC-AI",
  "frame": "frame_889",
  "detected_objects": [
    {
      "cls": 0,
      "landing_status": -1,
      "top_left_x": 791.3988037109375,
      "top_left_y": 0.0,
      "bottom_right_x": 875.5274658203125,
      "bottom_right_y": 155.8057403564453
    },
    {
      "cls": 0,
      "landing_status": -1,
      "top_left_x": 197.703125,
      "top_left_y": 307.434814453125,
      "bottom_right_x": 384.8720703125,
      "bottom_right_y": 392.01068115234375
    },
    {
      "cls": 0,
      "landing_status": -1,
      "top_left_x": 863.214599609375,
      "top_left_y": 990.3896484375,
      "bottom_right_x": 943.950439453125,
      "bottom_right_y": 1079.01513671875
    },
    {
      "cls": 1,
      "landing_status": -1,
      "top_left_x": 1047.94140625,
      "top_left_y": 228.9017333984375,
      "bottom_right_x": 1076.4111328125,
      "bottom_right_y": 263.3367919921875
    }
  ],
  "detected_translations": [
    {
      "translation_x": 27.640618896484376,
      "translation_y": 114.41775207519531
    }
  ]
}