{
  "id": "frame_810",
  "user": "NPC-A\u0130",
  "frame": "frame_810",
  "detected_objects": [
    {
      "cls": 0.0,
      "top_left_x": 1830.1494140625,
      "top_left_y": 299.15863037109375,
      "bottom_right_x": 1920.0,
      "bottom_right_y": 389.44354248046875
    },
    {
      "cls": 1.0,
      "top_left_x": 369.013671875,
      "top_left_y": 113.61078643798828,
      "bottom_right_x": 415.399169921875,
      "bottom_right_y": 144.919921875
    },
    {
      "cls": 1.0,
      "top_left_x": 577.9732666015625,
      "top_left_y": 534.629150390625,
      "bottom_right_x": 625.5714111328125,
      "bottom_right_y": 559.479248046875
    }
  ],
  "detected_translations": [
    {
      "translation_x": 5.507296752929688,
      "translation_y": 113.35053100585938
    }
  ]
}