{
  "id": "frame_219",
  "user": "NPC-A\u0130",
  "frame": "frame_219",
  "detected_objects": [
    {
      "cls": 1.0,
      "top_left_x": 1353.714599609375,
      "top_left_y": 744.60107421875,
      "bottom_right_x": 1390.7197265625,
      "bottom_right_y": 775.5283203125
    }
  ],
  "detected_translations": [
    {
      "translation_x": -0.614373779296875,
      "translation_y": 11.209355926513672
    }
  ]
}