{
  "id": "frame_1534",
  "user": "NPC-AI",
  "frame": "frame_1534",
  "detected_objects": [
    {
      "cls": 1,
      "landing_status": -1,
      "top_left_x": 550.4443359375,
      "top_left_y": 1015.9727172851562,
      "bottom_right_x": 591.173095703125,
      "bottom_right_y": 1061.8037109375
    }
  ],
  "detected_translations": [
    {
      "translation_x": 78.13575553894043,
      "translation_y": -46.75806732177735
    }
  ]
}