{
  "id": "frame_3300",
  "user": "NPC-AI",
  "frame": "frame_3300",
  "detected_objects": [
    {
      "cls": 1,
      "landing_status": -1,
      "top_left_x": 953.7008056640625,
      "top_left_y": 242.29843139648438,
      "bottom_right_x": 989.1761474609375,
      "bottom_right_y": 273.5995178222656
    },
    {
      "cls": 1,
      "landing_status": -1,
      "top_left_x": 841.982177734375,
      "top_left_y": 973.842529296875,
      "bottom_right_x": 873.47314453125,
      "bottom_right_y": 1004.8984375
    },
    {
      "cls": 1,
      "landing_status": -1,
      "top_left_x": 574.0167236328125,
      "top_left_y": 215.57040405273438,
      "bottom_right_x": 613.8536376953125,
      "bottom_right_y": 246.59231567382812
    }
  ],
  "detected_translations": [
    {
      "translation_x": 26.179584884643553,
      "translation_y": -36.38743591308594
    }
  ]
}