{
  "id": "frame_726",
  "user": "NPC-AI",
  "frame": "frame_726",
  "detected_objects": [
    {
      "cls": 1,
      "landing_status": -1,
      "top_left_x": 1012.6995849609375,
      "top_left_y": 383.59002685546875,
      "bottom_right_x": 1050.1771240234375,
      "bottom_right_y": 409.42962646484375
    },
    {
      "cls": 1,
      "landing_status": -1,
      "top_left_x": 909.063720703125,
      "top_left_y": 370.9312744140625,
      "bottom_right_x": 947.566650390625,
      "bottom_right_y": 397.8018798828125
    },
    {
      "cls": 1,
      "landing_status": -1,
      "top_left_x": 915.927001953125,
      "top_left_y": 401.11309814453125,
      "bottom_right_x": 954.337646484375,
      "bottom_right_y": 427.87640380859375
    }
  ],
  "detected_translations": [
    {
      "translation_x": -2.7983642578125,
      "translation_y": 109.64696197509765
    }
  ]
}