{
  "id": "frame_970",
  "user": "NPC-A\u0130",
  "frame": "frame_970",
  "detected_objects": [
    {
      "cls": 0.0,
      "top_left_x": 700.0548095703125,
      "top_left_y": 409.67486572265625,
      "bottom_right_x": 888.4134521484375,
      "bottom_right_y": 502.27288818359375
    },
    {
      "cls": 0.0,
      "top_left_x": 1274.842041015625,
      "top_left_y": 806.4329223632812,
      "bottom_right_x": 1378.308349609375,
      "bottom_right_y": 1012.8634643554688
    }
  ],
  "detected_translations": [
    {
      "translation_x": 56.43966369628906,
      "translation_y": 116.94291534423829
    }
  ]
}