{
  "id": "frame_1279",
  "user": "NPC-AI",
  "frame": "frame_1279",
  "detected_objects": [
    {
      "cls": 1,
      "landing_status": -1,
      "top_left_x": 1631.517333984375,
      "top_left_y": 678.85546875,
      "bottom_right_x": 1673.953369140625,
      "bottom_right_y": 707.30419921875
    }
  ],
  "detected_translations": [
    {
      "translation_x": 79.81809577941894,
      "translation_y": 44.8426628112793
    }
  ]
}