{
  "id": "frame_280",
  "user": "NPC-A\u0130",
  "frame": "frame_280",
  "detected_objects": [
    {
      "cls": 1.0,
      "top_left_x": 1366.025390625,
      "top_left_y": 964.0316162109375,
      "bottom_right_x": 1400.5078125,
      "bottom_right_y": 999.5325927734375
    }
  ],
  "detected_translations": [
    {
      "translation_x": -0.4870361328125,
      "translation_y": 16.328578186035156
    }
  ]
}