{
  "id": "frame_710",
  "user": "NPC-A\u0130",
  "frame": "frame_710",
  "detected_objects": [
    {
      "cls": 1.0,
      "top_left_x": 1036.2398681640625,
      "top_left_y": 299.8186950683594,
      "bottom_right_x": 1076.9036865234375,
      "bottom_right_y": 328.2603454589844
    }
  ],
  "detected_translations": [
    {
      "translation_x": -3.090081787109375,
      "translation_y": 107.64480438232422
    }
  ]
}