{
  "id": "frame_226",
  "user": "NPC-AI",
  "frame": "frame_226",
  "detected_objects": [
    {
      "cls": 1,
      "landing_status": -1,
      "top_left_x": 1355.1588134765625,
      "top_left_y": 769.182861328125,
      "bottom_right_x": 1392.2684326171875,
      "bottom_right_y": 800.947998046875
    }
  ],
  "detected_translations": [
    {
      "translation_x": -0.7798431396484375,
      "translation_y": 11.823651123046876
    }
  ]
}