{
  "id": "frame_894",
  "user": "NPC-AI",
  "frame": "frame_894",
  "detected_objects": [
    {
      "cls": 0,
      "landing_status": -1,
      "top_left_x": 729.9051513671875,
      "top_left_y": 0.0,
      "bottom_right_x": 815.3524169921875,
      "bottom_right_y": 158.70770263671875
    },
    {
      "cls": 0,
      "landing_status": -1,
      "top_left_x": 86.47945404052734,
      "top_left_y": 305.7889404296875,
      "bottom_right_x": 274.6807556152344,
      "bottom_right_y": 392.6820068359375
    },
    {
      "cls": 0,
      "landing_status": -1,
      "top_left_x": 802.1701049804688,
      "top_left_y": 993.1809692382812,
      "bottom_right_x": 883.0592651367188,
      "bottom_right_y": 1077.662353515625
    },
    {
      "cls": 1,
      "landing_status": -1,
      "top_left_x": 993.27099609375,
      "top_left_y": 232.16317749023438,
      "bottom_right_x": 1035.6669921875,
      "bottom_right_y": 266.5091857910156
    }
  ],
  "detected_translations": [
    {
      "translation_x": 29.419401550292967,
      "translation_y": 114.60347900390624
    }
  ]
}