{
  "id": "frame_3309",
  "user": "NPC-AI",
  "frame": "frame_3309",
  "detected_objects": [
    {
      "cls": 1,
      "landing_status": -1,
      "top_left_x": 825.6395263671875,
      "top_left_y": 261.97515869140625,
      "bottom_right_x": 858.8817138671875,
      "bottom_right_y": 304.92095947265625
    }
  ],
  "detected_translations": [
    {
      "translation_x": 29.26741142272949,
      "translation_y": -36.45252990722656
    }
  ]
}