{
  "id": "frame_898",
  "user": "NPC-A\u0130",
  "frame": "frame_898",
  "detected_objects": [
    {
      "cls": 0.0,
      "top_left_x": 676.4465942382812,
      "top_left_y": 0.2429656982421875,
      "bottom_right_x": 766.2815551757812,
      "bottom_right_y": 162.0255889892578
    },
    {
      "cls": 0.0,
      "top_left_x": 0.168182373046875,
      "top_left_y": 304.784423828125,
      "bottom_right_x": 185.03201293945312,
      "bottom_right_y": 394.3931884765625
    }
  ],
  "detected_translations": [
    {
      "translation_x": 30.531272888183594,
      "translation_y": 114.92998809814453
    }
  ]
}