{
  "id": "frame_587",
  "user": "NPC-A\u0130",
  "frame": "frame_587",
  "detected_objects": [
    {
      "cls": 0.0,
      "top_left_x": 1767.154052734375,
      "top_left_y": 782.905517578125,
      "bottom_right_x": 1919.909912109375,
      "bottom_right_y": 872.727783203125
    }
  ],
  "detected_translations": [
    {
      "translation_x": -2.0761978149414064,
      "translation_y": 78.48276214599609
    }
  ]
}