{
  "id": "frame_77",
  "user": "NPC-A\u0130",
  "frame": "frame_77",
  "detected_objects": [
    {
      "cls": 1.0,
      "top_left_x": 1307.06689453125,
      "top_left_y": 219.39173889160156,
      "bottom_right_x": 1341.6298828125,
      "bottom_right_y": 251.53883361816406
    },
    {
      "cls": 1.0,
      "top_left_x": 1706.1019287109375,
      "top_left_y": 815.678466796875,
      "bottom_right_x": 1755.2501220703125,
      "bottom_right_y": 854.357177734375
    }
  ],
  "detected_translations": [
    {
      "translation_x": 0.1441314697265625,
      "translation_y": 0.709375
    }
  ]
}