{
  "id": "frame_3278",
  "user": "NPC-AI",
  "frame": "frame_3278",
  "detected_objects": [
    {
      "cls": 1,
      "landing_status": -1,
      "top_left_x": 1293.1661376953125,
      "top_left_y": 180.118896484375,
      "bottom_right_x": 1333.3800048828125,
      "bottom_right_y": 226.569091796875
    }
  ],
  "detected_translations": [
    {
      "translation_x": 17.774978256225587,
      "translation_y": -36.837826538085935
    }
  ]
}