{
  "id": "frame_2401",
  "user": "NPC-A\u0130",
  "frame": "frame_2401",
  "detected_objects": [
    {
      "cls": 1.0,
      "top_left_x": 200.30731201171875,
      "top_left_y": 531.0999755859375,
      "bottom_right_x": 236.39694213867188,
      "bottom_right_y": 553.6378173828125
    },
    {
      "cls": 1.0,
      "top_left_x": 55.397186279296875,
      "top_left_y": 447.75048828125,
      "bottom_right_x": 88.84710693359375,
      "bottom_right_y": 471.7081298828125
    }
  ],
  "detected_translations": [
    {
      "translation_x": -32.52824745178223,
      "translation_y": -14.329269409179688
    }
  ]
}