{
  "id": "frame_152",
  "user": "NPC-AI",
  "frame": "frame_152",
  "detected_objects": [
    {
      "cls": 1,
      "landing_status": -1,
      "top_left_x": 1337.3026123046875,
      "top_left_y": 474.1781005859375,
      "bottom_right_x": 1374.4493408203125,
      "bottom_right_y": 502.85125732421875
    }
  ],
  "detected_translations": [
    {
      "translation_x": 0.1173828125,
      "translation_y": 5.972005462646484
    }
  ]
}