{
  "id": "frame_2014",
  "user": "NPC-AI",
  "frame": "frame_2014",
  "detected_objects": [
    {
      "cls": 0,
      "landing_status": -1,
      "top_left_x": 877.7464599609375,
      "top_left_y": 978.8848876953125,
      "bottom_right_x": 1093.2467041015625,
      "bottom_right_y": 1075.4068603515625
    },
    {
      "cls": 0,
      "landing_status": -1,
      "top_left_x": 17.07513427734375,
      "top_left_y": 950.5733642578125,
      "bottom_right_x": 215.11651611328125,
      "bottom_right_y": 1038.4248046875
    },
    {
      "cls": 0,
      "landing_status": -1,
      "top_left_x": 656.2691650390625,
      "top_left_y": 979.5673828125,
      "bottom_right_x": 843.8048095703125,
      "bottom_right_y": 1072.026123046875
    }
  ],
  "detected_translations": [
    {
      "translation_x": -1.2818500518798828,
      "translation_y": -57.16560745239258
    }
  ]
}