{
  "id": "frame_851",
  "user": "NPC-A\u0130",
  "frame": "frame_851",
  "detected_objects": [
    {
      "cls": 0.0,
      "top_left_x": 1011.2225952148438,
      "top_left_y": 297.84881591796875,
      "bottom_right_x": 1207.99951171875,
      "bottom_right_y": 390.9490966796875
    },
    {
      "cls": 1.0,
      "top_left_x": 78.64476013183594,
      "top_left_y": 134.11520385742188,
      "bottom_right_x": 129.7201690673828,
      "bottom_right_y": 162.654296875
    },
    {
      "cls": 1.0,
      "top_left_x": 125.92507934570312,
      "top_left_y": 547.1470336914062,
      "bottom_right_x": 175.57333374023438,
      "bottom_right_y": 573.3137817382812
    }
  ],
  "detected_translations": [
    {
      "translation_x": 15.843130493164063,
      "translation_y": 113.5377182006836
    }
  ]
}