{
  "id": "frame_530",
  "user": "NPC-A\u0130",
  "frame": "frame_530",
  "detected_objects": [
    {
      "cls": 0.0,
      "top_left_x": 1780.4920654296875,
      "top_left_y": 145.51214599609375,
      "bottom_right_x": 1920.0,
      "bottom_right_y": 236.4503173828125
    }
  ],
  "detected_translations": [
    {
      "translation_x": -1.931475830078125,
      "translation_y": 66.18465728759766
    }
  ]
}