{
  "id": "frame_751",
  "user": "NPC-A\u0130",
  "frame": "frame_751",
  "detected_objects": [
    {
      "cls": 1.0,
      "top_left_x": 545.5361328125,
      "top_left_y": 28.727890014648438,
      "bottom_right_x": 588.361572265625,
      "bottom_right_y": 61.1761474609375
    },
    {
      "cls": 1.0,
      "top_left_x": 965.8780517578125,
      "top_left_y": 451.9478759765625,
      "bottom_right_x": 992.2296142578125,
      "bottom_right_y": 479.03375244140625
    }
  ],
  "detected_translations": [
    {
      "translation_x": -2.25330810546875,
      "translation_y": 111.56370391845704
    }
  ]
}