{
  "id": "frame_149",
  "user": "NPC-AI",
  "frame": "frame_149",
  "detected_objects": [
    {
      "cls": 1,
      "landing_status": -1,
      "top_left_x": 1336.10400390625,
      "top_left_y": 461.5921936035156,
      "bottom_right_x": 1373.6298828125,
      "bottom_right_y": 491.0155944824219
    }
  ],
  "detected_translations": [
    {
      "translation_x": 0.1668243408203125,
      "translation_y": 5.6179450988769535
    }
  ]
}