{
  "id": "frame_273",
  "user": "NPC-A\u0130",
  "frame": "frame_273",
  "detected_objects": [
    {
      "cls": 1.0,
      "top_left_x": 1364.15283203125,
      "top_left_y": 935.9810180664062,
      "bottom_right_x": 1398.910400390625,
      "bottom_right_y": 971.9495239257812
    }
  ],
  "detected_translations": [
    {
      "translation_x": -0.421734619140625,
      "translation_y": 15.810722351074219
    }
  ]
}