{
  "id": "frame_2003",
  "user": "NPC-A\u0130",
  "frame": "frame_2003",
  "detected_objects": [
    {
      "cls": 0.0,
      "top_left_x": 0.0,
      "top_left_y": 988.5112915039062,
      "bottom_right_x": 58.21343231201172,
      "bottom_right_y": 1076.28564453125
    },
    {
      "cls": 0.0,
      "top_left_x": 1881.045654296875,
      "top_left_y": 949.631103515625,
      "bottom_right_x": 1920.0,
      "bottom_right_y": 1044.4432373046875
    }
  ],
  "detected_translations": [
    {
      "translation_x": -1.8409366607666016,
      "translation_y": -59.73445053100586
    }
  ]
}