{
  "id": "frame_155",
  "user": "NPC-AI",
  "frame": "frame_155",
  "detected_objects": [
    {
      "cls": 1,
      "landing_status": -1,
      "top_left_x": 1338.0595703125,
      "top_left_y": 487.1314697265625,
      "bottom_right_x": 1374.91015625,
      "bottom_right_y": 516.0067138671875
    }
  ],
  "detected_translations": [
    {
      "translation_x": -0.00986328125,
      "translation_y": 6.297119140625
    }
  ]
}