{
  "id": "frame_2013",
  "user": "NPC-AI",
  "frame": "frame_2013",
  "detected_objects": [
    {
      "cls": 0,
      "landing_status": -1,
      "top_left_x": 876.9810791015625,
      "top_left_y": 967.772705078125,
      "bottom_right_x": 1094.011962890625,
      "bottom_right_y": 1064.5606689453125
    },
    {
      "cls": 0,
      "landing_status": -1,
      "top_left_x": 16.451324462890625,
      "top_left_y": 941.46728515625,
      "bottom_right_x": 214.3173370361328,
      "bottom_right_y": 1028.770751953125
    }
  ],
  "detected_translations": [
    {
      "translation_x": -1.3122303009033203,
      "translation_y": -57.53713150024414
    }
  ]
}