{
  "id": "frame_1316",
  "user": "NPC-AI",
  "frame": "frame_1316",
  "detected_objects": [
    {
      "cls": 1,
      "landing_status": -1,
      "top_left_x": 1663.680908203125,
      "top_left_y": 177.930419921875,
      "bottom_right_x": 1708.207275390625,
      "bottom_right_y": 211.868896484375
    },
    {
      "cls": 1,
      "landing_status": -1,
      "top_left_x": 1128.8564453125,
      "top_left_y": 745.6439208984375,
      "bottom_right_x": 1157.8681640625,
      "bottom_right_y": 783.2532958984375
    },
    {
      "cls": 1,
      "landing_status": -1,
      "top_left_x": 1157.74609375,
      "top_left_y": 758.71337890625,
      "bottom_right_x": 1180.0126953125,
      "bottom_right_y": 786.6783447265625
    }
  ],
  "detected_translations": [
    {
      "translation_x": 79.18650245666504,
      "translation_y": 32.43424911499024
    }
  ]
}