{
  "id": "frame_61",
  "user": "NPC-AI",
  "frame": "frame_61",
  "detected_objects": [
    {
      "cls": 1,
      "landing_status": -1,
      "top_left_x": 1299.8323974609375,
      "top_left_y": 211.3912353515625,
      "bottom_right_x": 1332.7760009765625,
      "bottom_right_y": 245.93414306640625
    },
    {
      "cls": 1,
      "landing_status": -1,
      "top_left_x": 1695.160888671875,
      "top_left_y": 771.806396484375,
      "bottom_right_x": 1744.268798828125,
      "bottom_right_y": 808.669921875
    }
  ],
  "detected_translations": [
    {
      "translation_x": 0.215875244140625,
      "translation_y": 0.5264190673828125
    }
  ]
}