{
  "id": "frame_944",
  "user": "NPC-AI",
  "frame": "frame_944",
  "detected_objects": [
    {
      "cls": 0,
      "landing_status": -1,
      "top_left_x": 68.02799987792969,
      "top_left_y": 18.431915283203125,
      "bottom_right_x": 171.85888671875,
      "bottom_right_y": 200.07077026367188
    },
    {
      "cls": 0,
      "landing_status": -1,
      "top_left_x": 1480.643798828125,
      "top_left_y": 409.8772888183594,
      "bottom_right_x": 1677.839111328125,
      "bottom_right_y": 496.4526672363281
    },
    {
      "cls": 0,
      "landing_status": -1,
      "top_left_x": 1648.85302734375,
      "top_left_y": 787.929443359375,
      "bottom_right_x": 1773.528564453125,
      "bottom_right_y": 1000.7733154296875
    },
    {
      "cls": 1,
      "landing_status": -1,
      "top_left_x": 428.2764892578125,
      "top_left_y": 272.52581787109375,
      "bottom_right_x": 479.39599609375,
      "bottom_right_y": 306.8553466796875
    }
  ],
  "detected_translations": [
    {
      "translation_x": 46.43351287841797,
      "translation_y": 116.30957489013672
    }
  ]
}