{
  "id": "frame_916",
  "user": "NPC-AI",
  "frame": "frame_916",
  "detected_objects": [
    {
      "cls": 0,
      "landing_status": -1,
      "top_left_x": 448.39886474609375,
      "top_left_y": 0.0,
      "bottom_right_x": 542.0576782226562,
      "bottom_right_y": 178.61550903320312
    },
    {
      "cls": 1,
      "landing_status": -1,
      "top_left_x": 759.82958984375,
      "top_left_y": 250.77210998535156,
      "bottom_right_x": 796.021484375,
      "bottom_right_y": 285.3460693359375
    },
    {
      "cls": 1,
      "landing_status": -1,
      "top_left_x": 1065.905517578125,
      "top_left_y": 755.38037109375,
      "bottom_right_x": 1105.409423828125,
      "bottom_right_y": 799.7822265625
    },
    {
      "cls": 1,
      "landing_status": -1,
      "top_left_x": 455.2731018066406,
      "top_left_y": 182.73635864257812,
      "bottom_right_x": 506.3824157714844,
      "bottom_right_y": 216.02798461914062
    }
  ],
  "detected_translations": [
    {
      "translation_x": 36.68287048339844,
      "translation_y": 116.12711639404297
    }
  ]
}