{
  "id": "frame_521",
  "user": "NPC-AI",
  "frame": "frame_521",
  "detected_objects": [
    {
      "cls": 0,
      "landing_status": -1,
      "top_left_x": 1781.802978515625,
      "top_left_y": 45.79743957519531,
      "bottom_right_x": 1920.0,
      "bottom_right_y": 136.20474243164062
    }
  ],
  "detected_translations": [
    {
      "translation_x": -2.2806243896484375,
      "translation_y": 64.21989440917969
    }
  ]
}