{
  "id": "frame_259",
  "user": "NPC-A\u0130",
  "frame": "frame_259",
  "detected_objects": [
    {
      "cls": 1.0,
      "top_left_x": 1361.5867919921875,
      "top_left_y": 885.376220703125,
      "bottom_right_x": 1396.9283447265625,
      "bottom_right_y": 920.469482421875
    }
  ],
  "detected_translations": [
    {
      "translation_x": -0.6723358154296875,
      "translation_y": 14.637162780761718
    }
  ]
}