{
  "id": "frame_3266",
  "user": "NPC-AI",
  "frame": "frame_3266",
  "detected_objects": [
    {
      "cls": 1,
      "landing_status": -1,
      "top_left_x": 1485.534912109375,
      "top_left_y": 139.91802978515625,
      "bottom_right_x": 1526.292724609375,
      "bottom_right_y": 188.23748779296875
    }
  ],
  "detected_translations": [
    {
      "translation_x": 13.979262924194336,
      "translation_y": -37.14742813110352
    }
  ]
}