{
  "id": "frame_551",
  "user": "NPC-A\u0130",
  "frame": "frame_551",
  "detected_objects": [
    {
      "cls": 0.0,
      "top_left_x": 1776.08642578125,
      "top_left_y": 385.94244384765625,
      "bottom_right_x": 1920.0,
      "bottom_right_y": 470.20782470703125
    }
  ],
  "detected_translations": [
    {
      "translation_x": -1.8688369750976563,
      "translation_y": 70.59276275634765
    }
  ]
}