{
  "id": "frame_1113",
  "user": "NPC-AI",
  "frame": "frame_1113",
  "detected_objects": [
    {
      "cls": 0,
      "landing_status": -1,
      "top_left_x": 321.74566650390625,
      "top_left_y": 340.7620849609375,
      "bottom_right_x": 427.80865478515625,
      "bottom_right_y": 580.3528442382812
    },
    {
      "cls": 0,
      "landing_status": -1,
      "top_left_x": 109.64400482177734,
      "top_left_y": 56.573028564453125,
      "bottom_right_x": 325.5642395019531,
      "bottom_right_y": 160.00399780273438
    },
    {
      "cls": 0,
      "landing_status": -1,
      "top_left_x": 937.3887329101562,
      "top_left_y": 0.0,
      "bottom_right_x": 1149.36572265625,
      "bottom_right_y": 51.13517379760742
    },
    {
      "cls": 0,
      "landing_status": -1,
      "top_left_x": 1724.4678955078125,
      "top_left_y": 0.0,
      "bottom_right_x": 1920.0,
      "bottom_right_y": 57.52267837524414
    }
  ],
  "detected_translations": [
    {
      "translation_x": 82.06025924682618,
      "translation_y": 105.47949676513672
    }
  ]
}