{
  "id": "frame_1275",
  "user": "NPC-A\u0130",
  "frame": "frame_1275",
  "detected_objects": [
    {
      "cls": 2.0,
      "top_left_x": 1222.112548828125,
      "top_left_y": 887.0552978515625,
      "bottom_right_x": 1424.5927734375,
      "bottom_right_y": 1077.3502197265625
    }
  ],
  "detected_translations": [
    {
      "translation_x": 79.76723365783691,
      "translation_y": 46.40006637573242
    }
  ]
}