{
  "id": "frame_1536",
  "user": "NPC-AI",
  "frame": "frame_1536",
  "detected_objects": [
    {
      "cls": 1,
      "landing_status": -1,
      "top_left_x": 550.766357421875,
      "top_left_y": 977.72412109375,
      "bottom_right_x": 593.13134765625,
      "bottom_right_y": 1031.1019287109375
    }
  ],
  "detected_translations": [
    {
      "translation_x": 78.06122550964355,
      "translation_y": -47.46841583251953
    }
  ]
}