{
  "id": "frame_916",
  "user": "NPC-A\u0130",
  "frame": "frame_916",
  "detected_objects": [
    {
      "cls": 0.0,
      "top_left_x": 445.49285888671875,
      "top_left_y": 0.810821533203125,
      "bottom_right_x": 542.0598754882812,
      "bottom_right_y": 178.05079650878906
    }
  ],
  "detected_translations": [
    {
      "translation_x": 36.68287048339844,
      "translation_y": 116.12711639404297
    }
  ]
}