{
  "id": "frame_877",
  "user": "NPC-A\u0130",
  "frame": "frame_877",
  "detected_objects": [
    {
      "cls": 0.0,
      "top_left_x": 458.6832275390625,
      "top_left_y": 310.04791259765625,
      "bottom_right_x": 648.3739013671875,
      "bottom_right_y": 391.1007080078125
    },
    {
      "cls": 0.0,
      "top_left_x": 933.368896484375,
      "top_left_y": 0.0,
      "bottom_right_x": 1017.7791748046875,
      "bottom_right_y": 147.72848510742188
    }
  ],
  "detected_translations": [
    {
      "translation_x": 23.790261840820314,
      "translation_y": 114.29202728271484
    }
  ]
}