{
  "id": "frame_1137",
  "user": "NPC-A\u0130",
  "frame": "frame_1137",
  "detected_objects": [
    {
      "cls": 0.0,
      "top_left_x": 317.6275939941406,
      "top_left_y": 97.0075912475586,
      "bottom_right_x": 418.6474304199219,
      "bottom_right_y": 323.6625061035156
    }
  ],
  "detected_translations": [
    {
      "translation_x": 81.72373275756836,
      "translation_y": 99.21075210571288
    }
  ]
}