{
  "id": "frame_52",
  "user": "NPC-A\u0130",
  "frame": "frame_52",
  "detected_objects": [
    {
      "cls": 1.0,
      "top_left_x": 1295.208740234375,
      "top_left_y": 209.18020629882812,
      "bottom_right_x": 1328.375244140625,
      "bottom_right_y": 244.27005004882812
    }
  ],
  "detected_translations": [
    {
      "translation_x": 0.1050994873046875,
      "translation_y": 0.4638824462890625
    }
  ]
}