{
  "id": "frame_3320",
  "user": "NPC-A\u0130",
  "frame": "frame_3320",
  "detected_objects": [
    {
      "cls": 1.0,
      "top_left_x": 699.8863525390625,
      "top_left_y": 287.4400634765625,
      "bottom_right_x": 736.9964599609375,
      "bottom_right_y": 325.73583984375
    }
  ],
  "detected_translations": [
    {
      "translation_x": 31.79872856140137,
      "translation_y": -36.44699935913086
    }
  ]
}