{
  "id": "frame_1395",
  "user": "NPC-A\u0130",
  "frame": "frame_1395",
  "detected_objects": [
    {
      "cls": 1.0,
      "top_left_x": 1268.2685546875,
      "top_left_y": 454.31573486328125,
      "bottom_right_x": 1295.60302734375,
      "bottom_right_y": 475.42535400390625
    },
    {
      "cls": 1.0,
      "top_left_x": 1194.376708984375,
      "top_left_y": 449.0699157714844,
      "bottom_right_x": 1223.427978515625,
      "bottom_right_y": 481.9692687988281
    }
  ],
  "detected_translations": [
    {
      "translation_x": 78.55872688293456,
      "translation_y": 5.113396453857422
    }
  ]
}