{
  "id": "frame_2004",
  "user": "NPC-AI",
  "frame": "frame_2004",
  "detected_objects": [
    {
      "cls": 0,
      "landing_status": -1,
      "top_left_x": 1.618865966796875,
      "top_left_y": 852.0625,
      "bottom_right_x": 206.20010375976562,
      "bottom_right_y": 938.8919677734375
    },
    {
      "cls": 0,
      "landing_status": -1,
      "top_left_x": 869.3511962890625,
      "top_left_y": 882.0056762695312,
      "bottom_right_x": 1089.6024169921875,
      "bottom_right_y": 976.3759155273438
    },
    {
      "cls": 1,
      "landing_status": -1,
      "top_left_x": 0.0,
      "top_left_y": 1001.76953125,
      "bottom_right_x": 50.679500579833984,
      "bottom_right_y": 1080.0
    },
    {
      "cls": 0,
      "landing_status": -1,
      "top_left_x": 1880.92333984375,
      "top_left_y": 958.7366943359375,
      "bottom_right_x": 1920.0,
      "bottom_right_y": 1071.9244384765625
    }
  ],
  "detected_translations": [
    {
      "translation_x": -1.9266712188720703,
      "translation_y": -59.45932235717773
    }
  ]
}