{
  "id": "frame_1294",
  "user": "NPC-AI",
  "frame": "frame_1294",
  "detected_objects": [
    {
      "cls": 1,
      "landing_status": -1,
      "top_left_x": 1645.64990234375,
      "top_left_y": 477.78961181640625,
      "bottom_right_x": 1689.102294921875,
      "bottom_right_y": 505.72393798828125
    }
  ],
  "detected_translations": [
    {
      "translation_x": 79.5244068145752,
      "translation_y": 39.66073379516602
    }
  ]
}