{
  "id": "frame_2362",
  "user": "NPC-AI",
  "frame": "frame_2362",
  "detected_objects": [
    {
      "cls": 1,
      "landing_status": -1,
      "top_left_x": 521.4248046875,
      "top_left_y": 210.51368713378906,
      "bottom_right_x": 552.440185546875,
      "bottom_right_y": 239.0819549560547
    }
  ],
  "detected_translations": [
    {
      "translation_x": -22.440491104125975,
      "translation_y": -14.27124252319336
    }
  ]
}