{
  "id": "frame_692",
  "user": "NPC-A\u0130",
  "frame": "frame_692",
  "detected_objects": [
    {
      "cls": 1.0,
      "top_left_x": 1072.13232421875,
      "top_left_y": 154.18472290039062,
      "bottom_right_x": 1111.05126953125,
      "bottom_right_y": 186.33840942382812
    }
  ],
  "detected_translations": [
    {
      "translation_x": -3.2314697265625,
      "translation_y": 103.97000274658203
    }
  ]
}