{
  "id": "frame_1153",
  "user": "NPC-A\u0130",
  "frame": "frame_1153",
  "detected_objects": [
    {
      "cls": 1.0,
      "top_left_x": 534.1986694335938,
      "top_left_y": 816.83056640625,
      "bottom_right_x": 551.4074096679688,
      "bottom_right_y": 842.1439208984375
    },
    {
      "cls": 0.0,
      "top_left_x": 318.4796142578125,
      "top_left_y": 0.0,
      "bottom_right_x": 420.51165771484375,
      "bottom_right_y": 153.78189086914062
    }
  ],
  "detected_translations": [
    {
      "translation_x": 81.27402877807617,
      "translation_y": 93.82121963500977
    }
  ]
}