{
  "id": "frame_13",
  "user": "NPC-AI",
  "frame": "frame_13",
  "detected_objects": [
    {
      "cls": 1,
      "landing_status": -1,
      "top_left_x": 1276.6529541015625,
      "top_left_y": 198.212158203125,
      "bottom_right_x": 1309.5455322265625,
      "bottom_right_y": 232.1512451171875
    }
  ],
  "detected_translations": [
    {
      "translation_x": 0.101300048828125,
      "translation_y": 0.13948822021484375
    }
  ]
}