{
  "id": "frame_683",
  "user": "NPC-A\u0130",
  "frame": "frame_683",
  "detected_objects": [
    {
      "cls": 1.0,
      "top_left_x": 1098.584228515625,
      "top_left_y": 67.14772033691406,
      "bottom_right_x": 1129.146240234375,
      "bottom_right_y": 101.86219787597656
    }
  ],
  "detected_translations": [
    {
      "translation_x": -3.2985626220703126,
      "translation_y": 101.57489013671875
    }
  ]
}