{
  "id": "frame_511",
  "user": "NPC-A\u0130",
  "frame": "frame_511",
  "detected_objects": [
    {
      "cls": 0.0,
      "top_left_x": 1784.080810546875,
      "top_left_y": 0.0,
      "bottom_right_x": 1920.0,
      "bottom_right_y": 25.012836456298828
    }
  ],
  "detected_translations": [
    {
      "translation_x": -2.226837158203125,
      "translation_y": 61.85996551513672
    }
  ]
}