{
  "id": "frame_1352",
  "user": "NPC-A\u0130",
  "frame": "frame_1352",
  "detected_objects": [
    {
      "cls": 1.0,
      "top_left_x": 1177.01611328125,
      "top_left_y": 172.18643188476562,
      "bottom_right_x": 1213.0390625,
      "bottom_right_y": 206.58737182617188
    },
    {
      "cls": 1.0,
      "top_left_x": 1149.9320068359375,
      "top_left_y": 185.86892700195312,
      "bottom_right_x": 1177.6156005859375,
      "bottom_right_y": 216.12271118164062
    }
  ],
  "detected_translations": [
    {
      "translation_x": 79.22955207824707,
      "translation_y": 20.326615142822266
    }
  ]
}