{
  "id": "frame_1556",
  "user": "NPC-AI",
  "frame": "frame_1556",
  "detected_objects": [
    {
      "cls": 1,
      "landing_status": -1,
      "top_left_x": 555.08251953125,
      "top_left_y": 678.6055908203125,
      "bottom_right_x": 592.24951171875,
      "bottom_right_y": 719.0150146484375
    }
  ],
  "detected_translations": [
    {
      "translation_x": 78.37501945495606,
      "translation_y": -54.370172119140626
    }
  ]
}