{
  "id": "frame_197",
  "user": "NPC-A\u0130",
  "frame": "frame_197",
  "detected_objects": [
    {
      "cls": 1.0,
      "top_left_x": 1349.2938232421875,
      "top_left_y": 661.180419921875,
      "bottom_right_x": 1387.0345458984375,
      "bottom_right_y": 691.074462890625
    }
  ],
  "detected_translations": [
    {
      "translation_x": 0.25013427734375,
      "translation_y": 9.603559112548828
    }
  ]
}