{
  "id": "frame_960",
  "user": "NPC-A\u0130",
  "frame": "frame_960",
  "detected_objects": [
    {
      "cls": 0.0,
      "top_left_x": 997.1895751953125,
      "top_left_y": 409.4573974609375,
      "bottom_right_x": 1185.3707275390625,
      "bottom_right_y": 501.4686279296875
    },
    {
      "cls": 0.0,
      "top_left_x": 1421.7197265625,
      "top_left_y": 801.2252197265625,
      "bottom_right_x": 1529.142578125,
      "bottom_right_y": 1009.1170654296875
    }
  ],
  "detected_translations": [
    {
      "translation_x": 52.955665588378906,
      "translation_y": 116.64598083496094
    }
  ]
}