{
  "id": "frame_44",
  "user": "NPC-AI",
  "frame": "frame_44",
  "detected_objects": [
    {
      "cls": 1,
      "landing_status": -1,
      "top_left_x": 1291.6397705078125,
      "top_left_y": 209.12252807617188,
      "bottom_right_x": 1324.3453369140625,
      "bottom_right_y": 240.99050903320312
    },
    {
      "cls": 1,
      "landing_status": -1,
      "top_left_x": 1693.3851318359375,
      "top_left_y": 727.515380859375,
      "bottom_right_x": 1743.9354248046875,
      "bottom_right_y": 765.6297607421875
    }
  ],
  "detected_translations": [
    {
      "translation_x": 0.0081695556640625,
      "translation_y": 0.5106369018554687
    }
  ]
}