{
  "id": "frame_185",
  "user": "NPC-AI",
  "frame": "frame_185",
  "detected_objects": [
    {
      "cls": 1,
      "landing_status": -1,
      "top_left_x": 1346.54296875,
      "top_left_y": 613.2403564453125,
      "bottom_right_x": 1383.260009765625,
      "bottom_right_y": 642.3941650390625
    }
  ],
  "detected_translations": [
    {
      "translation_x": 0.158392333984375,
      "translation_y": 8.765292358398437
    }
  ]
}