{
  "id": "frame_576",
  "user": "NPC-AI",
  "frame": "frame_576",
  "detected_objects": [
    {
      "cls": 0,
      "landing_status": -1,
      "top_left_x": 1770.6851806640625,
      "top_left_y": 661.9853515625,
      "bottom_right_x": 1920.0,
      "bottom_right_y": 747.008056640625
    }
  ],
  "detected_translations": [
    {
      "translation_x": -1.588800048828125,
      "translation_y": 75.78885192871094
    }
  ]
}