{
  "id": "frame_908",
  "user": "NPC-AI",
  "frame": "frame_908",
  "detected_objects": [
    {
      "cls": 0,
      "landing_status": -1,
      "top_left_x": 551.7025146484375,
      "top_left_y": 0.0,
      "bottom_right_x": 642.6072998046875,
      "bottom_right_y": 170.87020874023438
    },
    {
      "cls": 0,
      "landing_status": -1,
      "top_left_x": 624.6095581054688,
      "top_left_y": 1004.243408203125,
      "bottom_right_x": 706.9768676757812,
      "bottom_right_y": 1078.580810546875
    },
    {
      "cls": 1,
      "landing_status": -1,
      "top_left_x": 847.6795654296875,
      "top_left_y": 241.4192352294922,
      "bottom_right_x": 888.1019287109375,
      "bottom_right_y": 278.03765869140625
    }
  ],
  "detected_translations": [
    {
      "translation_x": 33.64207916259765,
      "translation_y": 115.71498260498046
    }
  ]
}