{
  "id": "frame_1559",
  "user": "NPC-AI",
  "frame": "frame_1559",
  "detected_objects": [
    {
      "cls": 1,
      "landing_status": -1,
      "top_left_x": 556.3033447265625,
      "top_left_y": 634.2330932617188,
      "bottom_right_x": 593.337646484375,
      "bottom_right_y": 672.3651733398438
    },
    {
      "cls": 1,
      "landing_status": -1,
      "top_left_x": 1797.609619140625,
      "top_left_y": 1061.7896728515625,
      "bottom_right_x": 1839.310791015625,
      "bottom_right_y": 1080.0
    }
  ],
  "detected_translations": [
    {
      "translation_x": 78.26231803894044,
      "translation_y": -55.46282806396484
    }
  ]
}