{
  "id": "frame_2682",
  "user": "NPC-A\u0130",
  "frame": "frame_2682",
  "detected_objects": [
    {
      "cls": 1.0,
      "top_left_x": 1858.1983642578125,
      "top_left_y": 157.28341674804688,
      "bottom_right_x": 1902.3656005859375,
      "bottom_right_y": 189.16537475585938
    }
  ],
  "detected_translations": [
    {
      "translation_x": -76.92881507873535,
      "translation_y": -28.677676391601562
    }
  ]
}