{
  "id": "frame_1450",
  "user": "NPC-AI",
  "frame": "frame_1450",
  "detected_objects": [
    {
      "cls": 1,
      "landing_status": -1,
      "top_left_x": 425.43426513671875,
      "top_left_y": 519.543212890625,
      "bottom_right_x": 477.449951171875,
      "bottom_right_y": 545.823974609375
    },
    {
      "cls": 1,
      "landing_status": -1,
      "top_left_x": 435.13897705078125,
      "top_left_y": 541.8197631835938,
      "bottom_right_x": 476.97393798828125,
      "bottom_right_y": 573.1320190429688
    }
  ],
  "detected_translations": [
    {
      "translation_x": 77.80389747619628,
      "translation_y": -16.086488342285158
    }
  ]
}