{
  "id": "frame_1356",
  "user": "NPC-AI",
  "frame": "frame_1356",
  "detected_objects": [
    {
      "cls": 1,
      "landing_status": -1,
      "top_left_x": 1182.039306640625,
      "top_left_y": 104.53888702392578,
      "bottom_right_x": 1213.877197265625,
      "bottom_right_y": 155.3841552734375
    },
    {
      "cls": 1,
      "landing_status": -1,
      "top_left_x": 1150.52734375,
      "top_left_y": 121.55697631835938,
      "bottom_right_x": 1178.831298828125,
      "bottom_right_y": 159.18624877929688
    },
    {
      "cls": 0,
      "landing_status": -1,
      "top_left_x": 883.3634033203125,
      "top_left_y": 852.6016845703125,
      "bottom_right_x": 912.0906982421875,
      "bottom_right_y": 935.93359375
    }
  ],
  "detected_translations": [
    {
      "translation_x": 79.40185737609863,
      "translation_y": 18.935565948486328
    }
  ]
}