{
  "id": "frame_1409",
  "user": "NPC-AI",
  "frame": "frame_1409",
  "detected_objects": [
    {
      "cls": 1,
      "landing_status": -1,
      "top_left_x": 1278.116455078125,
      "top_left_y": 217.19976806640625,
      "bottom_right_x": 1310.577392578125,
      "bottom_right_y": 252.50930786132812
    },
    {
      "cls": 1,
      "landing_status": -1,
      "top_left_x": 1207.99560546875,
      "top_left_y": 222.775146484375,
      "bottom_right_x": 1234.47509765625,
      "bottom_right_y": 255.37322998046875
    },
    {
      "cls": 1,
      "landing_status": -1,
      "top_left_x": 1245.07470703125,
      "top_left_y": 238.1584930419922,
      "bottom_right_x": 1277.876953125,
      "bottom_right_y": 272.27081298828125
    },
    {
      "cls": 0,
      "landing_status": -1,
      "top_left_x": 921.7682495117188,
      "top_left_y": 120.8648452758789,
      "bottom_right_x": 950.8698120117188,
      "bottom_right_y": 209.62301635742188
    }
  ],
  "detected_translations": [
    {
      "translation_x": 78.23284034729004,
      "translation_y": -0.50572509765625
    }
  ]
}