{
  "id": "frame_200",
  "user": "NPC-AI",
  "frame": "frame_200",
  "detected_objects": [
    {
      "cls": 1,
      "landing_status": -1,
      "top_left_x": 1350.037353515625,
      "top_left_y": 672.6788330078125,
      "bottom_right_x": 1386.834716796875,
      "bottom_right_y": 702.7916259765625
    }
  ],
  "detected_translations": [
    {
      "translation_x": 0.032537841796875,
      "translation_y": 9.987091827392579
    }
  ]
}