{
  "id": "frame_1459",
  "user": "NPC-A\u0130",
  "frame": "frame_1459",
  "detected_objects": [
    {
      "cls": 1.0,
      "top_left_x": 413.5574951171875,
      "top_left_y": 377.73004150390625,
      "bottom_right_x": 456.5830078125,
      "bottom_right_y": 407.18255615234375
    }
  ],
  "detected_translations": [
    {
      "translation_x": 77.90686683654785,
      "translation_y": -19.80121765136719
    }
  ]
}