{
  "id": "frame_3303",
  "user": "NPC-A\u0130",
  "frame": "frame_3303",
  "detected_objects": [
    {
      "cls": 1.0,
      "top_left_x": 906.8416748046875,
      "top_left_y": 248.88552856445312,
      "bottom_right_x": 942.5355224609375,
      "bottom_right_y": 281.3703308105469
    }
  ],
  "detected_translations": [
    {
      "translation_x": 27.194485092163085,
      "translation_y": -36.3699234008789
    }
  ]
}