{
  "id": "frame_542",
  "user": "NPC-A\u0130",
  "frame": "frame_542",
  "detected_objects": [
    {
      "cls": 0.0,
      "top_left_x": 1777.8038330078125,
      "top_left_y": 285.217529296875,
      "bottom_right_x": 1920.0,
      "bottom_right_y": 370.040283203125
    }
  ],
  "detected_translations": [
    {
      "translation_x": -2.1053558349609376,
      "translation_y": 68.80540084838867
    }
  ]
}