{
  "id": "frame_3237",
  "user": "NPC-AI",
  "frame": "frame_3237",
  "detected_objects": [
    {
      "cls": 1,
      "landing_status": -1,
      "top_left_x": 1520.828125,
      "top_left_y": 177.09320068359375,
      "bottom_right_x": 1579.1669921875,
      "bottom_right_y": 202.41119384765625
    }
  ],
  "detected_translations": [
    {
      "translation_x": 4.309487533569336,
      "translation_y": -37.95436096191406
    }
  ]
}