{
  "id": "frame_223",
  "user": "NPC-A\u0130",
  "frame": "frame_223",
  "detected_objects": [
    {
      "cls": 1.0,
      "top_left_x": 1354.53662109375,
      "top_left_y": 759.489990234375,
      "bottom_right_x": 1391.70751953125,
      "bottom_right_y": 790.465087890625
    }
  ],
  "detected_translations": [
    {
      "translation_x": -0.86146240234375,
      "translation_y": 11.44830322265625
    }
  ]
}