{
  "id": "frame_94",
  "user": "NPC-AI",
  "frame": "frame_94",
  "detected_objects": [
    {
      "cls": 1,
      "landing_status": -1,
      "top_left_x": 1316.65771484375,
      "top_left_y": 251.6474609375,
      "bottom_right_x": 1349.7685546875,
      "bottom_right_y": 280.2734375
    }
  ],
  "detected_translations": [
    {
      "translation_x": 0.213983154296875,
      "translation_y": 0.8631057739257812
    }
  ]
}