{
  "id": "frame_1152",
  "user": "NPC-AI",
  "frame": "frame_1152",
  "detected_objects": [
    {
      "cls": 0,
      "landing_status": -1,
      "top_left_x": 325.1680603027344,
      "top_left_y": 0.8860015869140625,
      "bottom_right_x": 420.1131286621094,
      "bottom_right_y": 161.37741088867188
    }
  ],
  "detected_translations": [
    {
      "translation_x": 81.41305007934571,
      "translation_y": 94.21901321411133
    }
  ]
}