{
  "id": "frame_562",
  "user": "NPC-AI",
  "frame": "frame_562",
  "detected_objects": [
    {
      "cls": 0,
      "landing_status": -1,
      "top_left_x": 1773.62353515625,
      "top_left_y": 507.2943115234375,
      "bottom_right_x": 1920.0,
      "bottom_right_y": 592.0018310546875
    }
  ],
  "detected_translations": [
    {
      "translation_x": -1.7091705322265625,
      "translation_y": 73.08197631835938
    }
  ]
}