{
  "id": "frame_2672",
  "user": "NPC-A\u0130",
  "frame": "frame_2672",
  "detected_objects": [
    {
      "cls": 1.0,
      "top_left_x": 1831.383056640625,
      "top_left_y": 211.00830078125,
      "bottom_right_x": 1883.310302734375,
      "bottom_right_y": 243.7607421875
    },
    {
      "cls": 1.0,
      "top_left_x": 975.36083984375,
      "top_left_y": 123.23704528808594,
      "bottom_right_x": 1009.552490234375,
      "bottom_right_y": 164.4648895263672
    }
  ],
  "detected_translations": [
    {
      "translation_x": -76.63331489562988,
      "translation_y": -27.40485534667969
    }
  ]
}