{
  "id": "frame_528",
  "user": "NPC-AI",
  "frame": "frame_528",
  "detected_objects": [
    {
      "cls": 0,
      "landing_status": -1,
      "top_left_x": 1780.694580078125,
      "top_left_y": 125.07171630859375,
      "bottom_right_x": 1920.0,
      "bottom_right_y": 213.86651611328125
    }
  ],
  "detected_translations": [
    {
      "translation_x": -1.8953079223632812,
      "translation_y": 65.79552459716797
    }
  ]
}