{
  "id": "frame_188",
  "user": "NPC-A\u0130",
  "frame": "frame_188",
  "detected_objects": [
    {
      "cls": 1.0,
      "top_left_x": 1346.999267578125,
      "top_left_y": 625.575439453125,
      "bottom_right_x": 1384.349853515625,
      "bottom_right_y": 654.8662109375
    }
  ],
  "detected_translations": [
    {
      "translation_x": 0.2201446533203125,
      "translation_y": 8.860889434814453
    }
  ]
}