{
  "id": "frame_1135",
  "user": "NPC-AI",
  "frame": "frame_1135",
  "detected_objects": [
    {
      "cls": 0,
      "landing_status": -1,
      "top_left_x": 322.29022216796875,
      "top_left_y": 117.54800415039062,
      "bottom_right_x": 417.82196044921875,
      "bottom_right_y": 345.54766845703125
    }
  ],
  "detected_translations": [
    {
      "translation_x": 81.8066909790039,
      "translation_y": 99.77493362426758
    }
  ]
}