{
  "id": "frame_1450",
  "user": "NPC-A\u0130",
  "frame": "frame_1450",
  "detected_objects": [
    {
      "cls": 1.0,
      "top_left_x": 427.1753234863281,
      "top_left_y": 522.2587890625,
      "bottom_right_x": 464.3215637207031,
      "bottom_right_y": 546.6827392578125
    }
  ],
  "detected_translations": [
    {
      "translation_x": 77.80389747619628,
      "translation_y": -16.086488342285158
    }
  ]
}