{
  "id": "frame_914",
  "user": "NPC-A\u0130",
  "frame": "frame_914",
  "detected_objects": [
    {
      "cls": 0.0,
      "top_left_x": 472.609619140625,
      "top_left_y": 0.0,
      "bottom_right_x": 567.7613525390625,
      "bottom_right_y": 175.9134521484375
    }
  ],
  "detected_translations": [
    {
      "translation_x": 35.8163345336914,
      "translation_y": 116.05517272949218
    }
  ]
}