{
  "id": "frame_216",
  "user": "NPC-AI",
  "frame": "frame_216",
  "detected_objects": [
    {
      "cls": 1,
      "landing_status": -1,
      "top_left_x": 1353.4085693359375,
      "top_left_y": 733.221435546875,
      "bottom_right_x": 1389.9234619140625,
      "bottom_right_y": 764.177978515625
    }
  ],
  "detected_translations": [
    {
      "translation_x": -0.5032562255859375,
      "translation_y": 10.987799072265625
    }
  ]
}