{
  "id": "frame_848",
  "user": "NPC-A\u0130",
  "frame": "frame_848",
  "detected_objects": [
    {
      "cls": 0.0,
      "top_left_x": 1073.908447265625,
      "top_left_y": 297.85565185546875,
      "bottom_right_x": 1272.1201171875,
      "bottom_right_y": 390.80206298828125
    },
    {
      "cls": 1.0,
      "top_left_x": 104.25215911865234,
      "top_left_y": 132.98211669921875,
      "bottom_right_x": 155.04556274414062,
      "bottom_right_y": 162.2166748046875
    },
    {
      "cls": 1.0,
      "top_left_x": 159.33251953125,
      "top_left_y": 547.2155151367188,
      "bottom_right_x": 214.87930297851562,
      "bottom_right_y": 574.1047973632812
    },
    {
      "cls": 1.0,
      "top_left_x": 159.36529541015625,
      "top_left_y": 547.1651611328125,
      "bottom_right_x": 241.57861328125,
      "bottom_right_y": 573.9876708984375
    }
  ],
  "detected_translations": [
    {
      "translation_x": 15.14368896484375,
      "translation_y": 113.82126159667969
    }
  ]
}