{
  "id": "frame_456",
  "user": "NPC-A\u0130",
  "frame": "frame_456",
  "detected_objects": [
    {
      "cls": 1.0,
      "top_left_x": 1640.349853515625,
      "top_left_y": 956.6422119140625,
      "bottom_right_x": 1671.240478515625,
      "bottom_right_y": 972.3883056640625
    }
  ],
  "detected_translations": [
    {
      "translation_x": -1.164703369140625,
      "translation_y": 47.685533142089845
    }
  ]
}