{
  "id": "frame_713",
  "user": "NPC-AI",
  "frame": "frame_713",
  "detected_objects": [
    {
      "cls": 1,
      "landing_status": -1,
      "top_left_x": 1036.5810546875,
      "top_left_y": 319.76214599609375,
      "bottom_right_x": 1069.83056640625,
      "bottom_right_y": 346.66851806640625
    },
    {
      "cls": 1,
      "landing_status": -1,
      "top_left_x": 939.3318481445312,
      "top_left_y": 341.0078125,
      "bottom_right_x": 977.0332641601562,
      "bottom_right_y": 365.239013671875
    },
    {
      "cls": 1,
      "landing_status": -1,
      "top_left_x": 932.8168334960938,
      "top_left_y": 307.4191589355469,
      "bottom_right_x": 966.8511352539062,
      "bottom_right_y": 335.1983947753906
    }
  ],
  "detected_translations": [
    {
      "translation_x": -3.2685394287109375,
      "translation_y": 108.07489166259765
    }
  ]
}