{
  "id": "frame_3260",
  "user": "NPC-AI",
  "frame": "frame_3260",
  "detected_objects": [
    {
      "cls": 1,
      "landing_status": -1,
      "top_left_x": 1577.146728515625,
      "top_left_y": 119.06755828857422,
      "bottom_right_x": 1625.153564453125,
      "bottom_right_y": 161.4525146484375
    }
  ],
  "detected_translations": [
    {
      "translation_x": 11.962853622436523,
      "translation_y": -37.454386138916014
    }
  ]
}