{
  "id": "frame_216",
  "user": "NPC-A\u0130",
  "frame": "frame_216",
  "detected_objects": [
    {
      "cls": 1.0,
      "top_left_x": 1352.9296875,
      "top_left_y": 733.8782958984375,
      "bottom_right_x": 1389.59619140625,
      "bottom_right_y": 764.5721435546875
    }
  ],
  "detected_translations": [
    {
      "translation_x": -0.5032562255859375,
      "translation_y": 10.987799072265625
    }
  ]
}