{
  "id": "frame_575",
  "user": "NPC-AI",
  "frame": "frame_575",
  "detected_objects": [
    {
      "cls": 0,
      "landing_status": -1,
      "top_left_x": 1770.7354736328125,
      "top_left_y": 651.1168212890625,
      "bottom_right_x": 1920.0,
      "bottom_right_y": 736.8021240234375
    }
  ],
  "detected_translations": [
    {
      "translation_x": -1.60283203125,
      "translation_y": 75.55417175292969
    }
  ]
}