{
  "id": "frame_912",
  "user": "NPC-A\u0130",
  "frame": "frame_912",
  "detected_objects": [
    {
      "cls": 0.0,
      "top_left_x": 498.9112854003906,
      "top_left_y": 0.0,
      "bottom_right_x": 593.1011962890625,
      "bottom_right_y": 174.15121459960938
    }
  ],
  "detected_translations": [
    {
      "translation_x": 35.003517150878906,
      "translation_y": 115.89217529296874
    }
  ]
}