{
  "id": "frame_2387",
  "user": "NPC-AI",
  "frame": "frame_2387",
  "detected_objects": [
    {
      "cls": 1,
      "landing_status": -1,
      "top_left_x": 45.92279052734375,
      "top_left_y": 30.167617797851562,
      "bottom_right_x": 89.65341186523438,
      "bottom_right_y": 56.37760925292969
    },
    {
      "cls": 1,
      "landing_status": -1,
      "top_left_x": 65.61007690429688,
      "top_left_y": 508.9825439453125,
      "bottom_right_x": 106.12368774414062,
      "bottom_right_y": 529.4847412109375
    }
  ],
  "detected_translations": [
    {
      "translation_x": -28.836984634399414,
      "translation_y": -14.249148559570312
    }
  ]
}