{
  "id": "frame_211",
  "user": "NPC-AI",
  "frame": "frame_211",
  "detected_objects": [
    {
      "cls": 1,
      "landing_status": -1,
      "top_left_x": 1352.48046875,
      "top_left_y": 714.692138671875,
      "bottom_right_x": 1389.216064453125,
      "bottom_right_y": 745.8372802734375
    }
  ],
  "detected_translations": [
    {
      "translation_x": -0.5728271484375,
      "translation_y": 10.625677490234375
    }
  ]
}