{
  "id": "frame_3253",
  "user": "NPC-A\u0130",
  "frame": "frame_3253",
  "detected_objects": [
    {
      "cls": 1.0,
      "top_left_x": 1687.2225341796875,
      "top_left_y": 97.61299133300781,
      "bottom_right_x": 1739.9517822265625,
      "bottom_right_y": 138.43753051757812
    }
  ],
  "detected_translations": [
    {
      "translation_x": 9.751723861694336,
      "translation_y": -37.78062133789062
    }
  ]
}