{
  "id": "frame_3321",
  "user": "NPC-A\u0130",
  "frame": "frame_3321",
  "detected_objects": [
    {
      "cls": 1.0,
      "top_left_x": 690.15380859375,
      "top_left_y": 288.91143798828125,
      "bottom_right_x": 727.556884765625,
      "bottom_right_y": 325.96978759765625
    }
  ],
  "detected_translations": [
    {
      "translation_x": 32.02623100280762,
      "translation_y": -36.442832946777344
    }
  ]
}