{
  "id": "frame_1118",
  "user": "NPC-A\u0130",
  "frame": "frame_1118",
  "detected_objects": [
    {
      "cls": 0.0,
      "top_left_x": 176.81324768066406,
      "top_left_y": 9.354782104492188,
      "bottom_right_x": 391.561279296875,
      "bottom_right_y": 113.00138854980469
    },
    {
      "cls": 0.0,
      "top_left_x": 319.07342529296875,
      "top_left_y": 295.10595703125,
      "bottom_right_x": 422.96368408203125,
      "bottom_right_y": 535.99169921875
    }
  ],
  "detected_translations": [
    {
      "translation_x": 81.98763885498047,
      "translation_y": 104.20198364257813
    }
  ]
}