{
  "id": "frame_749",
  "user": "NPC-AI",
  "frame": "frame_749",
  "detected_objects": [
    {
      "cls": 1,
      "landing_status": -1,
      "top_left_x": 858.2525024414062,
      "top_left_y": 434.03961181640625,
      "bottom_right_x": 884.4938354492188,
      "bottom_right_y": 460.86016845703125
    },
    {
      "cls": 1,
      "landing_status": -1,
      "top_left_x": 546.437255859375,
      "top_left_y": 24.99266242980957,
      "bottom_right_x": 586.35498046875,
      "bottom_right_y": 57.32928466796875
    },
    {
      "cls": 1,
      "landing_status": -1,
      "top_left_x": 538.031494140625,
      "top_left_y": 49.501041412353516,
      "bottom_right_x": 570.7374267578125,
      "bottom_right_y": 84.43075561523438
    },
    {
      "cls": 1,
      "landing_status": -1,
      "top_left_x": 974.7332763671875,
      "top_left_y": 448.1505126953125,
      "bottom_right_x": 998.1749267578125,
      "bottom_right_y": 473.1138916015625
    }
  ],
  "detected_translations": [
    {
      "translation_x": -2.0059906005859376,
      "translation_y": 111.36621704101563
    }
  ]
}