{
  "id": "frame_944",
  "user": "NPC-A\u0130",
  "frame": "frame_944",
  "detected_objects": [
    {
      "cls": 0.0,
      "top_left_x": 1479.565185546875,
      "top_left_y": 405.997314453125,
      "bottom_right_x": 1676.478759765625,
      "bottom_right_y": 499.468994140625
    },
    {
      "cls": 0.0,
      "top_left_x": 67.83184814453125,
      "top_left_y": 20.021133422851562,
      "bottom_right_x": 171.8199005126953,
      "bottom_right_y": 199.15676879882812
    }
  ],
  "detected_translations": [
    {
      "translation_x": 46.43351287841797,
      "translation_y": 116.30957489013672
    }
  ]
}