{
  "id": "frame_2377",
  "user": "NPC-AI",
  "frame": "frame_2377",
  "detected_objects": [
    {
      "cls": 1,
      "landing_status": -1,
      "top_left_x": 0.09933853149414062,
      "top_left_y": 493.15582275390625,
      "bottom_right_x": 22.59515380859375,
      "bottom_right_y": 518.191650390625
    }
  ],
  "detected_translations": [
    {
      "translation_x": -26.323746109008788,
      "translation_y": -14.318079376220703
    }
  ]
}