{
  "id": "frame_258",
  "user": "NPC-A\u0130",
  "frame": "frame_258",
  "detected_objects": [
    {
      "cls": 1.0,
      "top_left_x": 1361.14501953125,
      "top_left_y": 880.7899780273438,
      "bottom_right_x": 1396.5927734375,
      "bottom_right_y": 916.2219848632812
    }
  ],
  "detected_translations": [
    {
      "translation_x": -0.7817230224609375,
      "translation_y": 14.561473083496093
    }
  ]
}