{
  "id": "frame_927",
  "user": "NPC-A\u0130",
  "frame": "frame_927",
  "detected_objects": [
    {
      "cls": 0.0,
      "top_left_x": 299.878662109375,
      "top_left_y": 8.5452880859375,
      "bottom_right_x": 400.1932373046875,
      "bottom_right_y": 186.98855590820312
    }
  ],
  "detected_translations": [
    {
      "translation_x": 39.97938079833985,
      "translation_y": 116.02876739501953
    }
  ]
}