{
  "id": "frame_224",
  "user": "NPC-AI",
  "frame": "frame_224",
  "detected_objects": [
    {
      "cls": 1,
      "landing_status": -1,
      "top_left_x": 1354.7659912109375,
      "top_left_y": 762.1455078125,
      "bottom_right_x": 1391.3895263671875,
      "bottom_right_y": 794.556884765625
    }
  ],
  "detected_translations": [
    {
      "translation_x": -0.7753143310546875,
      "translation_y": 11.598795318603516
    }
  ]
}