{
  "id": "frame_70",
  "user": "NPC-A\u0130",
  "frame": "frame_70",
  "detected_objects": [
    {
      "cls": 1.0,
      "top_left_x": 1303.21533203125,
      "top_left_y": 215.65139770507812,
      "bottom_right_x": 1337.7890625,
      "bottom_right_y": 248.16177368164062
    }
  ],
  "detected_translations": [
    {
      "translation_x": 0.406964111328125,
      "translation_y": 0.49530181884765623
    }
  ]
}