{
  "id": "frame_178",
  "user": "NPC-A\u0130",
  "frame": "frame_178",
  "detected_objects": [
    {
      "cls": 1.0,
      "top_left_x": 1344.32470703125,
      "top_left_y": 585.0078735351562,
      "bottom_right_x": 1381.2685546875,
      "bottom_right_y": 614.1024780273438
    }
  ],
  "detected_translations": [
    {
      "translation_x": -0.1835906982421875,
      "translation_y": 8.019803619384765
    }
  ]
}