{
  "id": "frame_1357",
  "user": "NPC-A\u0130",
  "frame": "frame_1357",
  "detected_objects": [
    {
      "cls": 1.0,
      "top_left_x": 1181.84423828125,
      "top_left_y": 89.59745788574219,
      "bottom_right_x": 1215.67138671875,
      "bottom_right_y": 139.9894561767578
    }
  ],
  "detected_translations": [
    {
      "translation_x": 79.51266822814941,
      "translation_y": 18.62117233276367
    }
  ]
}