{
  "id": "frame_900",
  "user": "NPC-A\u0130",
  "frame": "frame_900",
  "detected_objects": [
    {
      "cls": 0.0,
      "top_left_x": 650.7037353515625,
      "top_left_y": 0.4692535400390625,
      "bottom_right_x": 741.3843994140625,
      "bottom_right_y": 162.86468505859375
    },
    {
      "cls": 0.0,
      "top_left_x": 0.0,
      "top_left_y": 310.38818359375,
      "bottom_right_x": 138.5992431640625,
      "bottom_right_y": 396.736328125
    }
  ],
  "detected_translations": [
    {
      "translation_x": 31.374253845214845,
      "translation_y": 115.00285949707032
    }
  ]
}