{
  "id": "frame_1452",
  "user": "NPC-A\u0130",
  "frame": "frame_1452",
  "detected_objects": [
    {
      "cls": 1.0,
      "top_left_x": 424.39031982421875,
      "top_left_y": 490.1337890625,
      "bottom_right_x": 469.84490966796875,
      "bottom_right_y": 522.424072265625
    }
  ],
  "detected_translations": [
    {
      "translation_x": 77.79354438781738,
      "translation_y": -16.985450744628906
    }
  ]
}