{
  "id": "frame_1031",
  "user": "NPC-A\u0130",
  "frame": "frame_1031",
  "detected_objects": [
    {
      "cls": 0.0,
      "top_left_x": 505.87762451171875,
      "top_left_y": 817.3111572265625,
      "bottom_right_x": 611.9553833007812,
      "bottom_right_y": 1052.7628173828125
    },
    {
      "cls": 1.0,
      "top_left_x": 1173.6683349609375,
      "top_left_y": 824.8379516601562,
      "bottom_right_x": 1213.7374267578125,
      "bottom_right_y": 860.0678100585938
    },
    {
      "cls": 1.0,
      "top_left_x": 1060.1175537109375,
      "top_left_y": 336.46917724609375,
      "bottom_right_x": 1111.7757568359375,
      "bottom_right_y": 367.516357421875
    }
  ],
  "detected_translations": [
    {
      "translation_x": 76.6437759399414,
      "translation_y": 117.59294738769532
    }
  ]
}