{
  "id": "frame_1342",
  "user": "NPC-A\u0130",
  "frame": "frame_1342",
  "detected_objects": [
    {
      "cls": 1.0,
      "top_left_x": 1174.1024169921875,
      "top_left_y": 336.07861328125,
      "bottom_right_x": 1204.1361083984375,
      "bottom_right_y": 380.0347900390625
    }
  ],
  "detected_translations": [
    {
      "translation_x": 78.80159645080566,
      "translation_y": 23.80332260131836
    }
  ]
}