{
  "id": "frame_2642",
  "user": "NPC-A\u0130",
  "frame": "frame_2642",
  "detected_objects": [
    {
      "cls": 1.0,
      "top_left_x": 1780.826171875,
      "top_left_y": 366.85162353515625,
      "bottom_right_x": 1831.31640625,
      "bottom_right_y": 392.81207275390625
    },
    {
      "cls": 1.0,
      "top_left_x": 798.8966064453125,
      "top_left_y": 255.87640380859375,
      "bottom_right_x": 828.937744140625,
      "bottom_right_y": 274.81817626953125
    }
  ],
  "detected_translations": [
    {
      "translation_x": -73.14539375305176,
      "translation_y": -23.733497619628906
    }
  ]
}