{
  "id": "frame_2562",
  "user": "NPC-A\u0130",
  "frame": "frame_2562",
  "detected_objects": [
    {
      "cls": 1.0,
      "top_left_x": 876.6446533203125,
      "top_left_y": 503.8337707519531,
      "bottom_right_x": 916.5235595703125,
      "bottom_right_y": 531.376953125
    },
    {
      "cls": 1.0,
      "top_left_x": 1634.286865234375,
      "top_left_y": 748.0841064453125,
      "bottom_right_x": 1676.629638671875,
      "bottom_right_y": 773.596923828125
    },
    {
      "cls": 1.0,
      "top_left_x": 919.913818359375,
      "top_left_y": 403.2557373046875,
      "bottom_right_x": 954.58251953125,
      "bottom_right_y": 427.822265625
    },
    {
      "cls": 1.0,
      "top_left_x": 691.9512939453125,
      "top_left_y": 515.7794799804688,
      "bottom_right_x": 724.9268798828125,
      "bottom_right_y": 538.8229370117188
    }
  ],
  "detected_translations": [
    {
      "translation_x": -68.16673774719239,
      "translation_y": -14.50476303100586
    }
  ]
}