{
  "id": "frame_2310",
  "user": "NPC-AI",
  "frame": "frame_2310",
  "detected_objects": [
    {
      "cls": 1,
      "landing_status": -1,
      "top_left_x": 85.1302719116211,
      "top_left_y": 158.5336456298828,
      "bottom_right_x": 121.2343978881836,
      "bottom_right_y": 191.8939666748047
    }
  ],
  "detected_translations": [
    {
      "translation_x": -10.545129776000977,
      "translation_y": -13.778958129882813
    }
  ]
}