{
  "id": "frame_1444",
  "user": "NPC-AI",
  "frame": "frame_1444",
  "detected_objects": [
    {
      "cls": 1,
      "landing_status": -1,
      "top_left_x": 447.774658203125,
      "top_left_y": 635.998291015625,
      "bottom_right_x": 495.42279052734375,
      "bottom_right_y": 668.6298828125
    },
    {
      "cls": 1,
      "landing_status": -1,
      "top_left_x": 442.36260986328125,
      "top_left_y": 613.50732421875,
      "bottom_right_x": 488.82354736328125,
      "bottom_right_y": 642.228515625
    }
  ],
  "detected_translations": [
    {
      "translation_x": 78.1233066558838,
      "translation_y": -13.971487426757813
    }
  ]
}