{
  "id": "frame_2687",
  "user": "NPC-AI",
  "frame": "frame_2687",
  "detected_objects": [
    {
      "cls": 1,
      "landing_status": -1,
      "top_left_x": 1864.1259765625,
      "top_left_y": 133.91055297851562,
      "bottom_right_x": 1911.748046875,
      "bottom_right_y": 170.23471069335938
    },
    {
      "cls": 1,
      "landing_status": -1,
      "top_left_x": 1465.616943359375,
      "top_left_y": 1.0048141479492188,
      "bottom_right_x": 1492.921142578125,
      "bottom_right_y": 30.84804916381836
    },
    {
      "cls": 1,
      "landing_status": -1,
      "top_left_x": 1044.18310546875,
      "top_left_y": 85.14556121826172,
      "bottom_right_x": 1069.9892578125,
      "bottom_right_y": 111.65068817138672
    },
    {
      "cls": 1,
      "landing_status": -1,
      "top_left_x": 1048.6953125,
      "top_left_y": 49.82801818847656,
      "bottom_right_x": 1072.992919921875,
      "bottom_right_y": 84.71670532226562
    }
  ],
  "detected_translations": [
    {
      "translation_x": -77.25591163635254,
      "translation_y": -29.467385864257814
    }
  ]
}