{
  "id": "frame_214",
  "user": "NPC-A\u0130",
  "frame": "frame_214",
  "detected_objects": [
    {
      "cls": 1.0,
      "top_left_x": 1352.9755859375,
      "top_left_y": 726.848388671875,
      "bottom_right_x": 1389.4169921875,
      "bottom_right_y": 756.514892578125
    }
  ],
  "detected_translations": [
    {
      "translation_x": -0.486883544921875,
      "translation_y": 10.91345672607422
    }
  ]
}