{
  "id": "frame_123",
  "user": "NPC-A\u0130",
  "frame": "frame_123",
  "detected_objects": [
    {
      "cls": 1.0,
      "top_left_x": 1328.0087890625,
      "top_left_y": 351.0069580078125,
      "bottom_right_x": 1364.86376953125,
      "bottom_right_y": 381.654541015625
    }
  ],
  "detected_translations": [
    {
      "translation_x": 0.4226165771484375,
      "translation_y": 3.028786468505859
    }
  ]
}