{
  "id": "frame_100",
  "user": "NPC-AI",
  "frame": "frame_100",
  "detected_objects": [
    {
      "cls": 1,
      "landing_status": -1,
      "top_left_x": 1319.551025390625,
      "top_left_y": 270.4447937011719,
      "bottom_right_x": 1352.501708984375,
      "bottom_right_y": 296.8595275878906
    }
  ],
  "detected_translations": [
    {
      "translation_x": 0.34378662109375,
      "translation_y": 1.2322601318359374
    }
  ]
}