{
  "id": "frame_121",
  "user": "NPC-AI",
  "frame": "frame_121",
  "detected_objects": [
    {
      "cls": 1,
      "landing_status": -1,
      "top_left_x": 1327.290771484375,
      "top_left_y": 342.4171142578125,
      "bottom_right_x": 1362.8095703125,
      "bottom_right_y": 373.0947265625
    }
  ],
  "detected_translations": [
    {
      "translation_x": 0.3929840087890625,
      "translation_y": 2.749062347412109
    }
  ]
}