{
  "id": "frame_3238",
  "user": "NPC-AI",
  "frame": "frame_3238",
  "detected_objects": [
    {
      "cls": 1,
      "landing_status": -1,
      "top_left_x": 1505.0355224609375,
      "top_left_y": 177.81475830078125,
      "bottom_right_x": 1564.0218505859375,
      "bottom_right_y": 204.141845703125
    }
  ],
  "detected_translations": [
    {
      "translation_x": 4.480236434936524,
      "translation_y": -37.93199081420899
    }
  ]
}