{
  "id": "frame_243",
  "user": "NPC-A\u0130",
  "frame": "frame_243",
  "detected_objects": [
    {
      "cls": 1.0,
      "top_left_x": 1358.775390625,
      "top_left_y": 829.919677734375,
      "bottom_right_x": 1394.02099609375,
      "bottom_right_y": 862.448974609375
    }
  ],
  "detected_translations": [
    {
      "translation_x": -0.7720550537109375,
      "translation_y": 13.230525970458984
    }
  ]
}