{
  "id": "frame_97",
  "user": "NPC-AI",
  "frame": "frame_97",
  "detected_objects": [
    {
      "cls": 1,
      "landing_status": -1,
      "top_left_x": 1317.401611328125,
      "top_left_y": 260.85235595703125,
      "bottom_right_x": 1351.204833984375,
      "bottom_right_y": 288.12164306640625
    }
  ],
  "detected_translations": [
    {
      "translation_x": 0.280450439453125,
      "translation_y": 1.083685302734375
    }
  ]
}