{
  "id": "frame_2378",
  "user": "NPC-AI",
  "frame": "frame_2378",
  "detected_objects": [
    {
      "cls": 1,
      "landing_status": -1,
      "top_left_x": 0.1214752197265625,
      "top_left_y": 493.05340576171875,
      "bottom_right_x": 32.13142776489258,
      "bottom_right_y": 518.908203125
    }
  ],
  "detected_translations": [
    {
      "translation_x": -26.4397403717041,
      "translation_y": -14.373404693603515
    }
  ]
}