{
  "id": "frame_1386",
  "user": "NPC-AI",
  "frame": "frame_1386",
  "detected_objects": [
    {
      "cls": 1,
      "landing_status": -1,
      "top_left_x": 1187.359619140625,
      "top_left_y": 601.4617919921875,
      "bottom_right_x": 1216.24609375,
      "bottom_right_y": 623.9310302734375
    },
    {
      "cls": 1,
      "landing_status": -1,
      "top_left_x": 1260.8115234375,
      "top_left_y": 591.2423095703125,
      "bottom_right_x": 1290.5263671875,
      "bottom_right_y": 618.7862548828125
    },
    {
      "cls": 1,
      "landing_status": -1,
      "top_left_x": 1234.6982421875,
      "top_left_y": 610.038330078125,
      "bottom_right_x": 1261.5029296875,
      "bottom_right_y": 645.3521728515625
    },
    {
      "cls": 0,
      "landing_status": -1,
      "top_left_x": 905.645263671875,
      "top_left_y": 447.4019775390625,
      "bottom_right_x": 932.5985107421875,
      "bottom_right_y": 532.8150634765625
    }
  ],
  "detected_translations": [
    {
      "translation_x": 78.82420539855957,
      "translation_y": 8.621997833251953
    }
  ]
}