{
  "id": "frame_2679",
  "user": "NPC-AI",
  "frame": "frame_2679",
  "detected_objects": [
    {
      "cls": 1,
      "landing_status": -1,
      "top_left_x": 1851.056640625,
      "top_left_y": 175.0355224609375,
      "bottom_right_x": 1896.658203125,
      "bottom_right_y": 205.70474243164062
    },
    {
      "cls": 1,
      "landing_status": -1,
      "top_left_x": 1451.2158203125,
      "top_left_y": 48.0751838684082,
      "bottom_right_x": 1475.5048828125,
      "bottom_right_y": 77.27906799316406
    },
    {
      "cls": 1,
      "landing_status": -1,
      "top_left_x": 1014.95849609375,
      "top_left_y": 97.17936706542969,
      "bottom_right_x": 1039.908935546875,
      "bottom_right_y": 126.90000915527344
    },
    {
      "cls": 1,
      "landing_status": -1,
      "top_left_x": 1028.7294921875,
      "top_left_y": 134.609375,
      "bottom_right_x": 1052.146484375,
      "bottom_right_y": 159.5792236328125
    }
  ],
  "detected_translations": [
    {
      "translation_x": -77.43777961730957,
      "translation_y": -28.321328735351564
    }
  ]
}