{
  "id": "frame_1127",
  "user": "NPC-AI",
  "frame": "frame_1127",
  "detected_objects": [
    {
      "cls": 0,
      "landing_status": -1,
      "top_left_x": 322.7497863769531,
      "top_left_y": 202.28916931152344,
      "bottom_right_x": 418.1628112792969,
      "bottom_right_y": 430.2320556640625
    },
    {
      "cls": 0,
      "landing_status": -1,
      "top_left_x": 313.95941162109375,
      "top_left_y": 0.0,
      "bottom_right_x": 511.35638427734375,
      "bottom_right_y": 23.97100067138672
    }
  ],
  "detected_translations": [
    {
      "translation_x": 81.93726654052735,
      "translation_y": 101.8685203552246
    }
  ]
}