{
  "id": "frame_540",
  "user": "NPC-AI",
  "frame": "frame_540",
  "detected_objects": [
    {
      "cls": 0,
      "landing_status": -1,
      "top_left_x": 1778.0693359375,
      "top_left_y": 261.148193359375,
      "bottom_right_x": 1920.0,
      "bottom_right_y": 347.12274169921875
    }
  ],
  "detected_translations": [
    {
      "translation_x": -2.1177093505859377,
      "translation_y": 68.40772857666016
    }
  ]
}