{
  "id": "frame_582",
  "user": "NPC-A\u0130",
  "frame": "frame_582",
  "detected_objects": [
    {
      "cls": 0.0,
      "top_left_x": 1768.70263671875,
      "top_left_y": 729.5712890625,
      "bottom_right_x": 1920.0,
      "bottom_right_y": 815.86474609375
    }
  ],
  "detected_translations": [
    {
      "translation_x": -1.865643310546875,
      "translation_y": 77.33800506591797
    }
  ]
}