{
  "id": "frame_109",
  "user": "NPC-A\u0130",
  "frame": "frame_109",
  "detected_objects": [
    {
      "cls": 1.0,
      "top_left_x": 1322.466552734375,
      "top_left_y": 291.4815368652344,
      "bottom_right_x": 1356.914794921875,
      "bottom_right_y": 326.1951599121094
    }
  ],
  "detected_translations": [
    {
      "translation_x": 0.3472015380859375,
      "translation_y": 1.8322189331054688
    }
  ]
}