{
  "id": "frame_1437",
  "user": "NPC-A\u0130",
  "frame": "frame_1437",
  "detected_objects": [
    {
      "cls": 1.0,
      "top_left_x": 456.23272705078125,
      "top_left_y": 725.2781982421875,
      "bottom_right_x": 497.04840087890625,
      "bottom_right_y": 750.7491455078125
    }
  ],
  "detected_translations": [
    {
      "translation_x": 78.17647590637208,
      "translation_y": -11.303501892089844
    }
  ]
}