{
  "id": "frame_555",
  "user": "NPC-AI",
  "frame": "frame_555",
  "detected_objects": [
    {
      "cls": 0,
      "landing_status": -1,
      "top_left_x": 1775.287353515625,
      "top_left_y": 430.00946044921875,
      "bottom_right_x": 1920.0,
      "bottom_right_y": 513.9319458007812
    }
  ],
  "detected_translations": [
    {
      "translation_x": -1.7555648803710937,
      "translation_y": 71.58305969238282
    }
  ]
}