{
  "id": "frame_2664",
  "user": "NPC-A\u0130",
  "frame": "frame_2664",
  "detected_objects": [
    {
      "cls": 1.0,
      "top_left_x": 1823.89599609375,
      "top_left_y": 251.32022094726562,
      "bottom_right_x": 1869.44580078125,
      "bottom_right_y": 278.1576232910156
    },
    {
      "cls": 1.0,
      "top_left_x": 1172.1795654296875,
      "top_left_y": 30.53732681274414,
      "bottom_right_x": 1193.7467041015625,
      "bottom_right_y": 59.74368667602539
    },
    {
      "cls": 1.0,
      "top_left_x": 915.66552734375,
      "top_left_y": 171.87509155273438,
      "bottom_right_x": 952.865234375,
      "bottom_right_y": 195.1976318359375
    },
    {
      "cls": 1.0,
      "top_left_x": 906.328125,
      "top_left_y": 41.24164581298828,
      "bottom_right_x": 939.4930419921875,
      "bottom_right_y": 68.02396392822266
    }
  ],
  "detected_translations": [
    {
      "translation_x": -77.05230445861817,
      "translation_y": -26.33475341796875
    }
  ]
}