{
  "id": "frame_847",
  "user": "NPC-A\u0130",
  "frame": "frame_847",
  "detected_objects": [
    {
      "cls": 0.0,
      "top_left_x": 1095.1195068359375,
      "top_left_y": 298.3124694824219,
      "bottom_right_x": 1293.3348388671875,
      "bottom_right_y": 390.8822937011719
    },
    {
      "cls": 1.0,
      "top_left_x": 111.77976989746094,
      "top_left_y": 132.32192993164062,
      "bottom_right_x": 166.08460998535156,
      "bottom_right_y": 161.87881469726562
    },
    {
      "cls": 1.0,
      "top_left_x": 173.23472595214844,
      "top_left_y": 546.9273071289062,
      "bottom_right_x": 236.4785919189453,
      "bottom_right_y": 574.4151000976562
    }
  ],
  "detected_translations": [
    {
      "translation_x": 14.6240234375,
      "translation_y": 113.82489166259765
    }
  ]
}