{
  "id": "frame_2699",
  "user": "NPC-A\u0130",
  "frame": "frame_2699",
  "detected_objects": [
    {
      "cls": 1.0,
      "top_left_x": 1888.875,
      "top_left_y": 69.71055603027344,
      "bottom_right_x": 1920.0,
      "bottom_right_y": 102.86474609375
    }
  ],
  "detected_translations": [
    {
      "translation_x": -77.6700611114502,
      "translation_y": -31.005873107910155
    }
  ]
}