{
  "id": "frame_565",
  "user": "NPC-AI",
  "frame": "frame_565",
  "detected_objects": [
    {
      "cls": 0,
      "landing_status": -1,
      "top_left_x": 1773.334716796875,
      "top_left_y": 541.4290771484375,
      "bottom_right_x": 1920.0,
      "bottom_right_y": 625.7559814453125
    }
  ],
  "detected_translations": [
    {
      "translation_x": -1.5445388793945312,
      "translation_y": 73.57706298828126
    }
  ]
}