{
  "id": "frame_1441",
  "user": "NPC-A\u0130",
  "frame": "frame_1441",
  "detected_objects": [
    {
      "cls": 1.0,
      "top_left_x": 446.62750244140625,
      "top_left_y": 661.91064453125,
      "bottom_right_x": 487.64410400390625,
      "bottom_right_y": 688.8408203125
    }
  ],
  "detected_translations": [
    {
      "translation_x": 78.13118324279785,
      "translation_y": -12.783892822265624
    }
  ]
}