{
  "id": "frame_3273",
  "user": "NPC-A\u0130",
  "frame": "frame_3273",
  "detected_objects": [
    {
      "cls": 1.0,
      "top_left_x": 1373.143798828125,
      "top_left_y": 164.30174255371094,
      "bottom_right_x": 1413.640869140625,
      "bottom_right_y": 197.2711944580078
    }
  ],
  "detected_translations": [
    {
      "translation_x": 16.124193954467774,
      "translation_y": -37.02531280517578
    }
  ]
}