{
  "id": "frame_522",
  "user": "NPC-AI",
  "frame": "frame_522",
  "detected_objects": [
    {
      "cls": 0,
      "landing_status": -1,
      "top_left_x": 1781.674072265625,
      "top_left_y": 57.43190383911133,
      "bottom_right_x": 1920.0,
      "bottom_right_y": 147.60621643066406
    }
  ],
  "detected_translations": [
    {
      "translation_x": -2.2620819091796873,
      "translation_y": 64.47102661132813
    }
  ]
}