{
  "id": "frame_455",
  "user": "NPC-A\u0130",
  "frame": "frame_455",
  "detected_objects": [
    {
      "cls": 1.0,
      "top_left_x": 1639.048095703125,
      "top_left_y": 946.5134887695312,
      "bottom_right_x": 1680.40478515625,
      "bottom_right_y": 968.6580200195312
    }
  ],
  "detected_translations": [
    {
      "translation_x": -1.1796630859375,
      "translation_y": 47.421881103515624
    }
  ]
}