{
  "id": "frame_3276",
  "user": "NPC-A\u0130",
  "frame": "frame_3276",
  "detected_objects": [
    {
      "cls": 1.0,
      "top_left_x": 1324.3446044921875,
      "top_left_y": 174.08758544921875,
      "bottom_right_x": 1365.1947021484375,
      "bottom_right_y": 215.47171020507812
    }
  ],
  "detected_translations": [
    {
      "translation_x": 17.012856674194335,
      "translation_y": -36.932029724121094
    }
  ]
}