{
  "id": "frame_1299",
  "user": "NPC-AI",
  "frame": "frame_1299",
  "detected_objects": [
    {
      "cls": 1,
      "landing_status": -1,
      "top_left_x": 1649.361083984375,
      "top_left_y": 410.3764953613281,
      "bottom_right_x": 1693.245361328125,
      "bottom_right_y": 438.6709289550781
    }
  ],
  "detected_translations": [
    {
      "translation_x": 79.56991157531738,
      "translation_y": 38.03042221069336
    }
  ]
}