{
  "id": "frame_2341",
  "user": "NPC-A\u0130",
  "frame": "frame_2341",
  "detected_objects": [
    {
      "cls": 1.0,
      "top_left_x": 353.7291259765625,
      "top_left_y": 176.62939453125,
      "bottom_right_x": 377.7735595703125,
      "bottom_right_y": 195.69952392578125
    }
  ],
  "detected_translations": [
    {
      "translation_x": -17.17195930480957,
      "translation_y": -14.379901885986328
    }
  ]
}