{
  "id": "frame_1358",
  "user": "NPC-A\u0130",
  "frame": "frame_1358",
  "detected_objects": [
    {
      "cls": 1.0,
      "top_left_x": 1180.318359375,
      "top_left_y": 72.38908386230469,
      "bottom_right_x": 1216.32763671875,
      "bottom_right_y": 126.20880126953125
    }
  ],
  "detected_translations": [
    {
      "translation_x": 79.53447914123535,
      "translation_y": 18.288219451904297
    }
  ]
}