{
  "id": "frame_926",
  "user": "NPC-A\u0130",
  "frame": "frame_926",
  "detected_objects": [
    {
      "cls": 0.0,
      "top_left_x": 314.45098876953125,
      "top_left_y": 7.814727783203125,
      "bottom_right_x": 412.58355712890625,
      "bottom_right_y": 186.21240234375
    }
  ],
  "detected_translations": [
    {
      "translation_x": 39.45369415283203,
      "translation_y": 115.9313751220703
    }
  ]
}