{
  "id": "frame_1465",
  "user": "NPC-AI",
  "frame": "frame_1465",
  "detected_objects": [
    {
      "cls": 1,
      "landing_status": -1,
      "top_left_x": 398.64007568359375,
      "top_left_y": 281.70513916015625,
      "bottom_right_x": 449.51947021484375,
      "bottom_right_y": 312.28021240234375
    },
    {
      "cls": 1,
      "landing_status": -1,
      "top_left_x": 404.86187744140625,
      "top_left_y": 309.09185791015625,
      "bottom_right_x": 452.86163330078125,
      "bottom_right_y": 337.53521728515625
    }
  ],
  "detected_translations": [
    {
      "translation_x": 77.91479301452637,
      "translation_y": -22.200013732910158
    }
  ]
}