{
  "id": "frame_738",
  "user": "NPC-A\u0130",
  "frame": "frame_738",
  "detected_objects": [
    {
      "cls": 1.0,
      "top_left_x": 990.7725830078125,
      "top_left_y": 419.9683837890625,
      "bottom_right_x": 1026.2701416015625,
      "bottom_right_y": 447.436279296875
    }
  ],
  "detected_translations": [
    {
      "translation_x": -3.2182647705078127,
      "translation_y": 110.72107849121093
    }
  ]
}