{
  "id": "frame_548",
  "user": "NPC-A\u0130",
  "frame": "frame_548",
  "detected_objects": [
    {
      "cls": 0.0,
      "top_left_x": 1776.592529296875,
      "top_left_y": 351.88812255859375,
      "bottom_right_x": 1920.0,
      "bottom_right_y": 437.06707763671875
    }
  ],
  "detected_translations": [
    {
      "translation_x": -1.99591064453125,
      "translation_y": 69.99364166259765
    }
  ]
}