{
  "id": "frame_123",
  "user": "NPC-AI",
  "frame": "frame_123",
  "detected_objects": [
    {
      "cls": 1,
      "landing_status": -1,
      "top_left_x": 1328.1636962890625,
      "top_left_y": 351.0106201171875,
      "bottom_right_x": 1363.7716064453125,
      "bottom_right_y": 381.061279296875
    }
  ],
  "detected_translations": [
    {
      "translation_x": 0.4226165771484375,
      "translation_y": 3.028786468505859
    }
  ]
}