{
  "id": "frame_2412",
  "user": "NPC-AI",
  "frame": "frame_2412",
  "detected_objects": [
    {
      "cls": 1,
      "landing_status": -1,
      "top_left_x": 269.8684387207031,
      "top_left_y": 48.0909423828125,
      "bottom_right_x": 303.9294738769531,
      "bottom_right_y": 69.94737243652344
    },
    {
      "cls": 1,
      "landing_status": -1,
      "top_left_x": 318.92034912109375,
      "top_left_y": 559.524658203125,
      "bottom_right_x": 350.3614501953125,
      "bottom_right_y": 582.9566650390625
    },
    {
      "cls": 1,
      "landing_status": -1,
      "top_left_x": 160.39364624023438,
      "top_left_y": 448.61773681640625,
      "bottom_right_x": 204.48648071289062,
      "bottom_right_y": 476.59576416015625
    },
    {
      "cls": 1,
      "landing_status": -1,
      "top_left_x": 18.243488311767578,
      "top_left_y": 46.595008850097656,
      "bottom_right_x": 54.17475509643555,
      "bottom_right_y": 67.14934539794922
    }
  ],
  "detected_translations": [
    {
      "translation_x": -35.87186622619629,
      "translation_y": -14.20111541748047
    }
  ]
}