{
  "id": "frame_1142",
  "user": "NPC-A\u0130",
  "frame": "frame_1142",
  "detected_objects": [
    {
      "cls": 0.0,
      "top_left_x": 319.927978515625,
      "top_left_y": 42.720245361328125,
      "bottom_right_x": 419.8460693359375,
      "bottom_right_y": 270.7839660644531
    }
  ],
  "detected_translations": [
    {
      "translation_x": 81.58649978637695,
      "translation_y": 97.7101951599121
    }
  ]
}