{
  "id": "frame_1435",
  "user": "NPC-A\u0130",
  "frame": "frame_1435",
  "detected_objects": [
    {
      "cls": 1.0,
      "top_left_x": 460.6937255859375,
      "top_left_y": 757.2047119140625,
      "bottom_right_x": 504.71673583984375,
      "bottom_right_y": 782.3736572265625
    }
  ],
  "detected_translations": [
    {
      "translation_x": 78.15238227844239,
      "translation_y": -10.605799865722656
    }
  ]
}