{
  "id": "frame_572",
  "user": "NPC-A\u0130",
  "frame": "frame_572",
  "detected_objects": [
    {
      "cls": 0.0,
      "top_left_x": 1773.238525390625,
      "top_left_y": 619.6112060546875,
      "bottom_right_x": 1920.0,
      "bottom_right_y": 704.5435791015625
    }
  ],
  "detected_translations": [
    {
      "translation_x": -1.8380935668945313,
      "translation_y": 74.93104858398438
    }
  ]
}