{
  "id": "frame_871",
  "user": "NPC-A\u0130",
  "frame": "frame_871",
  "detected_objects": [
    {
      "cls": 0.0,
      "top_left_x": 1003.0743408203125,
      "top_left_y": 0.0,
      "bottom_right_x": 1087.7347412109375,
      "bottom_right_y": 145.66217041015625
    },
    {
      "cls": 0.0,
      "top_left_x": 590.6768798828125,
      "top_left_y": 306.282470703125,
      "bottom_right_x": 778.7086181640625,
      "bottom_right_y": 390.923095703125
    }
  ],
  "detected_translations": [
    {
      "translation_x": 21.829997253417968,
      "translation_y": 114.01908569335937
    }
  ]
}