{
  "id": "frame_194",
  "user": "NPC-A\u0130",
  "frame": "frame_194",
  "detected_objects": [
    {
      "cls": 1.0,
      "top_left_x": 1348.29150390625,
      "top_left_y": 649.6727294921875,
      "bottom_right_x": 1385.6826171875,
      "bottom_right_y": 679.1334228515625
    }
  ],
  "detected_translations": [
    {
      "translation_x": 0.2633453369140625,
      "translation_y": 9.527719879150391
    }
  ]
}