{
  "id": "frame_902",
  "user": "NPC-A\u0130",
  "frame": "frame_902",
  "detected_objects": [
    {
      "cls": 0.0,
      "top_left_x": 626.4559326171875,
      "top_left_y": 0.0461273193359375,
      "bottom_right_x": 716.7593994140625,
      "bottom_right_y": 164.54266357421875
    },
    {
      "cls": 0.0,
      "top_left_x": 0.0,
      "top_left_y": 309.38983154296875,
      "bottom_right_x": 94.16415405273438,
      "bottom_right_y": 397.3037109375
    }
  ],
  "detected_translations": [
    {
      "translation_x": 31.664125061035158,
      "translation_y": 115.32140808105468
    }
  ]
}