{
  "id": "frame_79",
  "user": "NPC-AI",
  "frame": "frame_79",
  "detected_objects": [
    {
      "cls": 1,
      "landing_status": -1,
      "top_left_x": 1307.9466552734375,
      "top_left_y": 220.68023681640625,
      "bottom_right_x": 1342.5679931640625,
      "bottom_right_y": 254.17645263671875
    }
  ],
  "detected_translations": [
    {
      "translation_x": -0.0729644775390625,
      "translation_y": 0.7974533081054688
    }
  ]
}