{
  "id": "frame_2700",
  "user": "NPC-AI",
  "frame": "frame_2700",
  "detected_objects": [
    {
      "cls": 1,
      "landing_status": -1,
      "top_left_x": 1052.90966796875,
      "top_left_y": 0.0,
      "bottom_right_x": 1093.094970703125,
      "bottom_right_y": 31.296276092529297
    },
    {
      "cls": 1,
      "landing_status": -1,
      "top_left_x": 1888.692626953125,
      "top_left_y": 64.941650390625,
      "bottom_right_x": 1920.0,
      "bottom_right_y": 96.37326049804688
    }
  ],
  "detected_translations": [
    {
      "translation_x": -78.03413734436035,
      "translation_y": -31.11235656738281
    }
  ]
}