{
  "id": "frame_942",
  "user": "NPC-A\u0130",
  "frame": "frame_942",
  "detected_objects": [
    {
      "cls": 0.0,
      "top_left_x": 1538.19873046875,
      "top_left_y": 405.36907958984375,
      "bottom_right_x": 1741.09130859375,
      "bottom_right_y": 498.53741455078125
    },
    {
      "cls": 0.0,
      "top_left_x": 93.21286010742188,
      "top_left_y": 18.954818725585938,
      "bottom_right_x": 199.66302490234375,
      "bottom_right_y": 198.37551879882812
    }
  ],
  "detected_translations": [
    {
      "translation_x": 45.4132568359375,
      "translation_y": 116.23988494873046
    }
  ]
}