{
  "id": "frame_677",
  "user": "NPC-A\u0130",
  "frame": "frame_677",
  "detected_objects": [
    {
      "cls": 1.0,
      "top_left_x": 1102.2059326171875,
      "top_left_y": 4.1789703369140625,
      "bottom_right_x": 1142.9193115234375,
      "bottom_right_y": 41.709083557128906
    }
  ],
  "detected_translations": [
    {
      "translation_x": -2.9521820068359377,
      "translation_y": 99.7849723815918
    }
  ]
}