{
  "id": "frame_269",
  "user": "NPC-A\u0130",
  "frame": "frame_269",
  "detected_objects": [
    {
      "cls": 1.0,
      "top_left_x": 1362.6805419921875,
      "top_left_y": 921.0429077148438,
      "bottom_right_x": 1398.1805419921875,
      "bottom_right_y": 957.3347778320312
    }
  ],
  "detected_translations": [
    {
      "translation_x": -0.300927734375,
      "translation_y": 15.272644805908204
    }
  ]
}