{
  "id": "frame_2408",
  "user": "NPC-AI",
  "frame": "frame_2408",
  "detected_objects": [
    {
      "cls": 1,
      "landing_status": -1,
      "top_left_x": 230.63137817382812,
      "top_left_y": 40.80564880371094,
      "bottom_right_x": 262.28399658203125,
      "bottom_right_y": 63.74658203125
    },
    {
      "cls": 1,
      "landing_status": -1,
      "top_left_x": 122.05892944335938,
      "top_left_y": 447.2458190917969,
      "bottom_right_x": 164.92391967773438,
      "bottom_right_y": 469.6755676269531
    },
    {
      "cls": 1,
      "landing_status": -1,
      "top_left_x": 274.31341552734375,
      "top_left_y": 539.3046875,
      "bottom_right_x": 306.23724365234375,
      "bottom_right_y": 573.4254150390625
    }
  ],
  "detected_translations": [
    {
      "translation_x": -34.73276710510254,
      "translation_y": -14.220813751220703
    }
  ]
}