{
  "id": "frame_3318",
  "user": "NPC-AI",
  "frame": "frame_3318",
  "detected_objects": [
    {
      "cls": 1,
      "landing_status": -1,
      "top_left_x": 719.766357421875,
      "top_left_y": 282.759765625,
      "bottom_right_x": 756.165283203125,
      "bottom_right_y": 312.88116455078125
    }
  ],
  "detected_translations": [
    {
      "translation_x": 31.34407157897949,
      "translation_y": -36.489942169189455
    }
  ]
}