{
  "id": "frame_0535",
  "user": "NPC-AI",
  "frame": "frame_0535",
  "detected_objects": [
    {
      "cls": 2,
      "landing_status": 1,
      "top_left_x": 656.5501708984375,
      "top_left_y": 58.23617935180664,
      "bottom_right_x": 786.7989501953125,
      "bottom_right_y": 165.46414184570312
    },
    {
      "cls": 1,
      "landing_status": -1,
      "top_left_x": 1164.1236572265625,
      "top_left_y": 203.95819091796875,
      "bottom_right_x": 1197.4254150390625,
      "bottom_right_y": 244.84832763671875
    },
    {
      "cls": 1,
      "landing_status": -1,
      "top_left_x": 1848.24169921875,
      "top_left_y": 722.6435546875,
      "bottom_right_x": 1891.38671875,
      "bottom_right_y": 753.640380859375
    }
  ],
  "detected_translations": [
    {
      "translation_x": -0.6748260498046875,
      "translation_y": 2.610340118408203
    }
  ]
}