{
  "id": "frame_2421",
  "user": "NPC-A\u0130",
  "frame": "frame_2421",
  "detected_objects": [
    {
      "cls": 1.0,
      "top_left_x": 424.63897705078125,
      "top_left_y": 580.6976318359375,
      "bottom_right_x": 452.29302978515625,
      "bottom_right_y": 609.0240478515625
    },
    {
      "cls": 1.0,
      "top_left_x": 245.97445678710938,
      "top_left_y": 457.7551574707031,
      "bottom_right_x": 293.3661804199219,
      "bottom_right_y": 486.2231750488281
    },
    {
      "cls": 1.0,
      "top_left_x": 38.79826354980469,
      "top_left_y": 644.981201171875,
      "bottom_right_x": 77.9732666015625,
      "bottom_right_y": 662.7071533203125
    }
  ],
  "detected_translations": [
    {
      "translation_x": -38.32152137756348,
      "translation_y": -13.936776733398437
    }
  ]
}