{
  "id": "frame_249",
  "user": "NPC-A\u0130",
  "frame": "frame_249",
  "detected_objects": [
    {
      "cls": 1.0,
      "top_left_x": 1360.32958984375,
      "top_left_y": 849.349609375,
      "bottom_right_x": 1395.579345703125,
      "bottom_right_y": 883.685302734375
    }
  ],
  "detected_translations": [
    {
      "translation_x": -0.9152099609375,
      "translation_y": 13.892387390136719
    }
  ]
}