{
  "id": "frame_2364",
  "user": "NPC-AI",
  "frame": "frame_2364",
  "detected_objects": [
    {
      "cls": 1,
      "landing_status": -1,
      "top_left_x": 541.8190307617188,
      "top_left_y": 211.67800903320312,
      "bottom_right_x": 572.6980590820312,
      "bottom_right_y": 240.04476928710938
    }
  ],
  "detected_translations": [
    {
      "translation_x": -22.974808120727538,
      "translation_y": -14.274283599853515
    }
  ]
}