{
  "id": "frame_206",
  "user": "NPC-A\u0130",
  "frame": "frame_206",
  "detected_objects": [
    {
      "cls": 1.0,
      "top_left_x": 1351.005126953125,
      "top_left_y": 696.4536743164062,
      "bottom_right_x": 1388.280029296875,
      "bottom_right_y": 726.1338500976562
    }
  ],
  "detected_translations": [
    {
      "translation_x": -0.2958587646484375,
      "translation_y": 10.358958435058593
    }
  ]
}