{
  "id": "frame_1332",
  "user": "NPC-A\u0130",
  "frame": "frame_1332",
  "detected_objects": [
    {
      "cls": 1.0,
      "top_left_x": 1165.4287109375,
      "top_left_y": 503.6160888671875,
      "bottom_right_x": 1194.6640625,
      "bottom_right_y": 530.6856689453125
    }
  ],
  "detected_translations": [
    {
      "translation_x": 78.78242378234863,
      "translation_y": 27.060382843017578
    }
  ]
}