{
  "id": "frame_1379",
  "user": "NPC-A\u0130",
  "frame": "frame_1379",
  "detected_objects": [
    {
      "cls": 1.0,
      "top_left_x": 1180.8616943359375,
      "top_left_y": 700.7742919921875,
      "bottom_right_x": 1209.1024169921875,
      "bottom_right_y": 736.4364013671875
    },
    {
      "cls": 1.0,
      "top_left_x": 1230.6416015625,
      "top_left_y": 716.5131225585938,
      "bottom_right_x": 1256.38916015625,
      "bottom_right_y": 757.2529907226562
    }
  ],
  "detected_translations": [
    {
      "translation_x": 78.78346900939941,
      "translation_y": 11.32645034790039
    }
  ]
}