{
  "id": "frame_2692",
  "user": "NPC-A\u0130",
  "frame": "frame_2692",
  "detected_objects": [
    {
      "cls": 1.0,
      "top_left_x": 1870.04541015625,
      "top_left_y": 103.99897766113281,
      "bottom_right_x": 1919.953125,
      "bottom_right_y": 141.8695831298828
    }
  ],
  "detected_translations": [
    {
      "translation_x": -76.81934242248535,
      "translation_y": -30.07730712890625
    }
  ]
}