{
  "id": "frame_3287",
  "user": "NPC-AI",
  "frame": "frame_3287",
  "detected_objects": [
    {
      "cls": 1,
      "landing_status": -1,
      "top_left_x": 1154.969482421875,
      "top_left_y": 207.2321014404297,
      "bottom_right_x": 1188.871337890625,
      "bottom_right_y": 242.5365447998047
    }
  ],
  "detected_translations": [
    {
      "translation_x": 21.23745231628418,
      "translation_y": -36.71402282714844
    }
  ]
}