{
  "id": "frame_28",
  "user": "NPC-AI",
  "frame": "frame_28",
  "detected_objects": [
    {
      "cls": 1,
      "landing_status": -1,
      "top_left_x": 1284.1085205078125,
      "top_left_y": 203.45880126953125,
      "bottom_right_x": 1316.6561279296875,
      "bottom_right_y": 236.95449829101562
    }
  ],
  "detected_translations": [
    {
      "translation_x": 0.0201904296875,
      "translation_y": 0.05739288330078125
    }
  ]
}