{
  "id": "frame_2091",
  "user": "NPC-AI",
  "frame": "frame_2091",
  "detected_objects": [
    {
      "cls": 1,
      "landing_status": -1,
      "top_left_x": 1800.309326171875,
      "top_left_y": 74.38589477539062,
      "bottom_right_x": 1856.031494140625,
      "bottom_right_y": 117.9964599609375
    }
  ],
  "detected_translations": [
    {
      "translation_x": -0.8489002227783203,
      "translation_y": -40.777147674560545
    }
  ]
}