{
  "id": "frame_2661",
  "user": "NPC-A\u0130",
  "frame": "frame_2661",
  "detected_objects": [
    {
      "cls": 1.0,
      "top_left_x": 900.8939819335938,
      "top_left_y": 183.51004028320312,
      "bottom_right_x": 932.8497924804688,
      "bottom_right_y": 206.19308471679688
    },
    {
      "cls": 1.0,
      "top_left_x": 1815.5340576171875,
      "top_left_y": 264.5491027832031,
      "bottom_right_x": 1863.8184814453125,
      "bottom_right_y": 295.4910583496094
    },
    {
      "cls": 1.0,
      "top_left_x": 1166.489013671875,
      "top_left_y": 40.14478302001953,
      "bottom_right_x": 1193.809814453125,
      "bottom_right_y": 73.73882293701172
    },
    {
      "cls": 1.0,
      "top_left_x": 889.4625854492188,
      "top_left_y": 60.068153381347656,
      "bottom_right_x": 917.6851196289062,
      "bottom_right_y": 85.75566864013672
    }
  ],
  "detected_translations": [
    {
      "translation_x": -76.35078468322754,
      "translation_y": -26.079095458984376
    }
  ]
}