{
  "id": "frame_584",
  "user": "NPC-AI",
  "frame": "frame_584",
  "detected_objects": [
    {
      "cls": 0,
      "landing_status": -1,
      "top_left_x": 1767.859619140625,
      "top_left_y": 750.9051513671875,
      "bottom_right_x": 1920.0,
      "bottom_right_y": 835.1409912109375
    }
  ],
  "detected_translations": [
    {
      "translation_x": -1.9787704467773437,
      "translation_y": 77.7121810913086
    }
  ]
}