{
  "id": "frame_1455",
  "user": "NPC-A\u0130",
  "frame": "frame_1455",
  "detected_objects": [
    {
      "cls": 1.0,
      "top_left_x": 421.47802734375,
      "top_left_y": 441.9591369628906,
      "bottom_right_x": 458.55755615234375,
      "bottom_right_y": 467.5433044433594
    }
  ],
  "detected_translations": [
    {
      "translation_x": 77.88101997375489,
      "translation_y": -18.205043029785156
    }
  ]
}