{
  "id": "frame_57",
  "user": "NPC-A\u0130",
  "frame": "frame_57",
  "detected_objects": [
    {
      "cls": 1.0,
      "top_left_x": 1297.25439453125,
      "top_left_y": 209.78961181640625,
      "bottom_right_x": 1330.617919921875,
      "bottom_right_y": 245.08172607421875
    },
    {
      "cls": 1.0,
      "top_left_x": 1693.45458984375,
      "top_left_y": 753.20361328125,
      "bottom_right_x": 1736.7275390625,
      "bottom_right_y": 796.86962890625
    },
    {
      "cls": 1.0,
      "top_left_x": 1716.6181640625,
      "top_left_y": 785.823486328125,
      "bottom_right_x": 1744.425048828125,
      "bottom_right_y": 798.7490234375
    }
  ],
  "detected_translations": [
    {
      "translation_x": 0.118841552734375,
      "translation_y": 0.43757781982421873
    }
  ]
}