{
  "id": "frame_1308",
  "user": "NPC-AI",
  "frame": "frame_1308",
  "detected_objects": [
    {
      "cls": 1,
      "landing_status": -1,
      "top_left_x": 1657.2958984375,
      "top_left_y": 288.07623291015625,
      "bottom_right_x": 1700.462646484375,
      "bottom_right_y": 318.053955078125
    },
    {
      "cls": 1,
      "landing_status": -1,
      "top_left_x": 1122.36181640625,
      "top_left_y": 878.325927734375,
      "bottom_right_x": 1145.962646484375,
      "bottom_right_y": 907.929931640625
    }
  ],
  "detected_translations": [
    {
      "translation_x": 79.16704902648925,
      "translation_y": 35.08901443481445
    }
  ]
}