{
  "id": "frame_1355",
  "user": "NPC-AI",
  "frame": "frame_1355",
  "detected_objects": [
    {
      "cls": 1,
      "landing_status": -1,
      "top_left_x": 1182.5887451171875,
      "top_left_y": 121.3162612915039,
      "bottom_right_x": 1213.4383544921875,
      "bottom_right_y": 167.59231567382812
    },
    {
      "cls": 1,
      "landing_status": -1,
      "top_left_x": 1150.562255859375,
      "top_left_y": 137.83721923828125,
      "bottom_right_x": 1179.254638671875,
      "bottom_right_y": 172.68585205078125
    },
    {
      "cls": 0,
      "landing_status": -1,
      "top_left_x": 882.664306640625,
      "top_left_y": 866.334228515625,
      "bottom_right_x": 911.341064453125,
      "bottom_right_y": 949.531494140625
    }
  ],
  "detected_translations": [
    {
      "translation_x": 79.37577095031739,
      "translation_y": 19.218350982666017
    }
  ]
}