{
  "id": "frame_3304",
  "user": "NPC-A\u0130",
  "frame": "frame_3304",
  "detected_objects": [
    {
      "cls": 1.0,
      "top_left_x": 891.3475341796875,
      "top_left_y": 251.23802185058594,
      "bottom_right_x": 927.5882568359375,
      "bottom_right_y": 287.225341796875
    }
  ],
  "detected_translations": [
    {
      "translation_x": 27.549067306518555,
      "translation_y": -36.343408203125
    }
  ]
}