{
  "id": "frame_921",
  "user": "NPC-AI",
  "frame": "frame_921",
  "detected_objects": [
    {
      "cls": 0,
      "landing_status": -1,
      "top_left_x": 382.28192138671875,
      "top_left_y": 2.7188262939453125,
      "bottom_right_x": 477.69049072265625,
      "bottom_right_y": 183.16506958007812
    },
    {
      "cls": 1,
      "landing_status": -1,
      "top_left_x": 702.1162109375,
      "top_left_y": 255.6920166015625,
      "bottom_right_x": 731.5283203125,
      "bottom_right_y": 290.667724609375
    }
  ],
  "detected_translations": [
    {
      "translation_x": 37.763404846191406,
      "translation_y": 116.20208129882812
    }
  ]
}