{
  "id": "frame_753",
  "user": "NPC-A\u0130",
  "frame": "frame_753",
  "detected_objects": [
    {
      "cls": 1.0,
      "top_left_x": 544.5205688476562,
      "top_left_y": 33.702308654785156,
      "bottom_right_x": 587.1155395507812,
      "bottom_right_y": 64.89385223388672
    },
    {
      "cls": 1.0,
      "top_left_x": 953.1248779296875,
      "top_left_y": 456.1171569824219,
      "bottom_right_x": 985.8519287109375,
      "bottom_right_y": 482.9242248535156
    }
  ],
  "detected_translations": [
    {
      "translation_x": -2.0330230712890627,
      "translation_y": 111.61238555908203
    }
  ]
}