{
  "id": "frame_127",
  "user": "NPC-A\u0130",
  "frame": "frame_127",
  "detected_objects": [
    {
      "cls": 1.0,
      "top_left_x": 1329.13818359375,
      "top_left_y": 368.05865478515625,
      "bottom_right_x": 1365.92626953125,
      "bottom_right_y": 398.52154541015625
    }
  ],
  "detected_translations": [
    {
      "translation_x": 0.4861419677734375,
      "translation_y": 3.472577667236328
    }
  ]
}