{
  "id": "frame_161",
  "user": "NPC-A\u0130",
  "frame": "frame_161",
  "detected_objects": [
    {
      "cls": 1.0,
      "top_left_x": 1339.7327880859375,
      "top_left_y": 512.4273681640625,
      "bottom_right_x": 1377.6370849609375,
      "bottom_right_y": 542.1588134765625
    }
  ],
  "detected_translations": [
    {
      "translation_x": -0.1206878662109375,
      "translation_y": 6.707225799560547
    }
  ]
}