{
  "id": "frame_719",
  "user": "NPC-A\u0130",
  "frame": "frame_719",
  "detected_objects": [
    {
      "cls": 1.0,
      "top_left_x": 1032.853515625,
      "top_left_y": 352.61468505859375,
      "bottom_right_x": 1056.79248046875,
      "bottom_right_y": 379.78057861328125
    },
    {
      "cls": 1.0,
      "top_left_x": 926.6543579101562,
      "top_left_y": 339.8045654296875,
      "bottom_right_x": 951.7448120117188,
      "bottom_right_y": 369.254150390625
    }
  ],
  "detected_translations": [
    {
      "translation_x": -3.247021484375,
      "translation_y": 109.01056365966797
    }
  ]
}