{
  "id": "frame_704",
  "user": "NPC-AI",
  "frame": "frame_704",
  "detected_objects": [
    {
      "cls": 1,
      "landing_status": -1,
      "top_left_x": 1058.8641357421875,
      "top_left_y": 256.0219421386719,
      "bottom_right_x": 1084.2574462890625,
      "bottom_right_y": 285.7919006347656
    },
    {
      "cls": 1,
      "landing_status": -1,
      "top_left_x": 955.4060668945312,
      "top_left_y": 246.81277465820312,
      "bottom_right_x": 979.6400756835938,
      "bottom_right_y": 277.4518127441406
    },
    {
      "cls": 1,
      "landing_status": -1,
      "top_left_x": 961.3583984375,
      "top_left_y": 279.4652099609375,
      "bottom_right_x": 983.297607421875,
      "bottom_right_y": 305.56463623046875
    }
  ],
  "detected_translations": [
    {
      "translation_x": -2.993914794921875,
      "translation_y": 106.71087951660157
    }
  ]
}