{
  "id": "frame_3281",
  "user": "NPC-AI",
  "frame": "frame_3281",
  "detected_objects": [
    {
      "cls": 1,
      "landing_status": -1,
      "top_left_x": 1246.109130859375,
      "top_left_y": 189.69577026367188,
      "bottom_right_x": 1284.541748046875,
      "bottom_right_y": 234.27615356445312
    }
  ],
  "detected_translations": [
    {
      "translation_x": 18.810479354858398,
      "translation_y": -36.82064666748047
    }
  ]
}