{
  "id": "frame_1130",
  "user": "NPC-AI",
  "frame": "frame_1130",
  "detected_objects": [
    {
      "cls": 0,
      "landing_status": -1,
      "top_left_x": 322.1407775878906,
      "top_left_y": 170.40318298339844,
      "bottom_right_x": 418.3440856933594,
      "bottom_right_y": 398.568603515625
    }
  ],
  "detected_translations": [
    {
      "translation_x": 81.93641662597656,
      "translation_y": 101.0694580078125
    }
  ]
}