{
  "id": "frame_1025",
  "user": "NPC-A\u0130",
  "frame": "frame_1025",
  "detected_objects": [
    {
      "cls": 0.0,
      "top_left_x": 550.4916381835938,
      "top_left_y": 823.1939697265625,
      "bottom_right_x": 656.2090454101562,
      "bottom_right_y": 1061.6219482421875
    },
    {
      "cls": 1.0,
      "top_left_x": 1195.722412109375,
      "top_left_y": 354.0555114746094,
      "bottom_right_x": 1247.446533203125,
      "bottom_right_y": 386.6265563964844
    },
    {
      "cls": 1.0,
      "top_left_x": 1204.77001953125,
      "top_left_y": 830.9266357421875,
      "bottom_right_x": 1253.3544921875,
      "bottom_right_y": 867.5638427734375
    },
    {
      "cls": 1.0,
      "top_left_x": 1103.167236328125,
      "top_left_y": 341.9541015625,
      "bottom_right_x": 1139.298095703125,
      "bottom_right_y": 374.4482421875
    }
  ],
  "detected_translations": [
    {
      "translation_x": 75.48256072998046,
      "translation_y": 117.72911987304687
    }
  ]
}