{
  "id": "frame_2015",
  "user": "NPC-AI",
  "frame": "frame_2015",
  "detected_objects": [
    {
      "cls": 0,
      "landing_status": -1,
      "top_left_x": 18.1646728515625,
      "top_left_y": 960.2879638671875,
      "bottom_right_x": 215.8935546875,
      "bottom_right_y": 1047.8831787109375
    },
    {
      "cls": 0,
      "landing_status": -1,
      "top_left_x": 879.0499267578125,
      "top_left_y": 988.6552734375,
      "bottom_right_x": 1095.6522216796875,
      "bottom_right_y": 1078.93896484375
    }
  ],
  "detected_translations": [
    {
      "translation_x": -1.271817398071289,
      "translation_y": -56.94903793334961
    }
  ]
}