{
  "id": "frame_72",
  "user": "NPC-AI",
  "frame": "frame_72",
  "detected_objects": [
    {
      "cls": 1,
      "landing_status": -1,
      "top_left_x": 1304.9664306640625,
      "top_left_y": 216.06124877929688,
      "bottom_right_x": 1338.6260986328125,
      "bottom_right_y": 248.93783569335938
    }
  ],
  "detected_translations": [
    {
      "translation_x": 0.353131103515625,
      "translation_y": 0.5285232543945313
    }
  ]
}