{
  "id": "frame_727",
  "user": "NPC-AI",
  "frame": "frame_727",
  "detected_objects": [
    {
      "cls": 1,
      "landing_status": -1,
      "top_left_x": 1012.48828125,
      "top_left_y": 387.13995361328125,
      "bottom_right_x": 1047.5703125,
      "bottom_right_y": 413.0792236328125
    },
    {
      "cls": 1,
      "landing_status": -1,
      "top_left_x": 909.5271606445312,
      "top_left_y": 373.6927185058594,
      "bottom_right_x": 944.5983276367188,
      "bottom_right_y": 401.3923645019531
    },
    {
      "cls": 1,
      "landing_status": -1,
      "top_left_x": 915.9615478515625,
      "top_left_y": 404.90301513671875,
      "bottom_right_x": 953.2078857421875,
      "bottom_right_y": 430.85321044921875
    }
  ],
  "detected_translations": [
    {
      "translation_x": -2.6537261962890626,
      "translation_y": 109.73617553710938
    }
  ]
}