{
  "id": "frame_3303",
  "user": "NPC-AI",
  "frame": "frame_3303",
  "detected_objects": [
    {
      "cls": 1,
      "landing_status": -1,
      "top_left_x": 907.7755126953125,
      "top_left_y": 248.7561798095703,
      "bottom_right_x": 942.7686767578125,
      "bottom_right_y": 280.75665283203125
    }
  ],
  "detected_translations": [
    {
      "translation_x": 27.194485092163085,
      "translation_y": -36.3699234008789
    }
  ]
}