{
  "id": "frame_191",
  "user": "NPC-AI",
  "frame": "frame_191",
  "detected_objects": [
    {
      "cls": 1,
      "landing_status": -1,
      "top_left_x": 1347.8289794921875,
      "top_left_y": 637.0582885742188,
      "bottom_right_x": 1384.7698974609375,
      "bottom_right_y": 666.7291870117188
    }
  ],
  "detected_translations": [
    {
      "translation_x": 0.2758819580078125,
      "translation_y": 9.222304534912109
    }
  ]
}