{
  "id": "frame_1337",
  "user": "NPC-AI",
  "frame": "frame_1337",
  "detected_objects": [
    {
      "cls": 1,
      "landing_status": -1,
      "top_left_x": 1170.369140625,
      "top_left_y": 418.54974365234375,
      "bottom_right_x": 1199.66943359375,
      "bottom_right_y": 450.14874267578125
    },
    {
      "cls": 1,
      "landing_status": -1,
      "top_left_x": 1144.7254638671875,
      "top_left_y": 427.3087158203125,
      "bottom_right_x": 1169.2281494140625,
      "bottom_right_y": 448.8809814453125
    }
  ],
  "detected_translations": [
    {
      "translation_x": 78.69732551574707,
      "translation_y": 25.43391342163086
    }
  ]
}