{
  "id": "frame_2594",
  "user": "NPC-A\u0130",
  "frame": "frame_2594",
  "detected_objects": [
    {
      "cls": 1.0,
      "top_left_x": 1703.9603271484375,
      "top_left_y": 622.9490356445312,
      "bottom_right_x": 1752.1663818359375,
      "bottom_right_y": 647.4613647460938
    },
    {
      "cls": 1.0,
      "top_left_x": 884.9520263671875,
      "top_left_y": 322.9134521484375,
      "bottom_right_x": 910.8594970703125,
      "bottom_right_y": 348.10809326171875
    },
    {
      "cls": 1.0,
      "top_left_x": 785.230224609375,
      "top_left_y": 439.52130126953125,
      "bottom_right_x": 825.169189453125,
      "bottom_right_y": 458.04119873046875
    }
  ],
  "detected_translations": [
    {
      "translation_x": -69.90715217590332,
      "translation_y": -17.77828903198242
    }
  ]
}