{
  "id": "frame_1338",
  "user": "NPC-A\u0130",
  "frame": "frame_1338",
  "detected_objects": [
    {
      "cls": 1.0,
      "top_left_x": 1171.007080078125,
      "top_left_y": 399.23809814453125,
      "bottom_right_x": 1200.437744140625,
      "bottom_right_y": 436.30548095703125
    }
  ],
  "detected_translations": [
    {
      "translation_x": 78.66419410705566,
      "translation_y": 25.009696197509765
    }
  ]
}