{
  "id": "frame_1032",
  "user": "NPC-A\u0130",
  "frame": "frame_1032",
  "detected_objects": [
    {
      "cls": 0.0,
      "top_left_x": 499.0309753417969,
      "top_left_y": 816.0677490234375,
      "bottom_right_x": 604.186279296875,
      "bottom_right_y": 1048.68212890625
    },
    {
      "cls": 1.0,
      "top_left_x": 1169.394287109375,
      "top_left_y": 823.4339599609375,
      "bottom_right_x": 1208.1708984375,
      "bottom_right_y": 858.9705810546875
    },
    {
      "cls": 1.0,
      "top_left_x": 1056.134033203125,
      "top_left_y": 334.377685546875,
      "bottom_right_x": 1105.408447265625,
      "bottom_right_y": 365.722900390625
    },
    {
      "cls": 1.0,
      "top_left_x": 1832.456787109375,
      "top_left_y": 833.1537475585938,
      "bottom_right_x": 1913.637451171875,
      "bottom_right_y": 867.1924438476562
    }
  ],
  "detected_translations": [
    {
      "translation_x": 76.82656402587891,
      "translation_y": 117.55579223632813
    }
  ]
}