{
  "id": "frame_782",
  "user": "NPC-A\u0130",
  "frame": "frame_782",
  "detected_objects": [
    {
      "cls": 1.0,
      "top_left_x": 812.9526977539062,
      "top_left_y": 512.048583984375,
      "bottom_right_x": 844.4457397460938,
      "bottom_right_y": 538.73779296875
    },
    {
      "cls": 0.0,
      "top_left_x": 1865.7451171875,
      "top_left_y": 929.6475830078125,
      "bottom_right_x": 1920.0,
      "bottom_right_y": 1079.9385986328125
    },
    {
      "cls": 1.0,
      "top_left_x": 676.9063720703125,
      "top_left_y": 487.50970458984375,
      "bottom_right_x": 722.8016357421875,
      "bottom_right_y": 517.057861328125
    },
    {
      "cls": 1.0,
      "top_left_x": 497.1218566894531,
      "top_left_y": 87.5362548828125,
      "bottom_right_x": 541.425537109375,
      "bottom_right_y": 116.81121826171875
    }
  ],
  "detected_translations": [
    {
      "translation_x": 0.109442138671875,
      "translation_y": 113.33165435791015
    }
  ]
}