{
  "id": "frame_21",
  "user": "NPC-A\u0130",
  "frame": "frame_21",
  "detected_objects": [
    {
      "cls": 1.0,
      "top_left_x": 1685.01416015625,
      "top_left_y": 663.60693359375,
      "bottom_right_x": 1727.9892578125,
      "bottom_right_y": 708.638916015625
    },
    {
      "cls": 1.0,
      "top_left_x": 1281.044677734375,
      "top_left_y": 202.96051025390625,
      "bottom_right_x": 1313.831298828125,
      "bottom_right_y": 234.82162475585938
    },
    {
      "cls": 1.0,
      "top_left_x": 1710.00732421875,
      "top_left_y": 691.0406494140625,
      "bottom_right_x": 1734.99755859375,
      "bottom_right_y": 710.728515625
    },
    {
      "cls": 1.0,
      "top_left_x": 1704.77734375,
      "top_left_y": 668.3048095703125,
      "bottom_right_x": 1735.8232421875,
      "bottom_right_y": 710.445556640625
    }
  ],
  "detected_translations": [
    {
      "translation_x": -0.0013031005859375,
      "translation_y": 0.068505859375
    }
  ]
}