{
  "id": "frame_1392",
  "user": "NPC-A\u0130",
  "frame": "frame_1392",
  "detected_objects": [
    {
      "cls": 1.0,
      "top_left_x": 1237.18896484375,
      "top_left_y": 519.439208984375,
      "bottom_right_x": 1266.18408203125,
      "bottom_right_y": 548.7532958984375
    },
    {
      "cls": 1.0,
      "top_left_x": 1265.54052734375,
      "top_left_y": 501.88555908203125,
      "bottom_right_x": 1294.17529296875,
      "bottom_right_y": 520.2273559570312
    },
    {
      "cls": 1.0,
      "top_left_x": 1191.7408447265625,
      "top_left_y": 497.42474365234375,
      "bottom_right_x": 1221.3646240234375,
      "bottom_right_y": 528.1165161132812
    }
  ],
  "detected_translations": [
    {
      "translation_x": 78.65115852355957,
      "translation_y": 6.2971855163574215
    }
  ]
}