{
  "id": "frame_526",
  "user": "NPC-AI",
  "frame": "frame_526",
  "detected_objects": [
    {
      "cls": 0,
      "landing_status": -1,
      "top_left_x": 1781.4000244140625,
      "top_left_y": 102.93824005126953,
      "bottom_right_x": 1920.0,
      "bottom_right_y": 191.77044677734375
    }
  ],
  "detected_translations": [
    {
      "translation_x": -2.0505584716796874,
      "translation_y": 65.46490631103515
    }
  ]
}