{
  "id": "frame_37",
  "user": "NPC-AI",
  "frame": "frame_37",
  "detected_objects": [
    {
      "cls": 1,
      "landing_status": -1,
      "top_left_x": 1289.0196533203125,
      "top_left_y": 206.15829467773438,
      "bottom_right_x": 1321.1099853515625,
      "bottom_right_y": 239.11209106445312
    }
  ],
  "detected_translations": [
    {
      "translation_x": 0.0484130859375,
      "translation_y": 0.34317626953125
    }
  ]
}