{
  "id": "frame_45",
  "user": "NPC-A\u0130",
  "frame": "frame_45",
  "detected_objects": [
    {
      "cls": 1.0,
      "top_left_x": 1291.593017578125,
      "top_left_y": 210.14100646972656,
      "bottom_right_x": 1324.835205078125,
      "bottom_right_y": 241.91624450683594
    },
    {
      "cls": 1.0,
      "top_left_x": 1713.953857421875,
      "top_left_y": 754.3838500976562,
      "bottom_right_x": 1738.717529296875,
      "bottom_right_y": 768.9817504882812
    }
  ],
  "detected_translations": [
    {
      "translation_x": -0.0136016845703125,
      "translation_y": 0.5198333740234375
    }
  ]
}