{
  "id": "frame_2660",
  "user": "NPC-A\u0130",
  "frame": "frame_2660",
  "detected_objects": [
    {
      "cls": 1.0,
      "top_left_x": 880.3071899414062,
      "top_left_y": 65.81375122070312,
      "bottom_right_x": 909.6647338867188,
      "bottom_right_y": 92.73741149902344
    },
    {
      "cls": 1.0,
      "top_left_x": 1165.9091796875,
      "top_left_y": 44.839420318603516,
      "bottom_right_x": 1193.0341796875,
      "bottom_right_y": 75.62185668945312
    },
    {
      "cls": 1.0,
      "top_left_x": 897.532470703125,
      "top_left_y": 187.87100219726562,
      "bottom_right_x": 922.2286376953125,
      "bottom_right_y": 208.97781372070312
    },
    {
      "cls": 1.0,
      "top_left_x": 1813.548583984375,
      "top_left_y": 272.06536865234375,
      "bottom_right_x": 1861.982177734375,
      "bottom_right_y": 300.75616455078125
    }
  ],
  "detected_translations": [
    {
      "translation_x": -76.5248249053955,
      "translation_y": -25.88988342285156
    }
  ]
}