{
  "id": "frame_3278",
  "user": "NPC-A\u0130",
  "frame": "frame_3278",
  "detected_objects": [
    {
      "cls": 1.0,
      "top_left_x": 1292.505859375,
      "top_left_y": 180.8259735107422,
      "bottom_right_x": 1332.05810546875,
      "bottom_right_y": 221.38685607910156
    }
  ],
  "detected_translations": [
    {
      "translation_x": 17.774978256225587,
      "translation_y": -36.837826538085935
    }
  ]
}