{
  "id": "frame_237",
  "user": "NPC-AI",
  "frame": "frame_237",
  "detected_objects": [
    {
      "cls": 1,
      "landing_status": -1,
      "top_left_x": 1357.7459716796875,
      "top_left_y": 807.533447265625,
      "bottom_right_x": 1393.7081298828125,
      "bottom_right_y": 841.390625
    }
  ],
  "detected_translations": [
    {
      "translation_x": -0.859173583984375,
      "translation_y": 12.680569458007813
    }
  ]
}