{
  "id": "frame_686",
  "user": "NPC-AI",
  "frame": "frame_686",
  "detected_objects": [
    {
      "cls": 1,
      "landing_status": -1,
      "top_left_x": 1097.239990234375,
      "top_left_y": 96.81658935546875,
      "bottom_right_x": 1122.640380859375,
      "bottom_right_y": 129.8382568359375
    },
    {
      "cls": 1,
      "landing_status": -1,
      "top_left_x": 995.8511962890625,
      "top_left_y": 89.82987213134766,
      "bottom_right_x": 1020.5697021484375,
      "bottom_right_y": 123.9637680053711
    },
    {
      "cls": 1,
      "landing_status": -1,
      "top_left_x": 1000.3381958007812,
      "top_left_y": 122.14936065673828,
      "bottom_right_x": 1023.3302612304688,
      "bottom_right_y": 151.61138916015625
    }
  ],
  "detected_translations": [
    {
      "translation_x": -3.6637054443359376,
      "translation_y": 102.42361450195312
    }
  ]
}