{
  "id": "frame_102",
  "user": "NPC-A\u0130",
  "frame": "frame_102",
  "detected_objects": [
    {
      "cls": 1.0,
      "top_left_x": 1728.195556640625,
      "top_left_y": 943.7977294921875,
      "bottom_right_x": 1767.994873046875,
      "bottom_right_y": 965.703125
    }
  ],
  "detected_translations": [
    {
      "translation_x": 0.2719696044921875,
      "translation_y": 1.2653701782226563
    }
  ]
}