{
  "id": "frame_244",
  "user": "NPC-A\u0130",
  "frame": "frame_244",
  "detected_objects": [
    {
      "cls": 1.0,
      "top_left_x": 1359.1934814453125,
      "top_left_y": 833.0778198242188,
      "bottom_right_x": 1394.6026611328125,
      "bottom_right_y": 865.6582641601562
    }
  ],
  "detected_translations": [
    {
      "translation_x": -0.8029052734375,
      "translation_y": 13.359973907470703
    }
  ]
}