{
  "id": "frame_576",
  "user": "NPC-A\u0130",
  "frame": "frame_576",
  "detected_objects": [
    {
      "cls": 0.0,
      "top_left_x": 1770.96630859375,
      "top_left_y": 661.7913818359375,
      "bottom_right_x": 1920.0,
      "bottom_right_y": 750.5621337890625
    }
  ],
  "detected_translations": [
    {
      "translation_x": -1.588800048828125,
      "translation_y": 75.78885192871094
    }
  ]
}