{
  "id": "frame_928",
  "user": "NPC-AI",
  "frame": "frame_928",
  "detected_objects": [
    {
      "cls": 0,
      "landing_status": -1,
      "top_left_x": 287.19537353515625,
      "top_left_y": 8.202651977539062,
      "bottom_right_x": 386.52655029296875,
      "bottom_right_y": 188.95925903320312
    },
    {
      "cls": 1,
      "landing_status": -1,
      "top_left_x": 619.8397216796875,
      "top_left_y": 262.10137939453125,
      "bottom_right_x": 666.3131103515625,
      "bottom_right_y": 296.354736328125
    },
    {
      "cls": 1,
      "landing_status": -1,
      "top_left_x": 896.9388427734375,
      "top_left_y": 790.888427734375,
      "bottom_right_x": 930.0599365234375,
      "bottom_right_y": 841.5118408203125
    }
  ],
  "detected_translations": [
    {
      "translation_x": 40.185813903808594,
      "translation_y": 116.0390869140625
    }
  ]
}