{
  "id": "frame_1568",
  "user": "NPC-A\u0130",
  "frame": "frame_1568",
  "detected_objects": [
    {
      "cls": 3.0,
      "top_left_x": 554.577392578125,
      "top_left_y": 1047.115966796875,
      "bottom_right_x": 634.431396484375,
      "bottom_right_y": 1079.256103515625
    },
    {
      "cls": 0.0,
      "top_left_x": 433.1668701171875,
      "top_left_y": 1045.459716796875,
      "bottom_right_x": 518.4539184570312,
      "bottom_right_y": 1079.061767578125
    },
    {
      "cls": 1.0,
      "top_left_x": 558.0164794921875,
      "top_left_y": 510.3331298828125,
      "bottom_right_x": 594.0078125,
      "bottom_right_y": 537.8673095703125
    }
  ],
  "detected_translations": [
    {
      "translation_x": 78.62073020935058,
      "translation_y": -58.335348510742186
    }
  ]
}