{
  "id": "frame_157",
  "user": "NPC-AI",
  "frame": "frame_157",
  "detected_objects": [
    {
      "cls": 1,
      "landing_status": -1,
      "top_left_x": 1338.457275390625,
      "top_left_y": 495.58709716796875,
      "bottom_right_x": 1375.472900390625,
      "bottom_right_y": 524.3450317382812
    }
  ],
  "detected_translations": [
    {
      "translation_x": 0.00806884765625,
      "translation_y": 6.49652328491211
    }
  ]
}