{
  "id": "frame_2696",
  "user": "NPC-AI",
  "frame": "frame_2696",
  "detected_objects": [
    {
      "cls": 1,
      "landing_status": -1,
      "top_left_x": 1882.5487060546875,
      "top_left_y": 85.39018249511719,
      "bottom_right_x": 1920.0,
      "bottom_right_y": 120.30763244628906
    },
    {
      "cls": 1,
      "landing_status": -1,
      "top_left_x": 1054.239501953125,
      "top_left_y": 27.89361572265625,
      "bottom_right_x": 1086.431884765625,
      "bottom_right_y": 54.555809020996094
    }
  ],
  "detected_translations": [
    {
      "translation_x": -77.14124031066895,
      "translation_y": -30.457473754882812
    }
  ]
}