{
  "id": "frame_2593",
  "user": "NPC-A\u0130",
  "frame": "frame_2593",
  "detected_objects": [
    {
      "cls": 1.0,
      "top_left_x": 1702.703125,
      "top_left_y": 627.0661010742188,
      "bottom_right_x": 1750.3125,
      "bottom_right_y": 652.9329223632812
    },
    {
      "cls": 1.0,
      "top_left_x": 932.0336303710938,
      "top_left_y": 232.12860107421875,
      "bottom_right_x": 959.3661499023438,
      "bottom_right_y": 257.3590087890625
    },
    {
      "cls": 1.0,
      "top_left_x": 785.7142944335938,
      "top_left_y": 441.1393737792969,
      "bottom_right_x": 825.1766967773438,
      "bottom_right_y": 462.0859069824219
    },
    {
      "cls": 1.0,
      "top_left_x": 1057.567626953125,
      "top_left_y": 344.6173095703125,
      "bottom_right_x": 1092.29541015625,
      "bottom_right_y": 380.4312744140625
    }
  ],
  "detected_translations": [
    {
      "translation_x": -69.80364265441895,
      "translation_y": -17.68358383178711
    }
  ]
}