{
  "id": "frame_735",
  "user": "NPC-A\u0130",
  "frame": "frame_735",
  "detected_objects": [
    {
      "cls": 1.0,
      "top_left_x": 894.345947265625,
      "top_left_y": 398.73541259765625,
      "bottom_right_x": 923.59716796875,
      "bottom_right_y": 428.89862060546875
    },
    {
      "cls": 1.0,
      "top_left_x": 1005.4306640625,
      "top_left_y": 410.8884582519531,
      "bottom_right_x": 1031.79541015625,
      "bottom_right_y": 439.4835510253906
    }
  ],
  "detected_translations": [
    {
      "translation_x": -2.81400146484375,
      "translation_y": 110.51339416503906
    }
  ]
}