{
  "id": "frame_2005",
  "user": "NPC-AI",
  "frame": "frame_2005",
  "detected_objects": [
    {
      "cls": 0,
      "landing_status": -1,
      "top_left_x": 869.7294921875,
      "top_left_y": 891.7894287109375,
      "bottom_right_x": 1090.2943115234375,
      "bottom_right_y": 987.5362548828125
    },
    {
      "cls": 0,
      "landing_status": -1,
      "top_left_x": 2.24810791015625,
      "top_left_y": 861.7772827148438,
      "bottom_right_x": 206.47837829589844,
      "bottom_right_y": 949.4525756835938
    },
    {
      "cls": 1,
      "landing_status": -1,
      "top_left_x": 0.04721832275390625,
      "top_left_y": 1006.9208374023438,
      "bottom_right_x": 38.000587463378906,
      "bottom_right_y": 1080.0
    },
    {
      "cls": 0,
      "landing_status": -1,
      "top_left_x": 1881.525634765625,
      "top_left_y": 968.7772216796875,
      "bottom_right_x": 1920.0,
      "bottom_right_y": 1075.3397216796875
    }
  ],
  "detected_translations": [
    {
      "translation_x": -1.9981220245361329,
      "translation_y": -59.227751922607425
    }
  ]
}