{
  "id": "frame_2088",
  "user": "NPC-AI",
  "frame": "frame_2088",
  "detected_objects": [
    {
      "cls": 1,
      "landing_status": -1,
      "top_left_x": 1800.748779296875,
      "top_left_y": 37.999969482421875,
      "bottom_right_x": 1856.464599609375,
      "bottom_right_y": 83.82833862304688
    }
  ],
  "detected_translations": [
    {
      "translation_x": -1.140622329711914,
      "translation_y": -41.43662033081055
    }
  ]
}