{
  "id": "frame_691",
  "user": "NPC-AI",
  "frame": "frame_691",
  "detected_objects": [
    {
      "cls": 1,
      "landing_status": -1,
      "top_left_x": 1078.03662109375,
      "top_left_y": 144.50906372070312,
      "bottom_right_x": 1113.5498046875,
      "bottom_right_y": 176.5645751953125
    },
    {
      "cls": 1,
      "landing_status": -1,
      "top_left_x": 983.3814697265625,
      "top_left_y": 169.0377197265625,
      "bottom_right_x": 1013.7904052734375,
      "bottom_right_y": 198.49395751953125
    },
    {
      "cls": 1,
      "landing_status": -1,
      "top_left_x": 979.2584838867188,
      "top_left_y": 137.62088012695312,
      "bottom_right_x": 1010.3984985351562,
      "bottom_right_y": 169.96548461914062
    }
  ],
  "detected_translations": [
    {
      "translation_x": -3.24400634765625,
      "translation_y": 103.68408966064453
    }
  ]
}