{
  "id": "frame_1366",
  "user": "NPC-AI",
  "frame": "frame_1366",
  "detected_objects": [
    {
      "cls": 1,
      "landing_status": -1,
      "top_left_x": 1171.9189453125,
      "top_left_y": 908.10498046875,
      "bottom_right_x": 1199.97265625,
      "bottom_right_y": 941.57421875
    },
    {
      "cls": 0,
      "landing_status": -1,
      "top_left_x": 889.8161010742188,
      "top_left_y": 719.192626953125,
      "bottom_right_x": 920.5255737304688,
      "bottom_right_y": 804.599609375
    },
    {
      "cls": 1,
      "landing_status": -1,
      "top_left_x": 1219.249267578125,
      "top_left_y": 913.0997314453125,
      "bottom_right_x": 1248.3515625,
      "bottom_right_y": 959.6978759765625
    }
  ],
  "detected_translations": [
    {
      "translation_x": 78.86392860412597,
      "translation_y": 15.85324935913086
    }
  ]
}