{
  "id": "frame_773",
  "user": "NPC-AI",
  "frame": "frame_773",
  "detected_objects": [
    {
      "cls": 1,
      "landing_status": -1,
      "top_left_x": 514.3436279296875,
      "top_left_y": 101.94873046875,
      "bottom_right_x": 549.14208984375,
      "bottom_right_y": 133.8876953125
    },
    {
      "cls": 1,
      "landing_status": -1,
      "top_left_x": 522.7354736328125,
      "top_left_y": 73.38224792480469,
      "bottom_right_x": 557.9559326171875,
      "bottom_right_y": 101.25248718261719
    },
    {
      "cls": 1,
      "landing_status": -1,
      "top_left_x": 869.09375,
      "top_left_y": 495.183349609375,
      "bottom_right_x": 903.1162109375,
      "bottom_right_y": 520.1490478515625
    },
    {
      "cls": 1,
      "landing_status": -1,
      "top_left_x": 739.855224609375,
      "top_left_y": 474.2589416503906,
      "bottom_right_x": 772.795166015625,
      "bottom_right_y": 503.0752868652344
    }
  ],
  "detected_translations": [
    {
      "translation_x": -0.8446014404296875,
      "translation_y": 112.7763916015625
    }
  ]
}