{
  "id": "frame_2383",
  "user": "NPC-A\u0130",
  "frame": "frame_2383",
  "detected_objects": [
    {
      "cls": 1.0,
      "top_left_x": 26.82445526123047,
      "top_left_y": 502.00848388671875,
      "bottom_right_x": 75.37355041503906,
      "bottom_right_y": 522.9799194335938
    }
  ],
  "detected_translations": [
    {
      "translation_x": -27.69920082092285,
      "translation_y": -14.218169403076171
    }
  ]
}