{
  "id": "frame_20",
  "user": "NPC-AI",
  "frame": "frame_20",
  "detected_objects": [
    {
      "cls": 1,
      "landing_status": -1,
      "top_left_x": 1709.299072265625,
      "top_left_y": 686.5045166015625,
      "bottom_right_x": 1736.038330078125,
      "bottom_right_y": 707.53857421875
    },
    {
      "cls": 1,
      "landing_status": -1,
      "top_left_x": 1281.112548828125,
      "top_left_y": 202.65975952148438,
      "bottom_right_x": 1313.114990234375,
      "bottom_right_y": 234.41433715820312
    },
    {
      "cls": 1,
      "landing_status": -1,
      "top_left_x": 1684.8525390625,
      "top_left_y": 663.034423828125,
      "bottom_right_x": 1721.154296875,
      "bottom_right_y": 705.196533203125
    }
  ],
  "detected_translations": [
    {
      "translation_x": -0.1752655029296875,
      "translation_y": 0.03295745849609375
    }
  ]
}