{
  "id": "frame_141",
  "user": "NPC-AI",
  "frame": "frame_141",
  "detected_objects": [
    {
      "cls": 1,
      "landing_status": -1,
      "top_left_x": 1333.685302734375,
      "top_left_y": 427.6632995605469,
      "bottom_right_x": 1371.244873046875,
      "bottom_right_y": 457.6102600097656
    }
  ],
  "detected_translations": [
    {
      "translation_x": 0.3679962158203125,
      "translation_y": 4.9390007019042965
    }
  ]
}