{
  "id": "frame_763",
  "user": "NPC-A\u0130",
  "frame": "frame_763",
  "detected_objects": [
    {
      "cls": 1.0,
      "top_left_x": 537.9663696289062,
      "top_left_y": 54.37553405761719,
      "bottom_right_x": 578.6481323242188,
      "bottom_right_y": 83.43408203125
    }
  ],
  "detected_translations": [
    {
      "translation_x": -1.7968902587890625,
      "translation_y": 111.93657836914062
    }
  ]
}