{
  "id": "frame_1019",
  "user": "NPC-A\u0130",
  "frame": "frame_1019",
  "detected_objects": [
    {
      "cls": 0.0,
      "top_left_x": 601.6143798828125,
      "top_left_y": 825.8134765625,
      "bottom_right_x": 706.8209228515625,
      "bottom_right_y": 1058.7451171875
    },
    {
      "cls": 1.0,
      "top_left_x": 1256.694580078125,
      "top_left_y": 830.7946166992188,
      "bottom_right_x": 1300.656494140625,
      "bottom_right_y": 869.4194946289062
    },
    {
      "cls": 1.0,
      "top_left_x": 1138.29150390625,
      "top_left_y": 342.9967041015625,
      "bottom_right_x": 1179.747314453125,
      "bottom_right_y": 376.9429931640625
    },
    {
      "cls": 1.0,
      "top_left_x": 1246.37060546875,
      "top_left_y": 357.81866455078125,
      "bottom_right_x": 1292.88134765625,
      "bottom_right_y": 389.77496337890625
    }
  ],
  "detected_translations": [
    {
      "translation_x": 74.0735076904297,
      "translation_y": 117.79752197265626
    }
  ]
}