{
  "id": "frame_2698",
  "user": "NPC-A\u0130",
  "frame": "frame_2698",
  "detected_objects": [
    {
      "cls": 1.0,
      "top_left_x": 1886.869140625,
      "top_left_y": 74.15349578857422,
      "bottom_right_x": 1920.0,
      "bottom_right_y": 108.4747085571289
    }
  ],
  "detected_translations": [
    {
      "translation_x": -77.59444007873535,
      "translation_y": -30.7524658203125
    }
  ]
}