{
  "id": "frame_209",
  "user": "NPC-AI",
  "frame": "frame_209",
  "detected_objects": [
    {
      "cls": 1,
      "landing_status": -1,
      "top_left_x": 1351.73046875,
      "top_left_y": 707.3106079101562,
      "bottom_right_x": 1388.945556640625,
      "bottom_right_y": 737.6799926757812
    }
  ],
  "detected_translations": [
    {
      "translation_x": -0.368536376953125,
      "translation_y": 10.587498474121094
    }
  ]
}