{
  "id": "frame_3271",
  "user": "NPC-A\u0130",
  "frame": "frame_3271",
  "detected_objects": [
    {
      "cls": 1.0,
      "top_left_x": 1404.814697265625,
      "top_left_y": 157.80116271972656,
      "bottom_right_x": 1445.797119140625,
      "bottom_right_y": 193.5831756591797
    }
  ],
  "detected_translations": [
    {
      "translation_x": 15.506069564819336,
      "translation_y": -37.02722930908203
    }
  ]
}