{
  "id": "frame_3308",
  "user": "NPC-AI",
  "frame": "frame_3308",
  "detected_objects": [
    {
      "cls": 1,
      "landing_status": -1,
      "top_left_x": 839.0374755859375,
      "top_left_y": 260.37677001953125,
      "bottom_right_x": 871.9749755859375,
      "bottom_right_y": 303.86456298828125
    },
    {
      "cls": 1,
      "landing_status": -1,
      "top_left_x": 462.78338623046875,
      "top_left_y": 213.510498046875,
      "bottom_right_x": 502.37701416015625,
      "bottom_right_y": 241.68167114257812
    }
  ],
  "detected_translations": [
    {
      "translation_x": 28.946891403198244,
      "translation_y": -36.447669982910156
    }
  ]
}