{
  "id": "frame_3261",
  "user": "NPC-AI",
  "frame": "frame_3261",
  "detected_objects": [
    {
      "cls": 1,
      "landing_status": -1,
      "top_left_x": 1561.820556640625,
      "top_left_y": 122.47013092041016,
      "bottom_right_x": 1608.571044921875,
      "bottom_right_y": 167.87521362304688
    }
  ],
  "detected_translations": [
    {
      "translation_x": 12.336257553100586,
      "translation_y": -37.44355163574219
    }
  ]
}