{
  "id": "frame_708",
  "user": "NPC-A\u0130",
  "frame": "frame_708",
  "detected_objects": [
    {
      "cls": 1.0,
      "top_left_x": 1038.5797119140625,
      "top_left_y": 285.897705078125,
      "bottom_right_x": 1077.2852783203125,
      "bottom_right_y": 315.4022216796875
    }
  ],
  "detected_translations": [
    {
      "translation_x": -3.1212554931640626,
      "translation_y": 107.35638732910157
    }
  ]
}