{
  "id": "frame_1020",
  "user": "NPC-A\u0130",
  "frame": "frame_1020",
  "detected_objects": [
    {
      "cls": 0.0,
      "top_left_x": 592.6012573242188,
      "top_left_y": 825.6124267578125,
      "bottom_right_x": 697.6282348632812,
      "bottom_right_y": 1059.0880126953125
    },
    {
      "cls": 1.0,
      "top_left_x": 1247.6812744140625,
      "top_left_y": 831.2840576171875,
      "bottom_right_x": 1291.8272705078125,
      "bottom_right_y": 869.5098876953125
    },
    {
      "cls": 1.0,
      "top_left_x": 1236.7607421875,
      "top_left_y": 357.6883850097656,
      "bottom_right_x": 1284.9580078125,
      "bottom_right_y": 389.5127868652344
    },
    {
      "cls": 1.0,
      "top_left_x": 1133.6109619140625,
      "top_left_y": 343.42913818359375,
      "bottom_right_x": 1171.5262451171875,
      "bottom_right_y": 376.22625732421875
    }
  ],
  "detected_translations": [
    {
      "translation_x": 74.32613677978516,
      "translation_y": 117.83499298095703
    }
  ]
}