{
  "id": "frame_533",
  "user": "NPC-A\u0130",
  "frame": "frame_533",
  "detected_objects": [
    {
      "cls": 0.0,
      "top_left_x": 1780.1900634765625,
      "top_left_y": 180.77978515625,
      "bottom_right_x": 1920.0,
      "bottom_right_y": 269.9045104980469
    }
  ],
  "detected_translations": [
    {
      "translation_x": -1.9300628662109376,
      "translation_y": 66.86329956054688
    }
  ]
}