{
  "id": "frame_864",
  "user": "NPC-AI",
  "frame": "frame_864",
  "detected_objects": [
    {
      "cls": 0,
      "landing_status": -1,
      "top_left_x": 737.6670532226562,
      "top_left_y": 303.54583740234375,
      "bottom_right_x": 930.8056030273438,
      "bottom_right_y": 389.18511962890625
    },
    {
      "cls": 0,
      "landing_status": -1,
      "top_left_x": 1084.2177734375,
      "top_left_y": 0.0,
      "bottom_right_x": 1165.52001953125,
      "bottom_right_y": 142.27609252929688
    },
    {
      "cls": 0,
      "landing_status": -1,
      "top_left_x": 1155.5107421875,
      "top_left_y": 973.114990234375,
      "bottom_right_x": 1237.6767578125,
      "bottom_right_y": 1078.35400390625
    },
    {
      "cls": 1,
      "landing_status": -1,
      "top_left_x": 1274.734130859375,
      "top_left_y": 217.41781616210938,
      "bottom_right_x": 1324.989990234375,
      "bottom_right_y": 252.45135498046875
    }
  ],
  "detected_translations": [
    {
      "translation_x": 19.501522827148438,
      "translation_y": 113.91915435791016
    }
  ]
}