{
  "id": "frame_567",
  "user": "NPC-A\u0130",
  "frame": "frame_567",
  "detected_objects": [
    {
      "cls": 0.0,
      "top_left_x": 1773.6275634765625,
      "top_left_y": 563.767822265625,
      "bottom_right_x": 1920.0,
      "bottom_right_y": 648.53173828125
    }
  ],
  "detected_translations": [
    {
      "translation_x": -1.5860305786132813,
      "translation_y": 73.99827270507812
    }
  ]
}