{
  "id": "frame_204",
  "user": "NPC-A\u0130",
  "frame": "frame_204",
  "detected_objects": [
    {
      "cls": 1.0,
      "top_left_x": 1350.3720703125,
      "top_left_y": 688.6085815429688,
      "bottom_right_x": 1387.71435546875,
      "bottom_right_y": 718.3051147460938
    }
  ],
  "detected_translations": [
    {
      "translation_x": -0.214727783203125,
      "translation_y": 10.202471160888672
    }
  ]
}