{
  "id": "frame_2648",
  "user": "NPC-A\u0130",
  "frame": "frame_2648",
  "detected_objects": [
    {
      "cls": 1.0,
      "top_left_x": 1797.04443359375,
      "top_left_y": 332.02813720703125,
      "bottom_right_x": 1842.208984375,
      "bottom_right_y": 359.86846923828125
    },
    {
      "cls": 1.0,
      "top_left_x": 1150.59912109375,
      "top_left_y": 88.03949737548828,
      "bottom_right_x": 1176.01611328125,
      "bottom_right_y": 115.6377944946289
    }
  ],
  "detected_translations": [
    {
      "translation_x": -74.73064155578614,
      "translation_y": -24.473069763183595
    }
  ]
}