{
  "id": "frame_169",
  "user": "NPC-A\u0130",
  "frame": "frame_169",
  "detected_objects": [
    {
      "cls": 1.0,
      "top_left_x": 1341.9049072265625,
      "top_left_y": 547.2059326171875,
      "bottom_right_x": 1379.2027587890625,
      "bottom_right_y": 576.1593017578125
    }
  ],
  "detected_translations": [
    {
      "translation_x": 0.0242095947265625,
      "translation_y": 7.30386962890625
    }
  ]
}