{
  "id": "frame_1385",
  "user": "NPC-A\u0130",
  "frame": "frame_1385",
  "detected_objects": [
    {
      "cls": 1.0,
      "top_left_x": 1259.8203125,
      "top_left_y": 606.0574951171875,
      "bottom_right_x": 1289.99169921875,
      "bottom_right_y": 633.642333984375
    },
    {
      "cls": 1.0,
      "top_left_x": 1233.941162109375,
      "top_left_y": 624.303466796875,
      "bottom_right_x": 1260.791259765625,
      "bottom_right_y": 661.790283203125
    },
    {
      "cls": 1.0,
      "top_left_x": 1186.80517578125,
      "top_left_y": 616.4788208007812,
      "bottom_right_x": 1215.462890625,
      "bottom_right_y": 639.8030395507812
    }
  ],
  "detected_translations": [
    {
      "translation_x": 78.7937671661377,
      "translation_y": 8.92525863647461
    }
  ]
}