{
  "id": "frame_2009",
  "user": "NPC-A\u0130",
  "frame": "frame_2009",
  "detected_objects": [
    {
      "cls": 0.0,
      "top_left_x": 1883.5467529296875,
      "top_left_y": 1011.0635986328125,
      "bottom_right_x": 1920.0,
      "bottom_right_y": 1080.0
    }
  ],
  "detected_translations": [
    {
      "translation_x": -2.004538345336914,
      "translation_y": -58.196353912353516
    }
  ]
}