{
  "id": "frame_1410",
  "user": "NPC-AI",
  "frame": "frame_1410",
  "detected_objects": [
    {
      "cls": 1,
      "landing_status": -1,
      "top_left_x": 1278.6519775390625,
      "top_left_y": 200.19338989257812,
      "bottom_right_x": 1311.0733642578125,
      "bottom_right_y": 235.10971069335938
    },
    {
      "cls": 1,
      "landing_status": -1,
      "top_left_x": 1209.0968017578125,
      "top_left_y": 205.27220153808594,
      "bottom_right_x": 1235.4637451171875,
      "bottom_right_y": 240.40626525878906
    },
    {
      "cls": 1,
      "landing_status": -1,
      "top_left_x": 1245.859619140625,
      "top_left_y": 221.9788818359375,
      "bottom_right_x": 1278.926025390625,
      "bottom_right_y": 254.88534545898438
    },
    {
      "cls": 0,
      "landing_status": -1,
      "top_left_x": 922.7222900390625,
      "top_left_y": 106.69664001464844,
      "bottom_right_x": 951.3389892578125,
      "bottom_right_y": 195.6519012451172
    }
  ],
  "detected_translations": [
    {
      "translation_x": 78.19184303283691,
      "translation_y": -0.8634590148925781
    }
  ]
}