{
  "id": "frame_1136",
  "user": "NPC-AI",
  "frame": "frame_1136",
  "detected_objects": [
    {
      "cls": 0,
      "landing_status": -1,
      "top_left_x": 323.49688720703125,
      "top_left_y": 106.17135620117188,
      "bottom_right_x": 418.94122314453125,
      "bottom_right_y": 334.7452087402344
    }
  ],
  "detected_translations": [
    {
      "translation_x": 81.76467361450196,
      "translation_y": 99.45480117797851
    }
  ]
}