{
  "id": "frame_1367",
  "user": "NPC-AI",
  "frame": "frame_1367",
  "detected_objects": [
    {
      "cls": 1,
      "landing_status": -1,
      "top_left_x": 1172.5931396484375,
      "top_left_y": 893.169677734375,
      "bottom_right_x": 1200.3111572265625,
      "bottom_right_y": 925.540283203125
    },
    {
      "cls": 0,
      "landing_status": -1,
      "top_left_x": 890.5450439453125,
      "top_left_y": 705.3330688476562,
      "bottom_right_x": 921.4268798828125,
      "bottom_right_y": 791.0012817382812
    },
    {
      "cls": 1,
      "landing_status": -1,
      "top_left_x": 1219.9951171875,
      "top_left_y": 898.9616088867188,
      "bottom_right_x": 1248.76513671875,
      "bottom_right_y": 943.9063110351562
    }
  ],
  "detected_translations": [
    {
      "translation_x": 78.8928150177002,
      "translation_y": 15.506757354736328
    }
  ]
}