{
  "id": "frame_2630",
  "user": "NPC-A\u0130",
  "frame": "frame_2630",
  "detected_objects": [
    {
      "cls": 1.0,
      "top_left_x": 1766.080322265625,
      "top_left_y": 436.36785888671875,
      "bottom_right_x": 1812.944091796875,
      "bottom_right_y": 458.72796630859375
    },
    {
      "cls": 1.0,
      "top_left_x": 774.4383544921875,
      "top_left_y": 294.68310546875,
      "bottom_right_x": 796.4620361328125,
      "bottom_right_y": 324.5262451171875
    },
    {
      "cls": 1.0,
      "top_left_x": 735.2993774414062,
      "top_left_y": 269.67852783203125,
      "bottom_right_x": 754.4884643554688,
      "bottom_right_y": 295.57391357421875
    }
  ],
  "detected_translations": [
    {
      "translation_x": -71.5217456817627,
      "translation_y": -22.353746032714845
    }
  ]
}