{
  "id": "frame_2009",
  "user": "NPC-AI",
  "frame": "frame_2009",
  "detected_objects": [
    {
      "cls": 0,
      "landing_status": -1,
      "top_left_x": 874.303466796875,
      "top_left_y": 930.6199951171875,
      "bottom_right_x": 1091.695068359375,
      "bottom_right_y": 1026.6817626953125
    },
    {
      "cls": 0,
      "landing_status": -1,
      "top_left_x": 11.9637451171875,
      "top_left_y": 902.6185302734375,
      "bottom_right_x": 209.99368286132812,
      "bottom_right_y": 988.2139892578125
    },
    {
      "cls": 0,
      "landing_status": -1,
      "top_left_x": 1883.30712890625,
      "top_left_y": 1009.4349975585938,
      "bottom_right_x": 1920.0,
      "bottom_right_y": 1080.0
    }
  ],
  "detected_translations": [
    {
      "translation_x": -2.004538345336914,
      "translation_y": -58.196353912353516
    }
  ]
}