{
  "id": "frame_18",
  "user": "NPC-A\u0130",
  "frame": "frame_18",
  "detected_objects": [
    {
      "cls": 1.0,
      "top_left_x": 1683.909912109375,
      "top_left_y": 661.5272827148438,
      "bottom_right_x": 1733.53369140625,
      "bottom_right_y": 699.1911010742188
    },
    {
      "cls": 1.0,
      "top_left_x": 1714.9952392578125,
      "top_left_y": 682.09228515625,
      "bottom_right_x": 1735.9088134765625,
      "bottom_right_y": 702.267333984375
    }
  ],
  "detected_translations": [
    {
      "translation_x": -0.1513519287109375,
      "translation_y": 0.04627685546875
    }
  ]
}