{
  "id": "frame_546",
  "user": "NPC-A\u0130",
  "frame": "frame_546",
  "detected_objects": [
    {
      "cls": 0.0,
      "top_left_x": 1777.180908203125,
      "top_left_y": 330.4591979980469,
      "bottom_right_x": 1920.0,
      "bottom_right_y": 415.3695373535156
    }
  ],
  "detected_translations": [
    {
      "translation_x": -1.9876113891601563,
      "translation_y": 69.4106689453125
    }
  ]
}