{
  "id": "frame_66",
  "user": "NPC-A\u0130",
  "frame": "frame_66",
  "detected_objects": [
    {
      "cls": 1.0,
      "top_left_x": 1696.939208984375,
      "top_left_y": 785.0875244140625,
      "bottom_right_x": 1742.83984375,
      "bottom_right_y": 823.25
    },
    {
      "cls": 1.0,
      "top_left_x": 1301.0693359375,
      "top_left_y": 212.25860595703125,
      "bottom_right_x": 1335.93408203125,
      "bottom_right_y": 246.38348388671875
    }
  ],
  "detected_translations": [
    {
      "translation_x": 0.326043701171875,
      "translation_y": 0.643603515625
    }
  ]
}