{
  "id": "frame_3276",
  "user": "NPC-AI",
  "frame": "frame_3276",
  "detected_objects": [
    {
      "cls": 1,
      "landing_status": -1,
      "top_left_x": 1324.428466796875,
      "top_left_y": 173.45767211914062,
      "bottom_right_x": 1366.057861328125,
      "bottom_right_y": 217.41226196289062
    }
  ],
  "detected_translations": [
    {
      "translation_x": 17.012856674194335,
      "translation_y": -36.932029724121094
    }
  ]
}