{
  "id": "frame_901",
  "user": "NPC-A\u0130",
  "frame": "frame_901",
  "detected_objects": [
    {
      "cls": 0.0,
      "top_left_x": 637.27294921875,
      "top_left_y": 0.068084716796875,
      "bottom_right_x": 729.198486328125,
      "bottom_right_y": 163.70175170898438
    },
    {
      "cls": 0.0,
      "top_left_x": 0.0,
      "top_left_y": 311.3336181640625,
      "bottom_right_x": 116.65728759765625,
      "bottom_right_y": 397.3426513671875
    }
  ],
  "detected_translations": [
    {
      "translation_x": 31.596617126464842,
      "translation_y": 115.02862243652343
    }
  ]
}