{
  "id": "frame_545",
  "user": "NPC-AI",
  "frame": "frame_545",
  "detected_objects": [
    {
      "cls": 0,
      "landing_status": -1,
      "top_left_x": 1777.3626708984375,
      "top_left_y": 317.19781494140625,
      "bottom_right_x": 1920.0,
      "bottom_right_y": 402.50494384765625
    }
  ],
  "detected_translations": [
    {
      "translation_x": -1.7301101684570312,
      "translation_y": 69.40459442138672
    }
  ]
}