{
  "id": "frame_1380",
  "user": "NPC-A\u0130",
  "frame": "frame_1380",
  "detected_objects": [
    {
      "cls": 1.0,
      "top_left_x": 1181.2579345703125,
      "top_left_y": 686.94873046875,
      "bottom_right_x": 1209.8726806640625,
      "bottom_right_y": 721.139404296875
    },
    {
      "cls": 1.0,
      "top_left_x": 1231.170166015625,
      "top_left_y": 698.96923828125,
      "bottom_right_x": 1257.120361328125,
      "bottom_right_y": 741.193115234375
    }
  ],
  "detected_translations": [
    {
      "translation_x": 78.7394458770752,
      "translation_y": 10.848482513427735
    }
  ]
}