{
  "id": "frame_1433",
  "user": "NPC-A\u0130",
  "frame": "frame_1433",
  "detected_objects": [
    {
      "cls": 1.0,
      "top_left_x": 464.22747802734375,
      "top_left_y": 788.2708740234375,
      "bottom_right_x": 510.93890380859375,
      "bottom_right_y": 815.6246337890625
    }
  ],
  "detected_translations": [
    {
      "translation_x": 78.17482948303223,
      "translation_y": -9.884036254882812
    }
  ]
}