{
  "id": "frame_1005",
  "user": "NPC-A\u0130",
  "frame": "frame_1005",
  "detected_objects": [
    {
      "cls": 0.0,
      "top_left_x": 760.5474853515625,
      "top_left_y": 823.5440673828125,
      "bottom_right_x": 857.2613525390625,
      "bottom_right_y": 1058.630615234375
    },
    {
      "cls": 1.0,
      "top_left_x": 1372.56982421875,
      "top_left_y": 351.26214599609375,
      "bottom_right_x": 1434.1904296875,
      "bottom_right_y": 383.30426025390625
    },
    {
      "cls": 1.0,
      "top_left_x": 1392.43115234375,
      "top_left_y": 819.9926147460938,
      "bottom_right_x": 1450.21826171875,
      "bottom_right_y": 859.4369506835938
    },
    {
      "cls": 1.0,
      "top_left_x": 1269.59912109375,
      "top_left_y": 346.072509765625,
      "bottom_right_x": 1313.81640625,
      "bottom_right_y": 376.7608642578125
    }
  ],
  "detected_translations": [
    {
      "translation_x": 70.11543426513671,
      "translation_y": 117.84906158447265
    }
  ]
}