{
  "id": "frame_73",
  "user": "NPC-AI",
  "frame": "frame_73",
  "detected_objects": [
    {
      "cls": 1,
      "landing_status": -1,
      "top_left_x": 1305.687255859375,
      "top_left_y": 216.23721313476562,
      "bottom_right_x": 1339.4013671875,
      "bottom_right_y": 249.73831176757812
    }
  ],
  "detected_translations": [
    {
      "translation_x": 0.360675048828125,
      "translation_y": 0.44788055419921874
    }
  ]
}