{
  "id": "frame_1392",
  "user": "NPC-AI",
  "frame": "frame_1392",
  "detected_objects": [
    {
      "cls": 1,
      "landing_status": -1,
      "top_left_x": 1237.23486328125,
      "top_left_y": 519.1998901367188,
      "bottom_right_x": 1266.24072265625,
      "bottom_right_y": 548.4904174804688
    },
    {
      "cls": 1,
      "landing_status": -1,
      "top_left_x": 1192.09521484375,
      "top_left_y": 499.79376220703125,
      "bottom_right_x": 1221.31787109375,
      "bottom_right_y": 528.2974243164062
    },
    {
      "cls": 1,
      "landing_status": -1,
      "top_left_x": 1266.083251953125,
      "top_left_y": 500.520751953125,
      "bottom_right_x": 1294.315673828125,
      "bottom_right_y": 521.4993896484375
    },
    {
      "cls": 0,
      "landing_status": -1,
      "top_left_x": 909.2786254882812,
      "top_left_y": 363.58087158203125,
      "bottom_right_x": 936.6561889648438,
      "bottom_right_y": 449.98712158203125
    }
  ],
  "detected_translations": [
    {
      "translation_x": 78.65115852355957,
      "translation_y": 6.2971855163574215
    }
  ]
}