{
  "id": "frame_236",
  "user": "NPC-A\u0130",
  "frame": "frame_236",
  "detected_objects": [
    {
      "cls": 1.0,
      "top_left_x": 1358.245361328125,
      "top_left_y": 806.4553833007812,
      "bottom_right_x": 1393.086669921875,
      "bottom_right_y": 837.2162475585938
    }
  ],
  "detected_translations": [
    {
      "translation_x": -0.755926513671875,
      "translation_y": 12.638148498535156
    }
  ]
}