{
  "id": "frame_1428",
  "user": "NPC-AI",
  "frame": "frame_1428",
  "detected_objects": [
    {
      "cls": 1,
      "landing_status": -1,
      "top_left_x": 471.533447265625,
      "top_left_y": 863.2776489257812,
      "bottom_right_x": 514.5211181640625,
      "bottom_right_y": 894.8670043945312
    },
    {
      "cls": 1,
      "landing_status": -1,
      "top_left_x": 473.04705810546875,
      "top_left_y": 890.209228515625,
      "bottom_right_x": 522.5925903320312,
      "bottom_right_y": 922.2484130859375
    }
  ],
  "detected_translations": [
    {
      "translation_x": 78.13355140686035,
      "translation_y": -7.931051635742188
    }
  ]
}