{
  "id": "frame_117",
  "user": "NPC-AI",
  "frame": "frame_117",
  "detected_objects": [
    {
      "cls": 1,
      "landing_status": -1,
      "top_left_x": 1719.26220703125,
      "top_left_y": 1005.3480834960938,
      "bottom_right_x": 1772.7109375,
      "bottom_right_y": 1055.2490234375
    },
    {
      "cls": 1,
      "landing_status": -1,
      "top_left_x": 1325.9293212890625,
      "top_left_y": 324.19659423828125,
      "bottom_right_x": 1361.0533447265625,
      "bottom_right_y": 357.34014892578125
    }
  ],
  "detected_translations": [
    {
      "translation_x": 0.1956939697265625,
      "translation_y": 2.4064102172851562
    }
  ]
}