{
  "id": "frame_554",
  "user": "NPC-AI",
  "frame": "frame_554",
  "detected_objects": [
    {
      "cls": 0,
      "landing_status": -1,
      "top_left_x": 1775.1270751953125,
      "top_left_y": 418.79400634765625,
      "bottom_right_x": 1920.0,
      "bottom_right_y": 503.40875244140625
    }
  ],
  "detected_translations": [
    {
      "translation_x": -1.9432601928710938,
      "translation_y": 71.33285980224609
    }
  ]
}