{
  "id": "frame_520",
  "user": "NPC-A\u0130",
  "frame": "frame_520",
  "detected_objects": [
    {
      "cls": 0.0,
      "top_left_x": 1781.993896484375,
      "top_left_y": 30.29592514038086,
      "bottom_right_x": 1920.0,
      "bottom_right_y": 125.7020263671875
    }
  ],
  "detected_translations": [
    {
      "translation_x": -2.25333251953125,
      "translation_y": 63.965020751953126
    }
  ]
}