{
  "id": "frame_555",
  "user": "NPC-A\u0130",
  "frame": "frame_555",
  "detected_objects": [
    {
      "cls": 0.0,
      "top_left_x": 1775.2735595703125,
      "top_left_y": 430.55865478515625,
      "bottom_right_x": 1920.0,
      "bottom_right_y": 514.8161010742188
    }
  ],
  "detected_translations": [
    {
      "translation_x": -1.7555648803710937,
      "translation_y": 71.58305969238282
    }
  ]
}