{
  "id": "frame_574",
  "user": "NPC-AI",
  "frame": "frame_574",
  "detected_objects": [
    {
      "cls": 0,
      "landing_status": -1,
      "top_left_x": 1771.1585693359375,
      "top_left_y": 639.59814453125,
      "bottom_right_x": 1920.0,
      "bottom_right_y": 725.998291015625
    }
  ],
  "detected_translations": [
    {
      "translation_x": -1.7392776489257813,
      "translation_y": 75.31021881103516
    }
  ]
}