{
  "id": "frame_583",
  "user": "NPC-AI",
  "frame": "frame_583",
  "detected_objects": [
    {
      "cls": 0,
      "landing_status": -1,
      "top_left_x": 1768.2919921875,
      "top_left_y": 739.2158203125,
      "bottom_right_x": 1920.0,
      "bottom_right_y": 823.5029296875
    }
  ],
  "detected_translations": [
    {
      "translation_x": -1.8026657104492188,
      "translation_y": 77.543017578125
    }
  ]
}