{
  "id": "frame_819",
  "user": "NPC-A\u0130",
  "frame": "frame_819",
  "detected_objects": [
    {
      "cls": 0.0,
      "top_left_x": 1655.35400390625,
      "top_left_y": 294.2298583984375,
      "bottom_right_x": 1881.4482421875,
      "bottom_right_y": 391.0050048828125
    },
    {
      "cls": 1.0,
      "top_left_x": 490.24053955078125,
      "top_left_y": 536.4530029296875,
      "bottom_right_x": 539.9552612304688,
      "bottom_right_y": 561.739013671875
    },
    {
      "cls": 1.0,
      "top_left_x": 315.3485107421875,
      "top_left_y": 119.736572265625,
      "bottom_right_x": 358.51287841796875,
      "bottom_right_y": 147.96328735351562
    },
    {
      "cls": 0.0,
      "top_left_x": 1606.59814453125,
      "top_left_y": 958.7008056640625,
      "bottom_right_x": 1692.503173828125,
      "bottom_right_y": 1079.6239013671875
    }
  ],
  "detected_translations": [
    {
      "translation_x": 7.215145874023437,
      "translation_y": 113.2613296508789
    }
  ]
}