{
  "id": "frame_278",
  "user": "NPC-A\u0130",
  "frame": "frame_278",
  "detected_objects": [
    {
      "cls": 1.0,
      "top_left_x": 1365.74267578125,
      "top_left_y": 956.6746826171875,
      "bottom_right_x": 1400.619140625,
      "bottom_right_y": 992.1744384765625
    }
  ],
  "detected_translations": [
    {
      "translation_x": -0.5187469482421875,
      "translation_y": 16.026524353027344
    }
  ]
}