{
  "id": "frame_2395",
  "user": "NPC-AI",
  "frame": "frame_2395",
  "detected_objects": [
    {
      "cls": 1,
      "landing_status": -1,
      "top_left_x": 111.13207244873047,
      "top_left_y": 32.91447448730469,
      "bottom_right_x": 157.35455322265625,
      "bottom_right_y": 59.32221221923828
    },
    {
      "cls": 1,
      "landing_status": -1,
      "top_left_x": 1.002349853515625,
      "top_left_y": 450.2785339355469,
      "bottom_right_x": 43.8489990234375,
      "bottom_right_y": 470.6065979003906
    },
    {
      "cls": 1,
      "landing_status": -1,
      "top_left_x": 141.03897094726562,
      "top_left_y": 519.2550048828125,
      "bottom_right_x": 185.54763793945312,
      "bottom_right_y": 544.4781494140625
    }
  ],
  "detected_translations": [
    {
      "translation_x": -31.017044448852538,
      "translation_y": -14.349108123779297
    }
  ]
}