{
  "id": "frame_3301",
  "user": "NPC-AI",
  "frame": "frame_3301",
  "detected_objects": [
    {
      "cls": 1,
      "landing_status": -1,
      "top_left_x": 938.368896484375,
      "top_left_y": 244.7097625732422,
      "bottom_right_x": 973.645263671875,
      "bottom_right_y": 274.62725830078125
    },
    {
      "cls": 1,
      "landing_status": -1,
      "top_left_x": 828.1939697265625,
      "top_left_y": 972.53955078125,
      "bottom_right_x": 860.2095947265625,
      "bottom_right_y": 1004.36279296875
    }
  ],
  "detected_translations": [
    {
      "translation_x": 26.47262840270996,
      "translation_y": -36.36141662597656
    }
  ]
}