{
  "id": "frame_162",
  "user": "NPC-AI",
  "frame": "frame_162",
  "detected_objects": [
    {
      "cls": 1,
      "landing_status": -1,
      "top_left_x": 1339.6824951171875,
      "top_left_y": 516.8696899414062,
      "bottom_right_x": 1376.6588134765625,
      "bottom_right_y": 545.7737426757812
    }
  ],
  "detected_translations": [
    {
      "translation_x": -0.067889404296875,
      "translation_y": 6.845134735107422
    }
  ]
}