{
  "id": "frame_2482",
  "user": "NPC-A\u0130",
  "frame": "frame_2482",
  "detected_objects": [
    {
      "cls": 1.0,
      "top_left_x": 319.391357421875,
      "top_left_y": 470.38909912109375,
      "bottom_right_x": 365.7413330078125,
      "bottom_right_y": 491.07501220703125
    },
    {
      "cls": 1.0,
      "top_left_x": 445.775390625,
      "top_left_y": 586.4657592773438,
      "bottom_right_x": 476.6510009765625,
      "bottom_right_y": 613.7984008789062
    },
    {
      "cls": 1.0,
      "top_left_x": 226.898681640625,
      "top_left_y": 461.61383056640625,
      "bottom_right_x": 264.802490234375,
      "bottom_right_y": 481.14508056640625
    },
    {
      "cls": 1.0,
      "top_left_x": 372.6085510253906,
      "top_left_y": 555.5887451171875,
      "bottom_right_x": 401.8074035644531,
      "bottom_right_y": 581.3656005859375
    }
  ],
  "detected_translations": [
    {
      "translation_x": -55.588789749145505,
      "translation_y": -12.637686157226563
    }
  ]
}