{
  "id": "frame_561",
  "user": "NPC-A\u0130",
  "frame": "frame_561",
  "detected_objects": [
    {
      "cls": 0.0,
      "top_left_x": 1774.121337890625,
      "top_left_y": 497.31243896484375,
      "bottom_right_x": 1920.0,
      "bottom_right_y": 582.7200317382812
    }
  ],
  "detected_translations": [
    {
      "translation_x": -1.6823272705078125,
      "translation_y": 72.8420623779297
    }
  ]
}