{
  "id": "frame_3306",
  "user": "NPC-AI",
  "frame": "frame_3306",
  "detected_objects": [
    {
      "cls": 1,
      "landing_status": -1,
      "top_left_x": 864.13427734375,
      "top_left_y": 255.3555908203125,
      "bottom_right_x": 898.9150390625,
      "bottom_right_y": 298.30120849609375
    }
  ],
  "detected_translations": [
    {
      "translation_x": 28.302065658569337,
      "translation_y": -36.486273193359374
    }
  ]
}