{
  "id": "frame_2385",
  "user": "NPC-A\u0130",
  "frame": "frame_2385",
  "detected_objects": [
    {
      "cls": 1.0,
      "top_left_x": 45.90562438964844,
      "top_left_y": 505.2837829589844,
      "bottom_right_x": 90.27059936523438,
      "bottom_right_y": 524.9434814453125
    }
  ],
  "detected_translations": [
    {
      "translation_x": -28.348437881469728,
      "translation_y": -14.196584320068359
    }
  ]
}