{
  "id": "frame_2553",
  "user": "NPC-A\u0130",
  "frame": "frame_2553",
  "detected_objects": [
    {
      "cls": 1.0,
      "top_left_x": 1614.9539794921875,
      "top_left_y": 767.581787109375,
      "bottom_right_x": 1648.8939208984375,
      "bottom_right_y": 798.895263671875
    },
    {
      "cls": 1.0,
      "top_left_x": 654.6165771484375,
      "top_left_y": 534.1968994140625,
      "bottom_right_x": 678.8231201171875,
      "bottom_right_y": 554.6102294921875
    },
    {
      "cls": 1.0,
      "top_left_x": 538.342041015625,
      "top_left_y": 588.944091796875,
      "bottom_right_x": 562.01171875,
      "bottom_right_y": 612.559326171875
    },
    {
      "cls": 1.0,
      "top_left_x": 1263.56201171875,
      "top_left_y": 454.51312255859375,
      "bottom_right_x": 1292.0390625,
      "bottom_right_y": 475.98223876953125
    }
  ],
  "detected_translations": [
    {
      "translation_x": -67.59661140441895,
      "translation_y": -13.793685150146484
    }
  ]
}