{
  "id": "frame_171",
  "user": "NPC-A\u0130",
  "frame": "frame_171",
  "detected_objects": [
    {
      "cls": 1.0,
      "top_left_x": 1342.3115234375,
      "top_left_y": 555.5870361328125,
      "bottom_right_x": 1379.2255859375,
      "bottom_right_y": 584.3045654296875
    }
  ],
  "detected_translations": [
    {
      "translation_x": -0.202099609375,
      "translation_y": 7.491596221923828
    }
  ]
}