{
  "id": "frame_1481",
  "user": "NPC-AI",
  "frame": "frame_1481",
  "detected_objects": [
    {
      "cls": 1,
      "landing_status": -1,
      "top_left_x": 361.67767333984375,
      "top_left_y": 32.35039520263672,
      "bottom_right_x": 414.24542236328125,
      "bottom_right_y": 68.21761322021484
    },
    {
      "cls": 1,
      "landing_status": -1,
      "top_left_x": 367.8695068359375,
      "top_left_y": 60.67706298828125,
      "bottom_right_x": 416.63720703125,
      "bottom_right_y": 97.09039306640625
    }
  ],
  "detected_translations": [
    {
      "translation_x": 78.24886665344238,
      "translation_y": -28.103448486328126
    }
  ]
}