{
  "id": "frame_1275",
  "user": "NPC-AI",
  "frame": "frame_1275",
  "detected_objects": [
    {
      "cls": 1,
      "landing_status": -1,
      "top_left_x": 1627.17578125,
      "top_left_y": 731.7711791992188,
      "bottom_right_x": 1670.42236328125,
      "bottom_right_y": 760.5639038085938
    }
  ],
  "detected_translations": [
    {
      "translation_x": 79.76723365783691,
      "translation_y": 46.40006637573242
    }
  ]
}