{
  "id": "frame_220",
  "user": "NPC-A\u0130",
  "frame": "frame_220",
  "detected_objects": [
    {
      "cls": 1.0,
      "top_left_x": 1353.47900390625,
      "top_left_y": 748.0728759765625,
      "bottom_right_x": 1390.4501953125,
      "bottom_right_y": 779.5184326171875
    }
  ],
  "detected_translations": [
    {
      "translation_x": -0.757220458984375,
      "translation_y": 11.174036407470703
    }
  ]
}