{
  "id": "frame_1151",
  "user": "NPC-A\u0130",
  "frame": "frame_1151",
  "detected_objects": [
    {
      "cls": 0.0,
      "top_left_x": 317.7999267578125,
      "top_left_y": 0.3250885009765625,
      "bottom_right_x": 418.2308349609375,
      "bottom_right_y": 173.78530883789062
    }
  ],
  "detected_translations": [
    {
      "translation_x": 81.4510887145996,
      "translation_y": 94.59567031860351
    }
  ]
}