{
  "id": "frame_733",
  "user": "NPC-A\u0130",
  "frame": "frame_733",
  "detected_objects": [
    {
      "cls": 1.0,
      "top_left_x": 1011.333740234375,
      "top_left_y": 405.71221923828125,
      "bottom_right_x": 1035.3402099609375,
      "bottom_right_y": 432.5902099609375
    }
  ],
  "detected_translations": [
    {
      "translation_x": -3.0552520751953125,
      "translation_y": 110.34328002929688
    }
  ]
}