{
  "id": "frame_537",
  "user": "NPC-A\u0130",
  "frame": "frame_537",
  "detected_objects": [
    {
      "cls": 0.0,
      "top_left_x": 1779.21630859375,
      "top_left_y": 224.5048828125,
      "bottom_right_x": 1920.0,
      "bottom_right_y": 314.11846923828125
    }
  ],
  "detected_translations": [
    {
      "translation_x": -2.1030181884765624,
      "translation_y": 67.82071228027344
    }
  ]
}