{
  "id": "frame_725",
  "user": "NPC-A\u0130",
  "frame": "frame_725",
  "detected_objects": [
    {
      "cls": 1.0,
      "top_left_x": 1011.543212890625,
      "top_left_y": 379.2662353515625,
      "bottom_right_x": 1051.190673828125,
      "bottom_right_y": 407.1658935546875
    }
  ],
  "detected_translations": [
    {
      "translation_x": -2.7755523681640626,
      "translation_y": 109.5825180053711
    }
  ]
}