{
  "id": "frame_697",
  "user": "NPC-AI",
  "frame": "frame_697",
  "detected_objects": [
    {
      "cls": 1,
      "landing_status": -1,
      "top_left_x": 970.183837890625,
      "top_left_y": 223.95877075195312,
      "bottom_right_x": 1008.7548828125,
      "bottom_right_y": 251.54464721679688
    },
    {
      "cls": 1,
      "landing_status": -1,
      "top_left_x": 1068.610595703125,
      "top_left_y": 199.54373168945312,
      "bottom_right_x": 1103.16259765625,
      "bottom_right_y": 229.19046020507812
    },
    {
      "cls": 1,
      "landing_status": -1,
      "top_left_x": 966.5404052734375,
      "top_left_y": 190.78839111328125,
      "bottom_right_x": 1002.82470703125,
      "bottom_right_y": 222.09799194335938
    }
  ],
  "detected_translations": [
    {
      "translation_x": -3.333251953125,
      "translation_y": 105.15572814941406
    }
  ]
}