{
  "id": "frame_69",
  "user": "NPC-AI",
  "frame": "frame_69",
  "detected_objects": [
    {
      "cls": 1,
      "landing_status": -1,
      "top_left_x": 1303.371826171875,
      "top_left_y": 214.9306640625,
      "bottom_right_x": 1336.976318359375,
      "bottom_right_y": 247.60614013671875
    }
  ],
  "detected_translations": [
    {
      "translation_x": 0.406988525390625,
      "translation_y": 0.4848480224609375
    }
  ]
}