{
  "id": "frame_205",
  "user": "NPC-A\u0130",
  "frame": "frame_205",
  "detected_objects": [
    {
      "cls": 1.0,
      "top_left_x": 1350.559326171875,
      "top_left_y": 691.983642578125,
      "bottom_right_x": 1388.508544921875,
      "bottom_right_y": 722.1275634765625
    }
  ],
  "detected_translations": [
    {
      "translation_x": -0.2774749755859375,
      "translation_y": 10.255361175537109
    }
  ]
}