{
  "id": "frame_868",
  "user": "NPC-AI",
  "frame": "frame_868",
  "detected_objects": [
    {
      "cls": 0,
      "landing_status": -1,
      "top_left_x": 1039.276123046875,
      "top_left_y": 0.0,
      "bottom_right_x": 1119.414306640625,
      "bottom_right_y": 144.17398071289062
    },
    {
      "cls": 0,
      "landing_status": -1,
      "top_left_x": 652.7295532226562,
      "top_left_y": 303.7900390625,
      "bottom_right_x": 844.0482788085938,
      "bottom_right_y": 390.6729736328125
    },
    {
      "cls": 1,
      "landing_status": -1,
      "top_left_x": 1243.414306640625,
      "top_left_y": 218.47067260742188,
      "bottom_right_x": 1287.300048828125,
      "bottom_right_y": 254.61883544921875
    },
    {
      "cls": 0,
      "landing_status": -1,
      "top_left_x": 1109.9259033203125,
      "top_left_y": 975.9515380859375,
      "bottom_right_x": 1191.8050537109375,
      "bottom_right_y": 1078.5694580078125
    }
  ],
  "detected_translations": [
    {
      "translation_x": 21.018927001953124,
      "translation_y": 113.97664642333984
    }
  ]
}