{
  "id": "frame_2643",
  "user": "NPC-A\u0130",
  "frame": "frame_2643",
  "detected_objects": [
    {
      "cls": 1.0,
      "top_left_x": 1782.433349609375,
      "top_left_y": 360.86444091796875,
      "bottom_right_x": 1833.853271484375,
      "bottom_right_y": 386.79644775390625
    }
  ],
  "detected_translations": [
    {
      "translation_x": -73.48714179992676,
      "translation_y": -23.927752685546874
    }
  ]
}