{
  "id": "frame_2",
  "user": "NPC-A\u0130",
  "frame": "frame_2",
  "detected_objects": [
    {
      "cls": 1.0,
      "top_left_x": 1269.015380859375,
      "top_left_y": 195.1534423828125,
      "bottom_right_x": 1303.161865234375,
      "bottom_right_y": 229.10198974609375
    }
  ],
  "detected_translations": [
    {
      "translation_x": 0.0100921630859375,
      "translation_y": 0.1038787841796875
    }
  ]
}