{
  "id": "frame_2018",
  "user": "NPC-AI",
  "frame": "frame_2018",
  "detected_objects": [
    {
      "cls": 0,
      "landing_status": -1,
      "top_left_x": 21.831787109375,
      "top_left_y": 984.8102416992188,
      "bottom_right_x": 219.5262451171875,
      "bottom_right_y": 1078.468994140625
    },
    {
      "cls": 0,
      "landing_status": -1,
      "top_left_x": 881.3343505859375,
      "top_left_y": 1018.1129150390625,
      "bottom_right_x": 1092.5457763671875,
      "bottom_right_y": 1079.0316162109375
    }
  ],
  "detected_translations": [
    {
      "translation_x": -0.8685840606689453,
      "translation_y": -56.24467544555664
    }
  ]
}