{
  "id": "frame_174",
  "user": "NPC-A\u0130",
  "frame": "frame_174",
  "detected_objects": [
    {
      "cls": 1.0,
      "top_left_x": 1343.4503173828125,
      "top_left_y": 568.5564575195312,
      "bottom_right_x": 1380.7684326171875,
      "bottom_right_y": 597.6449584960938
    }
  ],
  "detected_translations": [
    {
      "translation_x": -0.1513519287109375,
      "translation_y": 7.714565277099609
    }
  ]
}