{
  "id": "frame_718",
  "user": "NPC-AI",
  "frame": "frame_718",
  "detected_objects": [
    {
      "cls": 1,
      "landing_status": -1,
      "top_left_x": 1034.423583984375,
      "top_left_y": 347.82373046875,
      "bottom_right_x": 1058.464599609375,
      "bottom_right_y": 374.2979736328125
    },
    {
      "cls": 1,
      "landing_status": -1,
      "top_left_x": 929.6365356445312,
      "top_left_y": 335.54168701171875,
      "bottom_right_x": 953.6401977539062,
      "bottom_right_y": 362.93890380859375
    },
    {
      "cls": 1,
      "landing_status": -1,
      "top_left_x": 934.342529296875,
      "top_left_y": 367.6868896484375,
      "bottom_right_x": 956.707275390625,
      "bottom_right_y": 393.8463134765625
    }
  ],
  "detected_translations": [
    {
      "translation_x": -3.1926361083984376,
      "translation_y": 108.88767700195312
    }
  ]
}