{
  "id": "frame_231",
  "user": "NPC-A\u0130",
  "frame": "frame_231",
  "detected_objects": [
    {
      "cls": 1.0,
      "top_left_x": 1356.48046875,
      "top_left_y": 787.518310546875,
      "bottom_right_x": 1392.52001953125,
      "bottom_right_y": 819.48291015625
    }
  ],
  "detected_translations": [
    {
      "translation_x": -0.805316162109375,
      "translation_y": 12.250859832763672
    }
  ]
}