{
  "id": "frame_723",
  "user": "NPC-AI",
  "frame": "frame_723",
  "detected_objects": [
    {
      "cls": 1,
      "landing_status": -1,
      "top_left_x": 910.83642578125,
      "top_left_y": 359.028076171875,
      "bottom_right_x": 950.808837890625,
      "bottom_right_y": 386.0751953125
    },
    {
      "cls": 1,
      "landing_status": -1,
      "top_left_x": 1014.5796508789062,
      "top_left_y": 371.2210388183594,
      "bottom_right_x": 1051.556640625,
      "bottom_right_y": 397.9850158691406
    },
    {
      "cls": 1,
      "landing_status": -1,
      "top_left_x": 920.581787109375,
      "top_left_y": 390.13128662109375,
      "bottom_right_x": 954.2548828125,
      "bottom_right_y": 416.00152587890625
    }
  ],
  "detected_translations": [
    {
      "translation_x": -2.833160400390625,
      "translation_y": 109.46766967773438
    }
  ]
}