{
  "id": "frame_2010",
  "user": "NPC-AI",
  "frame": "frame_2010",
  "detected_objects": [
    {
      "cls": 0,
      "landing_status": -1,
      "top_left_x": 12.770217895507812,
      "top_left_y": 911.2764892578125,
      "bottom_right_x": 211.4965057373047,
      "bottom_right_y": 998.277099609375
    },
    {
      "cls": 0,
      "landing_status": -1,
      "top_left_x": 875.2237548828125,
      "top_left_y": 940.2039794921875,
      "bottom_right_x": 1091.7998046875,
      "bottom_right_y": 1035.6014404296875
    },
    {
      "cls": 0,
      "landing_status": -1,
      "top_left_x": 1884.5667724609375,
      "top_left_y": 1019.665283203125,
      "bottom_right_x": 1920.0,
      "bottom_right_y": 1080.0
    },
    {
      "cls": 0,
      "landing_status": -1,
      "top_left_x": 638.27978515625,
      "top_left_y": 936.850830078125,
      "bottom_right_x": 839.08349609375,
      "bottom_right_y": 1031.621337890625
    }
  ],
  "detected_translations": [
    {
      "translation_x": -1.9172977447509765,
      "translation_y": -58.15607223510742
    }
  ]
}