{
  "id": "frame_2590",
  "user": "NPC-A\u0130",
  "frame": "frame_2590",
  "detected_objects": [
    {
      "cls": 1.0,
      "top_left_x": 1697.9964599609375,
      "top_left_y": 640.7955322265625,
      "bottom_right_x": 1744.6429443359375,
      "bottom_right_y": 665.8758544921875
    },
    {
      "cls": 1.0,
      "top_left_x": 928.888671875,
      "top_left_y": 249.8020782470703,
      "bottom_right_x": 966.20703125,
      "bottom_right_y": 276.64190673828125
    },
    {
      "cls": 1.0,
      "top_left_x": 784.1534423828125,
      "top_left_y": 452.95849609375,
      "bottom_right_x": 815.7623291015625,
      "bottom_right_y": 475.38153076171875
    },
    {
      "cls": 1.0,
      "top_left_x": 888.303466796875,
      "top_left_y": 350.32763671875,
      "bottom_right_x": 922.31640625,
      "bottom_right_y": 378.376220703125
    }
  ],
  "detected_translations": [
    {
      "translation_x": -69.63315315246582,
      "translation_y": -17.317452239990235
    }
  ]
}