{
  "id": "frame_1566",
  "user": "NPC-A\u0130",
  "frame": "frame_1566",
  "detected_objects": [
    {
      "cls": 1.0,
      "top_left_x": 557.8956298828125,
      "top_left_y": 538.009033203125,
      "bottom_right_x": 593.7994384765625,
      "bottom_right_y": 570.915771484375
    }
  ],
  "detected_translations": [
    {
      "translation_x": 78.46313743591308,
      "translation_y": -57.65823211669922
    }
  ]
}