{
  "id": "frame_43",
  "user": "NPC-A\u0130",
  "frame": "frame_43",
  "detected_objects": [
    {
      "cls": 1.0,
      "top_left_x": 1290.705078125,
      "top_left_y": 209.67440795898438,
      "bottom_right_x": 1324.39501953125,
      "bottom_right_y": 240.95724487304688
    }
  ],
  "detected_translations": [
    {
      "translation_x": -0.1211700439453125,
      "translation_y": 0.5350296020507812
    }
  ]
}