{
  "id": "frame_1999",
  "user": "NPC-A\u0130",
  "frame": "frame_1999",
  "detected_objects": [
    {
      "cls": 0.0,
      "top_left_x": 0.0,
      "top_left_y": 953.1414794921875,
      "bottom_right_x": 97.06796264648438,
      "bottom_right_y": 1041.03466796875
    },
    {
      "cls": 0.0,
      "top_left_x": 1.274749755859375,
      "top_left_y": 808.1663818359375,
      "bottom_right_x": 197.78445434570312,
      "bottom_right_y": 892.2540283203125
    },
    {
      "cls": 0.0,
      "top_left_x": 1878.27880859375,
      "top_left_y": 909.7615966796875,
      "bottom_right_x": 1920.0,
      "bottom_right_y": 1008.2503662109375
    }
  ],
  "detected_translations": [
    {
      "translation_x": -1.583858108520508,
      "translation_y": -60.746735382080075
    }
  ]
}