{
  "id": "frame_34",
  "user": "NPC-A\u0130",
  "frame": "frame_34",
  "detected_objects": [
    {
      "cls": 1.0,
      "top_left_x": 1286.603271484375,
      "top_left_y": 207.1011199951172,
      "bottom_right_x": 1320.363037109375,
      "bottom_right_y": 238.4032440185547
    }
  ],
  "detected_translations": [
    {
      "translation_x": 0.0629638671875,
      "translation_y": 0.25971527099609376
    }
  ]
}