{
  "id": "frame_119",
  "user": "NPC-A\u0130",
  "frame": "frame_119",
  "detected_objects": [
    {
      "cls": 1.0,
      "top_left_x": 1325.9942626953125,
      "top_left_y": 333.76220703125,
      "bottom_right_x": 1362.0455322265625,
      "bottom_right_y": 365.110595703125
    }
  ],
  "detected_translations": [
    {
      "translation_x": 0.18033447265625,
      "translation_y": 2.582330322265625
    }
  ]
}