{
  "id": "frame_1440",
  "user": "NPC-A\u0130",
  "frame": "frame_1440",
  "detected_objects": [
    {
      "cls": 1.0,
      "top_left_x": 450.0449523925781,
      "top_left_y": 677.7401123046875,
      "bottom_right_x": 486.3829650878906,
      "bottom_right_y": 703.63818359375
    }
  ],
  "detected_translations": [
    {
      "translation_x": 78.15987434387208,
      "translation_y": -12.440501403808593
    }
  ]
}