{
  "id": "frame_1388",
  "user": "NPC-A\u0130",
  "frame": "frame_1388",
  "detected_objects": [
    {
      "cls": 1.0,
      "top_left_x": 1235.6103515625,
      "top_left_y": 581.081298828125,
      "bottom_right_x": 1263.626953125,
      "bottom_right_y": 613.112060546875
    },
    {
      "cls": 1.0,
      "top_left_x": 1261.96044921875,
      "top_left_y": 563.1163330078125,
      "bottom_right_x": 1291.468994140625,
      "bottom_right_y": 584.0540771484375
    }
  ],
  "detected_translations": [
    {
      "translation_x": 78.88127479553222,
      "translation_y": 7.814095306396484
    }
  ]
}