{
  "id": "frame_177",
  "user": "NPC-AI",
  "frame": "frame_177",
  "detected_objects": [
    {
      "cls": 1,
      "landing_status": -1,
      "top_left_x": 1344.5050048828125,
      "top_left_y": 580.763916015625,
      "bottom_right_x": 1380.8128662109375,
      "bottom_right_y": 609.4736328125
    }
  ],
  "detected_translations": [
    {
      "translation_x": -0.215802001953125,
      "translation_y": 7.965306091308594
    }
  ]
}