{
  "id": "frame_253",
  "user": "NPC-A\u0130",
  "frame": "frame_253",
  "detected_objects": [
    {
      "cls": 1.0,
      "top_left_x": 1361.328125,
      "top_left_y": 864.391845703125,
      "bottom_right_x": 1396.22705078125,
      "bottom_right_y": 898.3232421875
    }
  ],
  "detected_translations": [
    {
      "translation_x": -0.7660247802734375,
      "translation_y": 14.128294372558594
    }
  ]
}