{
  "id": "frame_15",
  "user": "NPC-A\u0130",
  "frame": "frame_15",
  "detected_objects": [
    {
      "cls": 1.0,
      "top_left_x": 1277.0888671875,
      "top_left_y": 201.027587890625,
      "bottom_right_x": 1310.4052734375,
      "bottom_right_y": 233.34234619140625
    },
    {
      "cls": 1.0,
      "top_left_x": 1681.701416015625,
      "top_left_y": 658.7352905273438,
      "bottom_right_x": 1736.368896484375,
      "bottom_right_y": 685.9238891601562
    }
  ],
  "detected_translations": [
    {
      "translation_x": 0.0603973388671875,
      "translation_y": 0.10420989990234375
    }
  ]
}