{
  "id": "frame_2411",
  "user": "NPC-A\u0130",
  "frame": "frame_2411",
  "detected_objects": [
    {
      "cls": 1.0,
      "top_left_x": 149.374267578125,
      "top_left_y": 449.0756530761719,
      "bottom_right_x": 195.20947265625,
      "bottom_right_y": 474.3334045410156
    }
  ],
  "detected_translations": [
    {
      "translation_x": -35.531653213500974,
      "translation_y": -14.219332122802735
    }
  ]
}