{
  "id": "frame_1117",
  "user": "NPC-AI",
  "frame": "frame_1117",
  "detected_objects": [
    {
      "cls": 0,
      "landing_status": -1,
      "top_left_x": 321.52386474609375,
      "top_left_y": 303.20037841796875,
      "bottom_right_x": 422.26263427734375,
      "bottom_right_y": 536.393798828125
    },
    {
      "cls": 0,
      "landing_status": -1,
      "top_left_x": 163.7381134033203,
      "top_left_y": 18.073230743408203,
      "bottom_right_x": 378.06036376953125,
      "bottom_right_y": 122.97288513183594
    },
    {
      "cls": 0,
      "landing_status": -1,
      "top_left_x": 1680.006591796875,
      "top_left_y": 0.0,
      "bottom_right_x": 1918.341552734375,
      "bottom_right_y": 15.7579345703125
    }
  ],
  "detected_translations": [
    {
      "translation_x": 82.02152938842774,
      "translation_y": 104.43024444580078
    }
  ]
}