{
  "id": "frame_528",
  "user": "NPC-A\u0130",
  "frame": "frame_528",
  "detected_objects": [
    {
      "cls": 0.0,
      "top_left_x": 1780.63818359375,
      "top_left_y": 126.71112060546875,
      "bottom_right_x": 1920.0,
      "bottom_right_y": 214.213134765625
    }
  ],
  "detected_translations": [
    {
      "translation_x": -1.8953079223632812,
      "translation_y": 65.79552459716797
    }
  ]
}