{
  "id": "frame_229",
  "user": "NPC-AI",
  "frame": "frame_229",
  "detected_objects": [
    {
      "cls": 1,
      "landing_status": -1,
      "top_left_x": 1355.6573486328125,
      "top_left_y": 779.412109375,
      "bottom_right_x": 1392.4976806640625,
      "bottom_right_y": 812.50732421875
    }
  ],
  "detected_translations": [
    {
      "translation_x": -0.7399871826171875,
      "translation_y": 12.121351623535157
    }
  ]
}