{
  "id": "frame_27",
  "user": "NPC-A\u0130",
  "frame": "frame_27",
  "detected_objects": [
    {
      "cls": 1.0,
      "top_left_x": 1283.42236328125,
      "top_left_y": 205.20980834960938,
      "bottom_right_x": 1316.408203125,
      "bottom_right_y": 236.76437377929688
    },
    {
      "cls": 1.0,
      "top_left_x": 1685.55517578125,
      "top_left_y": 686.068359375,
      "bottom_right_x": 1734.65087890625,
      "bottom_right_y": 718.568115234375
    }
  ],
  "detected_translations": [
    {
      "translation_x": -0.08272705078125,
      "translation_y": 0.105487060546875
    }
  ]
}