{
  "id": "frame_1997",
  "user": "NPC-A\u0130",
  "frame": "frame_1997",
  "detected_objects": [
    {
      "cls": 0.0,
      "top_left_x": 0.0,
      "top_left_y": 935.751953125,
      "bottom_right_x": 118.88455963134766,
      "bottom_right_y": 1022.85302734375
    },
    {
      "cls": 0.0,
      "top_left_x": 1876.44921875,
      "top_left_y": 890.1512451171875,
      "bottom_right_x": 1920.0,
      "bottom_right_y": 986.6973876953125
    }
  ],
  "detected_translations": [
    {
      "translation_x": -1.6569248199462892,
      "translation_y": -61.21083450317383
    }
  ]
}