{
  "id": "frame_442",
  "user": "NPC-AI",
  "frame": "frame_442",
  "detected_objects": [
    {
      "cls": 1,
      "landing_status": -1,
      "top_left_x": 1637.974609375,
      "top_left_y": 760.656005859375,
      "bottom_right_x": 1674.188232421875,
      "bottom_right_y": 786.21630859375
    }
  ],
  "detected_translations": [
    {
      "translation_x": -1.7032684326171874,
      "translation_y": 44.37192077636719
    }
  ]
}