{
  "id": "frame_126",
  "user": "NPC-AI",
  "frame": "frame_126",
  "detected_objects": [
    {
      "cls": 1,
      "landing_status": -1,
      "top_left_x": 1329.50830078125,
      "top_left_y": 363.755126953125,
      "bottom_right_x": 1365.25341796875,
      "bottom_right_y": 394.40087890625
    }
  ],
  "detected_translations": [
    {
      "translation_x": 0.4614227294921875,
      "translation_y": 3.363988494873047
    }
  ]
}