{
  "id": "frame_151",
  "user": "NPC-A\u0130",
  "frame": "frame_151",
  "detected_objects": [
    {
      "cls": 1.0,
      "top_left_x": 1336.3966064453125,
      "top_left_y": 470.2694091796875,
      "bottom_right_x": 1373.9771728515625,
      "bottom_right_y": 499.2725830078125
    }
  ],
  "detected_translations": [
    {
      "translation_x": 0.2022552490234375,
      "translation_y": 5.9522346496582035
    }
  ]
}