{
  "id": "frame_860",
  "user": "NPC-A\u0130",
  "frame": "frame_860",
  "detected_objects": [
    {
      "cls": 0.0,
      "top_left_x": 822.5821533203125,
      "top_left_y": 300.7443542480469,
      "bottom_right_x": 1016.9564208984375,
      "bottom_right_y": 390.4098205566406
    },
    {
      "cls": 0.0,
      "top_left_x": 1130.250244140625,
      "top_left_y": 0.0,
      "bottom_right_x": 1210.84765625,
      "bottom_right_y": 138.99545288085938
    },
    {
      "cls": 1.0,
      "top_left_x": 11.004920959472656,
      "top_left_y": 552.7796630859375,
      "bottom_right_x": 75.43594360351562,
      "bottom_right_y": 578.6121826171875
    },
    {
      "cls": 1.0,
      "top_left_x": 2.9720726013183594,
      "top_left_y": 137.49349975585938,
      "bottom_right_x": 58.32871627807617,
      "bottom_right_y": 164.86016845703125
    }
  ],
  "detected_translations": [
    {
      "translation_x": 18.1532470703125,
      "translation_y": 113.77002716064453
    }
  ]
}