{
  "id": "frame_682",
  "user": "NPC-AI",
  "frame": "frame_682",
  "detected_objects": [
    {
      "cls": 1,
      "landing_status": -1,
      "top_left_x": 1098.123046875,
      "top_left_y": 56.56730651855469,
      "bottom_right_x": 1132.6923828125,
      "bottom_right_y": 92.24081420898438
    },
    {
      "cls": 1,
      "landing_status": -1,
      "top_left_x": 1002.296142578125,
      "top_left_y": 83.53948211669922,
      "bottom_right_x": 1040.8856201171875,
      "bottom_right_y": 114.32791900634766
    },
    {
      "cls": 1,
      "landing_status": -1,
      "top_left_x": 997.7159423828125,
      "top_left_y": 49.3398551940918,
      "bottom_right_x": 1037.134765625,
      "bottom_right_y": 85.60316467285156
    }
  ],
  "detected_translations": [
    {
      "translation_x": -3.25882568359375,
      "translation_y": 101.20066146850586
    }
  ]
}