{
  "id": "frame_2622",
  "user": "NPC-A\u0130",
  "frame": "frame_2622",
  "detected_objects": [
    {
      "cls": 1.0,
      "top_left_x": 1750.651123046875,
      "top_left_y": 481.1434326171875,
      "bottom_right_x": 1800.442138671875,
      "bottom_right_y": 503.0888671875
    },
    {
      "cls": 1.0,
      "top_left_x": 710.6316528320312,
      "top_left_y": 318.01153564453125,
      "bottom_right_x": 733.2124633789062,
      "bottom_right_y": 344.51800537109375
    },
    {
      "cls": 1.0,
      "top_left_x": 875.7490234375,
      "top_left_y": 118.43329620361328,
      "bottom_right_x": 911.617919921875,
      "bottom_right_y": 142.2159423828125
    }
  ],
  "detected_translations": [
    {
      "translation_x": -71.01675300598144,
      "translation_y": -21.320272827148436
    }
  ]
}