{
  "id": "frame_175",
  "user": "NPC-AI",
  "frame": "frame_175",
  "detected_objects": [
    {
      "cls": 1,
      "landing_status": -1,
      "top_left_x": 1343.95947265625,
      "top_left_y": 572.309814453125,
      "bottom_right_x": 1380.35400390625,
      "bottom_right_y": 601.587158203125
    }
  ],
  "detected_translations": [
    {
      "translation_x": -0.2886505126953125,
      "translation_y": 7.820428466796875
    }
  ]
}