{
  "id": "frame_63",
  "user": "NPC-A\u0130",
  "frame": "frame_63",
  "detected_objects": [
    {
      "cls": 1.0,
      "top_left_x": 1300.173095703125,
      "top_left_y": 211.08316040039062,
      "bottom_right_x": 1333.714111328125,
      "bottom_right_y": 246.01828002929688
    },
    {
      "cls": 1.0,
      "top_left_x": 1719.0130615234375,
      "top_left_y": 802.0070190429688,
      "bottom_right_x": 1742.8372802734375,
      "bottom_right_y": 816.4995727539062
    },
    {
      "cls": 1.0,
      "top_left_x": 1695.974365234375,
      "top_left_y": 781.9417724609375,
      "bottom_right_x": 1738.131103515625,
      "bottom_right_y": 815.5845947265625
    }
  ],
  "detected_translations": [
    {
      "translation_x": 0.1489776611328125,
      "translation_y": 0.610076904296875
    }
  ]
}