{
  "id": "frame_585",
  "user": "NPC-A\u0130",
  "frame": "frame_585",
  "detected_objects": [
    {
      "cls": 0.0,
      "top_left_x": 1768.22509765625,
      "top_left_y": 762.2315063476562,
      "bottom_right_x": 1920.0,
      "bottom_right_y": 849.8430786132812
    }
  ],
  "detected_translations": [
    {
      "translation_x": -2.015550231933594,
      "translation_y": 77.98060913085938
    }
  ]
}