{
  "id": "frame_2403",
  "user": "NPC-AI",
  "frame": "frame_2403",
  "detected_objects": [
    {
      "cls": 1,
      "landing_status": -1,
      "top_left_x": 221.06393432617188,
      "top_left_y": 532.7264404296875,
      "bottom_right_x": 254.94412231445312,
      "bottom_right_y": 560.7596435546875
    },
    {
      "cls": 1,
      "landing_status": -1,
      "top_left_x": 75.95783233642578,
      "top_left_y": 446.38916015625,
      "bottom_right_x": 126.46794891357422,
      "bottom_right_y": 471.95404052734375
    },
    {
      "cls": 1,
      "landing_status": -1,
      "top_left_x": 181.4459228515625,
      "top_left_y": 36.2569580078125,
      "bottom_right_x": 216.69415283203125,
      "bottom_right_y": 63.11853790283203
    }
  ],
  "detected_translations": [
    {
      "translation_x": -33.16278419494629,
      "translation_y": -14.304624938964844
    }
  ]
}