{
  "id": "frame_2702",
  "user": "NPC-A\u0130",
  "frame": "frame_2702",
  "detected_objects": [
    {
      "cls": 1.0,
      "top_left_x": 1885.297119140625,
      "top_left_y": 57.671730041503906,
      "bottom_right_x": 1920.0,
      "bottom_right_y": 84.71526336669922
    }
  ],
  "detected_translations": [
    {
      "translation_x": -78.23659706115723,
      "translation_y": -31.5228271484375
    }
  ]
}