{
  "id": "frame_690",
  "user": "NPC-A\u0130",
  "frame": "frame_690",
  "detected_objects": [
    {
      "cls": 1.0,
      "top_left_x": 1081.372802734375,
      "top_left_y": 135.1890869140625,
      "bottom_right_x": 1115.042724609375,
      "bottom_right_y": 167.21124267578125
    }
  ],
  "detected_translations": [
    {
      "translation_x": -3.3762298583984376,
      "translation_y": 103.47269897460937
    }
  ]
}