{
  "id": "frame_892",
  "user": "NPC-A\u0130",
  "frame": "frame_892",
  "detected_objects": [
    {
      "cls": 0.0,
      "top_left_x": 750.52197265625,
      "top_left_y": 0.3740692138671875,
      "bottom_right_x": 838.837646484375,
      "bottom_right_y": 157.27169799804688
    },
    {
      "cls": 0.0,
      "top_left_x": 130.84698486328125,
      "top_left_y": 307.4951477050781,
      "bottom_right_x": 317.6094665527344,
      "bottom_right_y": 393.3738098144531
    }
  ],
  "detected_translations": [
    {
      "translation_x": 28.584576416015626,
      "translation_y": 114.63068237304688
    }
  ]
}