{
  "id": "frame_941",
  "user": "NPC-A\u0130",
  "frame": "frame_941",
  "detected_objects": [
    {
      "cls": 0.0,
      "top_left_x": 1565.6259765625,
      "top_left_y": 404.9541015625,
      "bottom_right_x": 1772.986572265625,
      "bottom_right_y": 498.40411376953125
    },
    {
      "cls": 0.0,
      "top_left_x": 109.31018829345703,
      "top_left_y": 18.106948852539062,
      "bottom_right_x": 212.635498046875,
      "bottom_right_y": 197.77381896972656
    }
  ],
  "detected_translations": [
    {
      "translation_x": 45.06680755615234,
      "translation_y": 116.28651275634766
    }
  ]
}