{
  "id": "frame_1439",
  "user": "NPC-A\u0130",
  "frame": "frame_1439",
  "detected_objects": [
    {
      "cls": 1.0,
      "top_left_x": 452.68701171875,
      "top_left_y": 693.5748291015625,
      "bottom_right_x": 496.0103759765625,
      "bottom_right_y": 722.4613037109375
    }
  ],
  "detected_translations": [
    {
      "translation_x": 78.21515235900878,
      "translation_y": -12.00719757080078
    }
  ]
}