{
  "id": "frame_876",
  "user": "NPC-AI",
  "frame": "frame_876",
  "detected_objects": [
    {
      "cls": 0,
      "landing_status": -1,
      "top_left_x": 946.0709228515625,
      "top_left_y": 0.0,
      "bottom_right_x": 1028.5604248046875,
      "bottom_right_y": 148.61154174804688
    },
    {
      "cls": 0,
      "landing_status": -1,
      "top_left_x": 481.6798400878906,
      "top_left_y": 309.2748718261719,
      "bottom_right_x": 670.5946044921875,
      "bottom_right_y": 390.6839904785156
    },
    {
      "cls": 1,
      "landing_status": -1,
      "top_left_x": 1171.656982421875,
      "top_left_y": 221.8778076171875,
      "bottom_right_x": 1208.4765625,
      "bottom_right_y": 257.4561767578125
    },
    {
      "cls": 1,
      "landing_status": -1,
      "top_left_x": 1635.642578125,
      "top_left_y": 672.6568603515625,
      "bottom_right_x": 1690.636962890625,
      "bottom_right_y": 705.7481689453125
    }
  ],
  "detected_translations": [
    {
      "translation_x": 23.429080200195312,
      "translation_y": 114.34457550048828
    }
  ]
}