{
  "id": "frame_1528",
  "user": "NPC-A\u0130",
  "frame": "frame_1528",
  "detected_objects": [
    {
      "cls": 0.0,
      "top_left_x": 305.1446228027344,
      "top_left_y": 447.185791015625,
      "bottom_right_x": 385.5422058105469,
      "bottom_right_y": 516.1536865234375
    }
  ],
  "detected_translations": [
    {
      "translation_x": 77.94781761169433,
      "translation_y": -44.62232513427735
    }
  ]
}