{
  "id": "frame_2674",
  "user": "NPC-A\u0130",
  "frame": "frame_2674",
  "detected_objects": [
    {
      "cls": 1.0,
      "top_left_x": 986.6508178710938,
      "top_left_y": 111.347412109375,
      "bottom_right_x": 1016.9315795898438,
      "bottom_right_y": 156.15554809570312
    },
    {
      "cls": 1.0,
      "top_left_x": 1836.4150390625,
      "top_left_y": 199.60427856445312,
      "bottom_right_x": 1886.77978515625,
      "bottom_right_y": 232.19924926757812
    },
    {
      "cls": 1.0,
      "top_left_x": 1440.0556640625,
      "top_left_y": 75.64665222167969,
      "bottom_right_x": 1463.09619140625,
      "bottom_right_y": 107.83071899414062
    }
  ],
  "detected_translations": [
    {
      "translation_x": -77.33134651184082,
      "translation_y": -27.608950805664062
    }
  ]
}