{
  "id": "frame_218",
  "user": "NPC-A\u0130",
  "frame": "frame_218",
  "detected_objects": [
    {
      "cls": 1.0,
      "top_left_x": 1352.9544677734375,
      "top_left_y": 740.8716430664062,
      "bottom_right_x": 1389.9534912109375,
      "bottom_right_y": 771.5493774414062
    }
  ],
  "detected_translations": [
    {
      "translation_x": -0.596893310546875,
      "translation_y": 11.12603759765625
    }
  ]
}