{
  "id": "frame_677",
  "user": "NPC-AI",
  "frame": "frame_677",
  "detected_objects": [
    {
      "cls": 1,
      "landing_status": -1,
      "top_left_x": 1102.8604736328125,
      "top_left_y": 3.135700225830078,
      "bottom_right_x": 1143.3074951171875,
      "bottom_right_y": 43.25959396362305
    },
    {
      "cls": 1,
      "landing_status": -1,
      "top_left_x": 1008.255615234375,
      "top_left_y": 0.0,
      "bottom_right_x": 1042.487548828125,
      "bottom_right_y": 41.08773422241211
    },
    {
      "cls": 1,
      "landing_status": -1,
      "top_left_x": 1009.774658203125,
      "top_left_y": 29.724029541015625,
      "bottom_right_x": 1046.10595703125,
      "bottom_right_y": 66.95419311523438
    }
  ],
  "detected_translations": [
    {
      "translation_x": -2.9521820068359377,
      "translation_y": 99.7849723815918
    }
  ]
}