{
  "id": "frame_240",
  "user": "NPC-A\u0130",
  "frame": "frame_240",
  "detected_objects": [
    {
      "cls": 1.0,
      "top_left_x": 1358.777587890625,
      "top_left_y": 819.3936767578125,
      "bottom_right_x": 1393.521728515625,
      "bottom_right_y": 851.8052978515625
    }
  ],
  "detected_translations": [
    {
      "translation_x": -0.717840576171875,
      "translation_y": 12.9319580078125
    }
  ]
}