{
  "id": "frame_2665",
  "user": "NPC-A\u0130",
  "frame": "frame_2665",
  "detected_objects": [
    {
      "cls": 1.0,
      "top_left_x": 1827.302490234375,
      "top_left_y": 244.34494018554688,
      "bottom_right_x": 1871.637451171875,
      "bottom_right_y": 271.5530700683594
    },
    {
      "cls": 1.0,
      "top_left_x": 909.4365844726562,
      "top_left_y": 35.42831802368164,
      "bottom_right_x": 946.0702514648438,
      "bottom_right_y": 59.807559967041016
    },
    {
      "cls": 1.0,
      "top_left_x": 1174.92822265625,
      "top_left_y": 25.96497344970703,
      "bottom_right_x": 1195.46875,
      "bottom_right_y": 54.446746826171875
    },
    {
      "cls": 1.0,
      "top_left_x": 928.4915161132812,
      "top_left_y": 167.10235595703125,
      "bottom_right_x": 956.3847045898438,
      "bottom_right_y": 190.64544677734375
    }
  ],
  "detected_translations": [
    {
      "translation_x": -77.16209602355957,
      "translation_y": -26.480841064453124
    }
  ]
}