{
  "id": "frame_580",
  "user": "NPC-AI",
  "frame": "frame_580",
  "detected_objects": [
    {
      "cls": 0,
      "landing_status": -1,
      "top_left_x": 1769.34619140625,
      "top_left_y": 706.0477905273438,
      "bottom_right_x": 1920.0,
      "bottom_right_y": 790.8485717773438
    }
  ],
  "detected_translations": [
    {
      "translation_x": -1.7667098999023438,
      "translation_y": 76.79598236083984
    }
  ]
}