{
  "id": "frame_3310",
  "user": "NPC-A\u0130",
  "frame": "frame_3310",
  "detected_objects": [
    {
      "cls": 1.0,
      "top_left_x": 811.4713745117188,
      "top_left_y": 263.771240234375,
      "bottom_right_x": 846.0927124023438,
      "bottom_right_y": 305.36181640625
    }
  ],
  "detected_translations": [
    {
      "translation_x": 29.582564926147462,
      "translation_y": -36.42713623046875
    }
  ]
}