{
  "id": "frame_2422",
  "user": "NPC-A\u0130",
  "frame": "frame_2422",
  "detected_objects": [
    {
      "cls": 1.0,
      "top_left_x": 438.17254638671875,
      "top_left_y": 582.467041015625,
      "bottom_right_x": 463.89776611328125,
      "bottom_right_y": 612.279296875
    },
    {
      "cls": 1.0,
      "top_left_x": 254.74147033691406,
      "top_left_y": 457.8567810058594,
      "bottom_right_x": 303.234375,
      "bottom_right_y": 486.1069641113281
    },
    {
      "cls": 1.0,
      "top_left_x": 49.56855010986328,
      "top_left_y": 644.1092529296875,
      "bottom_right_x": 88.48812103271484,
      "bottom_right_y": 663.1700439453125
    },
    {
      "cls": 1.0,
      "top_left_x": 123.62593841552734,
      "top_left_y": 62.55580139160156,
      "bottom_right_x": 162.95223999023438,
      "bottom_right_y": 90.12538146972656
    }
  ],
  "detected_translations": [
    {
      "translation_x": -38.630362319946286,
      "translation_y": -13.821805572509765
    }
  ]
}