{
  "id": "frame_1553",
  "user": "NPC-AI",
  "frame": "frame_1553",
  "detected_objects": [
    {
      "cls": 1,
      "landing_status": -1,
      "top_left_x": 554.316162109375,
      "top_left_y": 730.7200317382812,
      "bottom_right_x": 592.336669921875,
      "bottom_right_y": 764.9707641601562
    }
  ],
  "detected_translations": [
    {
      "translation_x": 78.38903465270997,
      "translation_y": -53.265655517578125
    }
  ]
}