{
  "id": "frame_1562",
  "user": "NPC-A\u0130",
  "frame": "frame_1562",
  "detected_objects": [
    {
      "cls": 1.0,
      "top_left_x": 557.70068359375,
      "top_left_y": 591.8961181640625,
      "bottom_right_x": 593.54638671875,
      "bottom_right_y": 630.5653076171875
    }
  ],
  "detected_translations": [
    {
      "translation_x": 78.34145317077636,
      "translation_y": -56.45165863037109
    }
  ]
}