{
  "id": "frame_2689",
  "user": "NPC-AI",
  "frame": "frame_2689",
  "detected_objects": [
    {
      "cls": 1,
      "landing_status": -1,
      "top_left_x": 1865.267578125,
      "top_left_y": 121.47698974609375,
      "bottom_right_x": 1915.142578125,
      "bottom_right_y": 160.32293701171875
    },
    {
      "cls": 1,
      "landing_status": -1,
      "top_left_x": 1046.6632080078125,
      "top_left_y": 72.51849365234375,
      "bottom_right_x": 1073.4991455078125,
      "bottom_right_y": 98.93690490722656
    },
    {
      "cls": 1,
      "landing_status": -1,
      "top_left_x": 1058.364013671875,
      "top_left_y": 36.5318603515625,
      "bottom_right_x": 1080.06689453125,
      "bottom_right_y": 71.60919952392578
    }
  ],
  "detected_translations": [
    {
      "translation_x": -76.95098304748535,
      "translation_y": -29.70575866699219
    }
  ]
}