{
  "id": "frame_820",
  "user": "NPC-A\u0130",
  "frame": "frame_820",
  "detected_objects": [
    {
      "cls": 0.0,
      "top_left_x": 1636.302978515625,
      "top_left_y": 294.2485656738281,
      "bottom_right_x": 1861.162353515625,
      "bottom_right_y": 390.6703796386719
    },
    {
      "cls": 1.0,
      "top_left_x": 480.68597412109375,
      "top_left_y": 536.560302734375,
      "bottom_right_x": 531.4271850585938,
      "bottom_right_y": 562.1263427734375
    },
    {
      "cls": 1.0,
      "top_left_x": 309.10107421875,
      "top_left_y": 120.17684936523438,
      "bottom_right_x": 350.38330078125,
      "bottom_right_y": 148.039794921875
    },
    {
      "cls": 0.0,
      "top_left_x": 1595.1439208984375,
      "top_left_y": 958.8670654296875,
      "bottom_right_x": 1684.1717529296875,
      "bottom_right_y": 1079.3507080078125
    }
  ],
  "detected_translations": [
    {
      "translation_x": 7.406100463867188,
      "translation_y": 113.31919403076172
    }
  ]
}