{
  "id": "frame_3",
  "user": "NPC-AI",
  "frame": "frame_3",
  "detected_objects": [
    {
      "cls": 1,
      "landing_status": -1,
      "top_left_x": 1271.006103515625,
      "top_left_y": 195.36863708496094,
      "bottom_right_x": 1303.645263671875,
      "bottom_right_y": 229.45643615722656
    },
    {
      "cls": 1,
      "landing_status": -1,
      "top_left_x": 1676.999755859375,
      "top_left_y": 619.65576171875,
      "bottom_right_x": 1729.278564453125,
      "bottom_right_y": 660.5126953125
    }
  ],
  "detected_translations": [
    {
      "translation_x": -0.020465087890625,
      "translation_y": 0.10626068115234374
    }
  ]
}