{
  "id": "frame_1333",
  "user": "NPC-AI",
  "frame": "frame_1333",
  "detected_objects": [
    {
      "cls": 1,
      "landing_status": -1,
      "top_left_x": 1167.135986328125,
      "top_left_y": 486.5291748046875,
      "bottom_right_x": 1195.351806640625,
      "bottom_right_y": 513.0345458984375
    },
    {
      "cls": 1,
      "landing_status": -1,
      "top_left_x": 1142.22900390625,
      "top_left_y": 488.80694580078125,
      "bottom_right_x": 1166.50537109375,
      "bottom_right_y": 520.232421875
    }
  ],
  "detected_translations": [
    {
      "translation_x": 78.75502662658691,
      "translation_y": 26.677735137939454
    }
  ]
}