{
  "id": "frame_1368",
  "user": "NPC-AI",
  "frame": "frame_1368",
  "detected_objects": [
    {
      "cls": 1,
      "landing_status": -1,
      "top_left_x": 1173.320556640625,
      "top_left_y": 878.610107421875,
      "bottom_right_x": 1200.86865234375,
      "bottom_right_y": 909.79443359375
    },
    {
      "cls": 0,
      "landing_status": -1,
      "top_left_x": 891.4439697265625,
      "top_left_y": 690.8026123046875,
      "bottom_right_x": 921.8626708984375,
      "bottom_right_y": 777.3280029296875
    },
    {
      "cls": 1,
      "landing_status": -1,
      "top_left_x": 1250.09326171875,
      "top_left_y": 864.8599243164062,
      "bottom_right_x": 1279.4951171875,
      "bottom_right_y": 902.5808715820312
    },
    {
      "cls": 1,
      "landing_status": -1,
      "top_left_x": 1220.56298828125,
      "top_left_y": 884.8381958007812,
      "bottom_right_x": 1249.277587890625,
      "bottom_right_y": 927.9165649414062
    }
  ],
  "detected_translations": [
    {
      "translation_x": 78.96433601379394,
      "translation_y": 15.053212738037109
    }
  ]
}