{
  "id": "frame_2689",
  "user": "NPC-A\u0130",
  "frame": "frame_2689",
  "detected_objects": [
    {
      "cls": 1.0,
      "top_left_x": 1864.251708984375,
      "top_left_y": 119.38998413085938,
      "bottom_right_x": 1917.02294921875,
      "bottom_right_y": 159.26107788085938
    }
  ],
  "detected_translations": [
    {
      "translation_x": -76.95098304748535,
      "translation_y": -29.70575866699219
    }
  ]
}