{
  "id": "frame_187",
  "user": "NPC-A\u0130",
  "frame": "frame_187",
  "detected_objects": [
    {
      "cls": 1.0,
      "top_left_x": 1346.5166015625,
      "top_left_y": 621.5498046875,
      "bottom_right_x": 1384.103515625,
      "bottom_right_y": 651.367431640625
    }
  ],
  "detected_translations": [
    {
      "translation_x": 0.2299285888671875,
      "translation_y": 8.856884002685547
    }
  ]
}