{
  "id": "frame_1399",
  "user": "NPC-A\u0130",
  "frame": "frame_1399",
  "detected_objects": [
    {
      "cls": 1.0,
      "top_left_x": 1197.810546875,
      "top_left_y": 390.83953857421875,
      "bottom_right_x": 1225.580078125,
      "bottom_right_y": 421.22113037109375
    },
    {
      "cls": 1.0,
      "top_left_x": 1271.756103515625,
      "top_left_y": 387.73040771484375,
      "bottom_right_x": 1298.6728515625,
      "bottom_right_y": 418.87615966796875
    }
  ],
  "detected_translations": [
    {
      "translation_x": 78.47763404846191,
      "translation_y": 3.4974693298339843
    }
  ]
}