{
  "id": "frame_932",
  "user": "NPC-A\u0130",
  "frame": "frame_932",
  "detected_objects": [
    {
      "cls": 0.0,
      "top_left_x": 232.59103393554688,
      "top_left_y": 12.93975830078125,
      "bottom_right_x": 333.3429870605469,
      "bottom_right_y": 190.76983642578125
    },
    {
      "cls": 0.0,
      "top_left_x": 1840.30419921875,
      "top_left_y": 402.88067626953125,
      "bottom_right_x": 1920.0,
      "bottom_right_y": 496.14739990234375
    }
  ],
  "detected_translations": [
    {
      "translation_x": 41.675296020507815,
      "translation_y": 116.09089508056641
    }
  ]
}