{
  "id": "frame_176",
  "user": "NPC-AI",
  "frame": "frame_176",
  "detected_objects": [
    {
      "cls": 1,
      "landing_status": -1,
      "top_left_x": 1344.28955078125,
      "top_left_y": 576.361328125,
      "bottom_right_x": 1380.505615234375,
      "bottom_right_y": 605.313232421875
    },
    {
      "cls": 1,
      "landing_status": -1,
      "top_left_x": 1505.6484375,
      "top_left_y": 939.5791015625,
      "bottom_right_x": 1537.989501953125,
      "bottom_right_y": 974.232666015625
    }
  ],
  "detected_translations": [
    {
      "translation_x": -0.3476287841796875,
      "translation_y": 7.897749328613282
    }
  ]
}