{
  "id": "frame_2003",
  "user": "NPC-AI",
  "frame": "frame_2003",
  "detected_objects": [
    {
      "cls": 0,
      "landing_status": -1,
      "top_left_x": 1.422515869140625,
      "top_left_y": 842.396240234375,
      "bottom_right_x": 205.63107299804688,
      "bottom_right_y": 929.49853515625
    },
    {
      "cls": 0,
      "landing_status": -1,
      "top_left_x": 868.2431640625,
      "top_left_y": 872.58642578125,
      "bottom_right_x": 1088.561279296875,
      "bottom_right_y": 966.892822265625
    },
    {
      "cls": 1,
      "landing_status": -1,
      "top_left_x": 0.10289382934570312,
      "top_left_y": 995.075927734375,
      "bottom_right_x": 57.376285552978516,
      "bottom_right_y": 1075.885009765625
    },
    {
      "cls": 0,
      "landing_status": -1,
      "top_left_x": 1880.3958740234375,
      "top_left_y": 948.9305419921875,
      "bottom_right_x": 1920.0,
      "bottom_right_y": 1060.269287109375
    }
  ],
  "detected_translations": [
    {
      "translation_x": -1.8409366607666016,
      "translation_y": -59.73445053100586
    }
  ]
}