{
  "id": "frame_105",
  "user": "NPC-A\u0130",
  "frame": "frame_105",
  "detected_objects": [
    {
      "cls": 1.0,
      "top_left_x": 1320.5125732421875,
      "top_left_y": 275.7100524902344,
      "bottom_right_x": 1355.1693115234375,
      "bottom_right_y": 312.4933166503906
    }
  ],
  "detected_translations": [
    {
      "translation_x": 0.21258544921875,
      "translation_y": 1.4001846313476562
    }
  ]
}