{
  "id": "frame_1492",
  "user": "NPC-A\u0130",
  "frame": "frame_1492",
  "detected_objects": [
    {
      "cls": 0.0,
      "top_left_x": 0.0,
      "top_left_y": 1057.2503662109375,
      "bottom_right_x": 67.44696044921875,
      "bottom_right_y": 1079.5423583984375
    }
  ],
  "detected_translations": [
    {
      "translation_x": 78.12361106872558,
      "translation_y": -32.058641815185545
    }
  ]
}