{
  "id": "frame_0530",
  "user": "NPC-AI",
  "frame": "frame_0530",
  "detected_objects": [
    {
      "cls": 2,
      "landing_status": 1,
      "top_left_x": 646.5164184570312,
      "top_left_y": 27.711177825927734,
      "bottom_right_x": 775.8096313476562,
      "bottom_right_y": 132.638916015625
    },
    {
      "cls": 1,
      "landing_status": -1,
      "top_left_x": 1831.2349853515625,
      "top_left_y": 656.6514892578125,
      "bottom_right_x": 1873.3665771484375,
      "bottom_right_y": 689.0032958984375
    },
    {
      "cls": 1,
      "landing_status": -1,
      "top_left_x": 1178.56103515625,
      "top_left_y": 168.9834442138672,
      "bottom_right_x": 1211.07275390625,
      "bottom_right_y": 208.71607971191406
    }
  ],
  "detected_translations": [
    {
      "translation_x": -0.39638671875,
      "translation_y": 1.4147758483886719
    }
  ]
}