{
  "id": "frame_1408",
  "user": "NPC-AI",
  "frame": "frame_1408",
  "detected_objects": [
    {
      "cls": 1,
      "landing_status": -1,
      "top_left_x": 1277.9007568359375,
      "top_left_y": 234.34359741210938,
      "bottom_right_x": 1309.7110595703125,
      "bottom_right_y": 269.2735290527344
    },
    {
      "cls": 1,
      "landing_status": -1,
      "top_left_x": 1244.3115234375,
      "top_left_y": 255.17398071289062,
      "bottom_right_x": 1277.79931640625,
      "bottom_right_y": 290.8992614746094
    },
    {
      "cls": 1,
      "landing_status": -1,
      "top_left_x": 1207.197509765625,
      "top_left_y": 239.31752014160156,
      "bottom_right_x": 1233.409912109375,
      "bottom_right_y": 271.8709716796875
    }
  ],
  "detected_translations": [
    {
      "translation_x": 78.26320381164551,
      "translation_y": -0.12385940551757812
    }
  ]
}