{
  "id": "frame_1314",
  "user": "NPC-A\u0130",
  "frame": "frame_1314",
  "detected_objects": [
    {
      "cls": 0.0,
      "top_left_x": 1477.788818359375,
      "top_left_y": 727.7674560546875,
      "bottom_right_x": 1553.660888671875,
      "bottom_right_y": 764.2611083984375
    }
  ],
  "detected_translations": [
    {
      "translation_x": 79.28680763244628,
      "translation_y": 33.111481475830075
    }
  ]
}