{
  "id": "frame_797",
  "user": "NPC-A\u0130",
  "frame": "frame_797",
  "detected_objects": [
    {
      "cls": 1.0,
      "top_left_x": 696.2219848632812,
      "top_left_y": 525.3673095703125,
      "bottom_right_x": 734.5097045898438,
      "bottom_right_y": 551.4779052734375
    },
    {
      "cls": 1.0,
      "top_left_x": 437.2130126953125,
      "top_left_y": 101.79423522949219,
      "bottom_right_x": 483.28369140625,
      "bottom_right_y": 130.58160400390625
    },
    {
      "cls": 0.0,
      "top_left_x": 1772.950439453125,
      "top_left_y": 944.984619140625,
      "bottom_right_x": 1868.081298828125,
      "bottom_right_y": 1079.6793212890625
    }
  ],
  "detected_translations": [
    {
      "translation_x": 2.548651123046875,
      "translation_y": 113.39095764160156
    }
  ]
}