{
  "id": "frame_118",
  "user": "NPC-A\u0130",
  "frame": "frame_118",
  "detected_objects": [
    {
      "cls": 1.0,
      "top_left_x": 1325.656494140625,
      "top_left_y": 330.08233642578125,
      "bottom_right_x": 1361.666259765625,
      "bottom_right_y": 361.20025634765625
    }
  ],
  "detected_translations": [
    {
      "translation_x": 0.2102569580078125,
      "translation_y": 2.47462158203125
    }
  ]
}