{
  "id": "frame_945",
  "user": "NPC-AI",
  "frame": "frame_945",
  "detected_objects": [
    {
      "cls": 0,
      "landing_status": -1,
      "top_left_x": 54.34912109375,
      "top_left_y": 19.447860717773438,
      "bottom_right_x": 157.798583984375,
      "bottom_right_y": 200.7080078125
    },
    {
      "cls": 0,
      "landing_status": -1,
      "top_left_x": 1634.1744384765625,
      "top_left_y": 789.1650390625,
      "bottom_right_x": 1758.3580322265625,
      "bottom_right_y": 1001.742919921875
    },
    {
      "cls": 0,
      "landing_status": -1,
      "top_left_x": 1450.571533203125,
      "top_left_y": 409.35125732421875,
      "bottom_right_x": 1646.193115234375,
      "bottom_right_y": 496.8189697265625
    },
    {
      "cls": 1,
      "landing_status": -1,
      "top_left_x": 416.5101318359375,
      "top_left_y": 273.40875244140625,
      "bottom_right_x": 467.5711669921875,
      "bottom_right_y": 307.9381103515625
    }
  ],
  "detected_translations": [
    {
      "translation_x": 46.56759338378906,
      "translation_y": 116.38206329345704
    }
  ]
}