{
  "id": "frame_3302",
  "user": "NPC-A\u0130",
  "frame": "frame_3302",
  "detected_objects": [
    {
      "cls": 1.0,
      "top_left_x": 921.787841796875,
      "top_left_y": 246.6281280517578,
      "bottom_right_x": 956.9246826171875,
      "bottom_right_y": 274.64703369140625
    },
    {
      "cls": 1.0,
      "top_left_x": 812.3887939453125,
      "top_left_y": 971.406005859375,
      "bottom_right_x": 846.9468994140625,
      "bottom_right_y": 1004.1533203125
    }
  ],
  "detected_translations": [
    {
      "translation_x": 26.831473922729494,
      "translation_y": -36.366407775878905
    }
  ]
}