{
  "id": "frame_957",
  "user": "NPC-A\u0130",
  "frame": "frame_957",
  "detected_objects": [
    {
      "cls": 0.0,
      "top_left_x": 1089.297119140625,
      "top_left_y": 410.29095458984375,
      "bottom_right_x": 1275.161376953125,
      "bottom_right_y": 499.893798828125
    }
  ],
  "detected_translations": [
    {
      "translation_x": 51.66359405517578,
      "translation_y": 116.61217193603515
    }
  ]
}