{
  "id": "frame_1465",
  "user": "NPC-A\u0130",
  "frame": "frame_1465",
  "detected_objects": [
    {
      "cls": 1.0,
      "top_left_x": 398.8533935546875,
      "top_left_y": 282.56549072265625,
      "bottom_right_x": 449.42901611328125,
      "bottom_right_y": 310.978759765625
    }
  ],
  "detected_translations": [
    {
      "translation_x": 77.91479301452637,
      "translation_y": -22.200013732910158
    }
  ]
}