{
  "id": "frame_557",
  "user": "NPC-AI",
  "frame": "frame_557",
  "detected_objects": [
    {
      "cls": 0,
      "landing_status": -1,
      "top_left_x": 1774.4423828125,
      "top_left_y": 451.674072265625,
      "bottom_right_x": 1920.0,
      "bottom_right_y": 536.6629638671875
    }
  ],
  "detected_translations": [
    {
      "translation_x": -1.6328018188476563,
      "translation_y": 71.90771026611328
    }
  ]
}