{
  "id": "frame_2651",
  "user": "NPC-A\u0130",
  "frame": "frame_2651",
  "detected_objects": [
    {
      "cls": 1.0,
      "top_left_x": 1800.6400146484375,
      "top_left_y": 317.48553466796875,
      "bottom_right_x": 1846.7896728515625,
      "bottom_right_y": 346.28424072265625
    },
    {
      "cls": 1.0,
      "top_left_x": 1152.9244384765625,
      "top_left_y": 77.54596710205078,
      "bottom_right_x": 1180.5487060546875,
      "bottom_right_y": 103.6862564086914
    },
    {
      "cls": 1.0,
      "top_left_x": 842.7669677734375,
      "top_left_y": 221.57168579101562,
      "bottom_right_x": 868.1258544921875,
      "bottom_right_y": 246.57522583007812
    },
    {
      "cls": 1.0,
      "top_left_x": 825.5745849609375,
      "top_left_y": 128.6190185546875,
      "bottom_right_x": 853.7088623046875,
      "bottom_right_y": 151.12261962890625
    }
  ],
  "detected_translations": [
    {
      "translation_x": -75.00024604797363,
      "translation_y": -24.818080139160156
    }
  ]
}