{
  "id": "frame_716",
  "user": "NPC-A\u0130",
  "frame": "frame_716",
  "detected_objects": [
    {
      "cls": 1.0,
      "top_left_x": 1035.804443359375,
      "top_left_y": 336.8968200683594,
      "bottom_right_x": 1061.303466796875,
      "bottom_right_y": 364.5270080566406
    },
    {
      "cls": 1.0,
      "top_left_x": 933.5169677734375,
      "top_left_y": 324.36944580078125,
      "bottom_right_x": 956.4774169921875,
      "bottom_right_y": 353.73468017578125
    }
  ],
  "detected_translations": [
    {
      "translation_x": -3.12581787109375,
      "translation_y": 108.59126892089844
    }
  ]
}