{
  "id": "frame_208",
  "user": "NPC-A\u0130",
  "frame": "frame_208",
  "detected_objects": [
    {
      "cls": 1.0,
      "top_left_x": 1351.4599609375,
      "top_left_y": 704.117431640625,
      "bottom_right_x": 1388.44775390625,
      "bottom_right_y": 734.01708984375
    }
  ],
  "detected_translations": [
    {
      "translation_x": -0.284295654296875,
      "translation_y": 10.511753845214844
    }
  ]
}