{
  "id": "frame_2671",
  "user": "NPC-A\u0130",
  "frame": "frame_2671",
  "detected_objects": [
    {
      "cls": 1.0,
      "top_left_x": 1432.64501953125,
      "top_left_y": 90.25186157226562,
      "bottom_right_x": 1456.89208984375,
      "bottom_right_y": 124.83531188964844
    },
    {
      "cls": 1.0,
      "top_left_x": 1828.9991455078125,
      "top_left_y": 215.12750244140625,
      "bottom_right_x": 1881.7576904296875,
      "bottom_right_y": 246.3638916015625
    },
    {
      "cls": 1.0,
      "top_left_x": 970.5726318359375,
      "top_left_y": 127.803466796875,
      "bottom_right_x": 995.5416259765625,
      "bottom_right_y": 170.52151489257812
    }
  ],
  "detected_translations": [
    {
      "translation_x": -77.00062294006348,
      "translation_y": -27.273143005371093
    }
  ]
}