{
  "id": "frame_1395",
  "user": "NPC-AI",
  "frame": "frame_1395",
  "detected_objects": [
    {
      "cls": 1,
      "landing_status": -1,
      "top_left_x": 1238.26708984375,
      "top_left_y": 470.15374755859375,
      "bottom_right_x": 1268.3740234375,
      "bottom_right_y": 499.74493408203125
    },
    {
      "cls": 1,
      "landing_status": -1,
      "top_left_x": 1194.494140625,
      "top_left_y": 450.8552551269531,
      "bottom_right_x": 1223.42626953125,
      "bottom_right_y": 483.5332336425781
    },
    {
      "cls": 1,
      "landing_status": -1,
      "top_left_x": 1267.9140625,
      "top_left_y": 451.50213623046875,
      "bottom_right_x": 1294.95263671875,
      "bottom_right_y": 474.71746826171875
    },
    {
      "cls": 0,
      "landing_status": -1,
      "top_left_x": 911.220703125,
      "top_left_y": 321.56195068359375,
      "bottom_right_x": 938.9638671875,
      "bottom_right_y": 408.02557373046875
    }
  ],
  "detected_translations": [
    {
      "translation_x": 78.55872688293456,
      "translation_y": 5.113396453857422
    }
  ]
}