{
  "id": "frame_1365",
  "user": "NPC-AI",
  "frame": "frame_1365",
  "detected_objects": [
    {
      "cls": 1,
      "landing_status": -1,
      "top_left_x": 1172.148681640625,
      "top_left_y": 924.166748046875,
      "bottom_right_x": 1199.602294921875,
      "bottom_right_y": 958.205810546875
    },
    {
      "cls": 0,
      "landing_status": -1,
      "top_left_x": 889.270751953125,
      "top_left_y": 732.970458984375,
      "bottom_right_x": 919.757568359375,
      "bottom_right_y": 817.812744140625
    },
    {
      "cls": 1,
      "landing_status": -1,
      "top_left_x": 1217.9326171875,
      "top_left_y": 927.1820068359375,
      "bottom_right_x": 1247.987060546875,
      "bottom_right_y": 975.507568359375
    }
  ],
  "detected_translations": [
    {
      "translation_x": 79.00665321350098,
      "translation_y": 16.162354278564454
    }
  ]
}