{
  "id": "frame_1474",
  "user": "NPC-AI",
  "frame": "frame_1474",
  "detected_objects": [
    {
      "cls": 1,
      "landing_status": -1,
      "top_left_x": 384.2920227050781,
      "top_left_y": 163.7400665283203,
      "bottom_right_x": 432.5409240722656,
      "bottom_right_y": 201.6621551513672
    },
    {
      "cls": 1,
      "landing_status": -1,
      "top_left_x": 377.99761962890625,
      "top_left_y": 140.47897338867188,
      "bottom_right_x": 427.41094970703125,
      "bottom_right_y": 176.4493408203125
    }
  ],
  "detected_translations": [
    {
      "translation_x": 78.07320060729981,
      "translation_y": -25.49969482421875
    }
  ]
}