{
  "id": "frame_1436",
  "user": "NPC-AI",
  "frame": "frame_1436",
  "detected_objects": [
    {
      "cls": 1,
      "landing_status": -1,
      "top_left_x": 457.7162780761719,
      "top_left_y": 739.689453125,
      "bottom_right_x": 501.8706970214844,
      "bottom_right_y": 766.418701171875
    },
    {
      "cls": 1,
      "landing_status": -1,
      "top_left_x": 463.1163330078125,
      "top_left_y": 763.8900146484375,
      "bottom_right_x": 501.631591796875,
      "bottom_right_y": 793.1549072265625
    }
  ],
  "detected_translations": [
    {
      "translation_x": 78.17322731018066,
      "translation_y": -10.975334167480469
    }
  ]
}