{
  "id": "frame_1363",
  "user": "NPC-A\u0130",
  "frame": "frame_1363",
  "detected_objects": [
    {
      "cls": 1.0,
      "top_left_x": 1171.41259765625,
      "top_left_y": 947.0281982421875,
      "bottom_right_x": 1198.86474609375,
      "bottom_right_y": 990.0133056640625
    }
  ],
  "detected_translations": [
    {
      "translation_x": 79.21403541564942,
      "translation_y": 16.686486053466798
    }
  ]
}