{
  "id": "frame_728",
  "user": "NPC-A\u0130",
  "frame": "frame_728",
  "detected_objects": [
    {
      "cls": 1.0,
      "top_left_x": 1012.246337890625,
      "top_left_y": 390.0889892578125,
      "bottom_right_x": 1044.57958984375,
      "bottom_right_y": 416.845703125
    }
  ],
  "detected_translations": [
    {
      "translation_x": -2.476837158203125,
      "translation_y": 109.90757751464844
    }
  ]
}