{
  "id": "frame_2637",
  "user": "NPC-A\u0130",
  "frame": "frame_2637",
  "detected_objects": [
    {
      "cls": 1.0,
      "top_left_x": 783.4315185546875,
      "top_left_y": 270.65753173828125,
      "bottom_right_x": 810.7174072265625,
      "bottom_right_y": 297.30084228515625
    },
    {
      "cls": 1.0,
      "top_left_x": 749.698974609375,
      "top_left_y": 219.49191284179688,
      "bottom_right_x": 780.0743408203125,
      "bottom_right_y": 256.580810546875
    },
    {
      "cls": 1.0,
      "top_left_x": 1774.181640625,
      "top_left_y": 395.49139404296875,
      "bottom_right_x": 1823.685546875,
      "bottom_right_y": 419.3017578125
    },
    {
      "cls": 1.0,
      "top_left_x": 1488.27490234375,
      "top_left_y": 45.73719024658203,
      "bottom_right_x": 1517.177490234375,
      "bottom_right_y": 73.3037338256836
    }
  ],
  "detected_translations": [
    {
      "translation_x": -72.27424812316895,
      "translation_y": -23.230244445800782
    }
  ]
}