{
  "id": "frame_74",
  "user": "NPC-A\u0130",
  "frame": "frame_74",
  "detected_objects": [
    {
      "cls": 1.0,
      "top_left_x": 1305.729248046875,
      "top_left_y": 217.67547607421875,
      "bottom_right_x": 1340.383544921875,
      "bottom_right_y": 250.46600341796875
    },
    {
      "cls": 1.0,
      "top_left_x": 1705.675048828125,
      "top_left_y": 813.083740234375,
      "bottom_right_x": 1733.7734375,
      "bottom_right_y": 844.7822265625
    }
  ],
  "detected_translations": [
    {
      "translation_x": 0.53358154296875,
      "translation_y": 0.45697479248046874
    }
  ]
}