{
  "id": "frame_2624",
  "user": "NPC-A\u0130",
  "frame": "frame_2624",
  "detected_objects": [
    {
      "cls": 1.0,
      "top_left_x": 1753.43115234375,
      "top_left_y": 470.0438232421875,
      "bottom_right_x": 1803.5283203125,
      "bottom_right_y": 492.4981689453125
    },
    {
      "cls": 1.0,
      "top_left_x": 716.872802734375,
      "top_left_y": 305.92584228515625,
      "bottom_right_x": 738.37646484375,
      "bottom_right_y": 340.7666015625
    },
    {
      "cls": 1.0,
      "top_left_x": 875.688232421875,
      "top_left_y": 99.03013610839844,
      "bottom_right_x": 912.781494140625,
      "bottom_right_y": 128.49171447753906
    }
  ],
  "detected_translations": [
    {
      "translation_x": -71.08657722473144,
      "translation_y": -21.61654739379883
    }
  ]
}