{
  "id": "frame_742",
  "user": "NPC-A\u0130",
  "frame": "frame_742",
  "detected_objects": [
    {
      "cls": 1.0,
      "top_left_x": 984.6829833984375,
      "top_left_y": 431.79718017578125,
      "bottom_right_x": 1020.7965087890625,
      "bottom_right_y": 458.32452392578125
    }
  ],
  "detected_translations": [
    {
      "translation_x": -3.146563720703125,
      "translation_y": 111.1107391357422
    }
  ]
}