{
  "id": "frame_2413",
  "user": "NPC-A\u0130",
  "frame": "frame_2413",
  "detected_objects": [
    {
      "cls": 1.0,
      "top_left_x": 168.89617919921875,
      "top_left_y": 449.7318115234375,
      "bottom_right_x": 212.87066650390625,
      "bottom_right_y": 480.0018310546875
    }
  ],
  "detected_translations": [
    {
      "translation_x": -36.15088233947754,
      "translation_y": -14.15028076171875
    }
  ]
}