{
  "id": "frame_547",
  "user": "NPC-A\u0130",
  "frame": "frame_547",
  "detected_objects": [
    {
      "cls": 0.0,
      "top_left_x": 1776.68212890625,
      "top_left_y": 341.16082763671875,
      "bottom_right_x": 1920.0,
      "bottom_right_y": 425.68572998046875
    }
  ],
  "detected_translations": [
    {
      "translation_x": -2.0200286865234376,
      "translation_y": 69.68188018798828
    }
  ]
}