{
  "id": "frame_153",
  "user": "NPC-AI",
  "frame": "frame_153",
  "detected_objects": [
    {
      "cls": 1,
      "landing_status": -1,
      "top_left_x": 1337.529296875,
      "top_left_y": 478.75592041015625,
      "bottom_right_x": 1374.525390625,
      "bottom_right_y": 507.42633056640625
    }
  ],
  "detected_translations": [
    {
      "translation_x": 0.1109771728515625,
      "translation_y": 6.070729827880859
    }
  ]
}