{
  "id": "frame_215",
  "user": "NPC-A\u0130",
  "frame": "frame_215",
  "detected_objects": [
    {
      "cls": 1.0,
      "top_left_x": 1352.57275390625,
      "top_left_y": 730.376220703125,
      "bottom_right_x": 1389.99755859375,
      "bottom_right_y": 759.92529296875
    }
  ],
  "detected_translations": [
    {
      "translation_x": -0.4232940673828125,
      "translation_y": 11.013585662841797
    }
  ]
}