{
  "id": "frame_230",
  "user": "NPC-A\u0130",
  "frame": "frame_230",
  "detected_objects": [
    {
      "cls": 1.0,
      "top_left_x": 1355.6893310546875,
      "top_left_y": 784.047119140625,
      "bottom_right_x": 1393.1141357421875,
      "bottom_right_y": 816.26123046875
    }
  ],
  "detected_translations": [
    {
      "translation_x": -0.766363525390625,
      "translation_y": 12.190015411376953
    }
  ]
}