{
  "id": "frame_963",
  "user": "NPC-A\u0130",
  "frame": "frame_963",
  "detected_objects": [
    {
      "cls": 0.0,
      "top_left_x": 909.9161376953125,
      "top_left_y": 409.29351806640625,
      "bottom_right_x": 1097.8560791015625,
      "bottom_right_y": 501.97393798828125
    },
    {
      "cls": 0.0,
      "top_left_x": 1379.044189453125,
      "top_left_y": 802.5267333984375,
      "bottom_right_x": 1483.29345703125,
      "bottom_right_y": 1020.84912109375
    },
    {
      "cls": 1.0,
      "top_left_x": 389.3657531738281,
      "top_left_y": 919.1890869140625,
      "bottom_right_x": 428.9854431152344,
      "bottom_right_y": 943.69384765625
    }
  ],
  "detected_translations": [
    {
      "translation_x": 53.95033264160156,
      "translation_y": 116.58131866455078
    }
  ]
}