{
  "id": "frame_102",
  "user": "NPC-AI",
  "frame": "frame_102",
  "detected_objects": [
    {
      "cls": 1,
      "landing_status": -1,
      "top_left_x": 1726.0001220703125,
      "top_left_y": 941.2098999023438,
      "bottom_right_x": 1770.6361083984375,
      "bottom_right_y": 965.3768920898438
    }
  ],
  "detected_translations": [
    {
      "translation_x": 0.2719696044921875,
      "translation_y": 1.2653701782226563
    }
  ]
}