{
  "id": "frame_3291",
  "user": "NPC-AI",
  "frame": "frame_3291",
  "detected_objects": [
    {
      "cls": 1,
      "landing_status": -1,
      "top_left_x": 1092.758056640625,
      "top_left_y": 218.32424926757812,
      "bottom_right_x": 1126.443603515625,
      "bottom_right_y": 260.1709899902344
    },
    {
      "cls": 1,
      "landing_status": -1,
      "top_left_x": 709.6556396484375,
      "top_left_y": 215.55584716796875,
      "bottom_right_x": 746.2325439453125,
      "bottom_right_y": 242.82354736328125
    }
  ],
  "detected_translations": [
    {
      "translation_x": 22.886277389526366,
      "translation_y": -36.425332641601564
    }
  ]
}