{
  "id": "frame_6",
  "user": "NPC-AI",
  "frame": "frame_6",
  "detected_objects": [
    {
      "cls": 1,
      "landing_status": -1,
      "top_left_x": 1273.5931396484375,
      "top_left_y": 195.51638793945312,
      "bottom_right_x": 1305.6527099609375,
      "bottom_right_y": 229.73046875
    },
    {
      "cls": 1,
      "landing_status": -1,
      "top_left_x": 1682.412353515625,
      "top_left_y": 635.5098876953125,
      "bottom_right_x": 1732.201904296875,
      "bottom_right_y": 666.1444091796875
    }
  ],
  "detected_translations": [
    {
      "translation_x": 0.1259033203125,
      "translation_y": 0.1698486328125
    }
  ]
}