{
  "id": "frame_1370",
  "user": "NPC-AI",
  "frame": "frame_1370",
  "detected_objects": [
    {
      "cls": 1,
      "landing_status": -1,
      "top_left_x": 1174.300537109375,
      "top_left_y": 843.8514404296875,
      "bottom_right_x": 1201.975830078125,
      "bottom_right_y": 878.3968505859375
    },
    {
      "cls": 1,
      "landing_status": -1,
      "top_left_x": 1222.65478515625,
      "top_left_y": 859.0650634765625,
      "bottom_right_x": 1250.78564453125,
      "bottom_right_y": 896.5438232421875
    },
    {
      "cls": 1,
      "landing_status": -1,
      "top_left_x": 1251.4053955078125,
      "top_left_y": 837.50537109375,
      "bottom_right_x": 1281.5985107421875,
      "bottom_right_y": 872.134033203125
    },
    {
      "cls": 0,
      "landing_status": -1,
      "top_left_x": 893.0901489257812,
      "top_left_y": 664.3908081054688,
      "bottom_right_x": 923.4078979492188,
      "bottom_right_y": 750.2615356445312
    }
  ],
  "detected_translations": [
    {
      "translation_x": 78.81430549621582,
      "translation_y": 14.435420989990234
    }
  ]
}