{
  "id": "frame_740",
  "user": "NPC-A\u0130",
  "frame": "frame_740",
  "detected_objects": [
    {
      "cls": 1.0,
      "top_left_x": 986.671630859375,
      "top_left_y": 425.70953369140625,
      "bottom_right_x": 1024.66162109375,
      "bottom_right_y": 452.97857666015625
    }
  ],
  "detected_translations": [
    {
      "translation_x": -3.17896728515625,
      "translation_y": 110.91552429199218
    }
  ]
}