{
  "id": "frame_3297",
  "user": "NPC-AI",
  "frame": "frame_3297",
  "detected_objects": [
    {
      "cls": 1,
      "landing_status": -1,
      "top_left_x": 999.546875,
      "top_left_y": 233.29144287109375,
      "bottom_right_x": 1035.711181640625,
      "bottom_right_y": 273.23284912109375
    }
  ],
  "detected_translations": [
    {
      "translation_x": 25.0379207611084,
      "translation_y": -36.38597869873047
    }
  ]
}