{
  "id": "frame_1466",
  "user": "NPC-AI",
  "frame": "frame_1466",
  "detected_objects": [
    {
      "cls": 1,
      "landing_status": -1,
      "top_left_x": 402.556396484375,
      "top_left_y": 293.44500732421875,
      "bottom_right_x": 448.44482421875,
      "bottom_right_y": 321.61468505859375
    },
    {
      "cls": 1,
      "landing_status": -1,
      "top_left_x": 396.2312927246094,
      "top_left_y": 266.0103759765625,
      "bottom_right_x": 445.5563049316406,
      "bottom_right_y": 298.0635986328125
    }
  ],
  "detected_translations": [
    {
      "translation_x": 77.89378547668457,
      "translation_y": -22.53379669189453
    }
  ]
}