{
  "id": "frame_1421",
  "user": "NPC-AI",
  "frame": "frame_1421",
  "detected_objects": [
    {
      "cls": 1,
      "landing_status": -1,
      "top_left_x": 1252.3367919921875,
      "top_left_y": 35.234283447265625,
      "bottom_right_x": 1285.3297119140625,
      "bottom_right_y": 82.64048767089844
    },
    {
      "cls": 1,
      "landing_status": -1,
      "top_left_x": 482.39434814453125,
      "top_left_y": 965.811279296875,
      "bottom_right_x": 522.6690063476562,
      "bottom_right_y": 1003.290283203125
    },
    {
      "cls": 1,
      "landing_status": -1,
      "top_left_x": 1282.98486328125,
      "top_left_y": 10.871978759765625,
      "bottom_right_x": 1315.03466796875,
      "bottom_right_y": 56.42595672607422
    },
    {
      "cls": 1,
      "landing_status": -1,
      "top_left_x": 1215.845947265625,
      "top_left_y": 14.357294082641602,
      "bottom_right_x": 1245.768310546875,
      "bottom_right_y": 55.92131805419922
    }
  ],
  "detected_translations": [
    {
      "translation_x": 78.16604804992676,
      "translation_y": -5.2404296875
    }
  ]
}