{
  "id": "frame_1152",
  "user": "NPC-A\u0130",
  "frame": "frame_1152",
  "detected_objects": [
    {
      "cls": 0.0,
      "top_left_x": 319.538330078125,
      "top_left_y": 0.5993499755859375,
      "bottom_right_x": 419.67645263671875,
      "bottom_right_y": 163.1917266845703
    }
  ],
  "detected_translations": [
    {
      "translation_x": 81.41305007934571,
      "translation_y": 94.21901321411133
    }
  ]
}