{
  "id": "frame_682",
  "user": "NPC-A\u0130",
  "frame": "frame_682",
  "detected_objects": [
    {
      "cls": 1.0,
      "top_left_x": 1098.303466796875,
      "top_left_y": 56.870574951171875,
      "bottom_right_x": 1132.048583984375,
      "bottom_right_y": 92.34965515136719
    }
  ],
  "detected_translations": [
    {
      "translation_x": -3.25882568359375,
      "translation_y": 101.20066146850586
    }
  ]
}