{
  "id": "frame_1327",
  "user": "NPC-AI",
  "frame": "frame_1327",
  "detected_objects": [
    {
      "cls": 1,
      "landing_status": -1,
      "top_left_x": 1160.992431640625,
      "top_left_y": 574.849365234375,
      "bottom_right_x": 1188.113037109375,
      "bottom_right_y": 615.74951171875
    },
    {
      "cls": 1,
      "landing_status": -1,
      "top_left_x": 1137.22021484375,
      "top_left_y": 578.4129638671875,
      "bottom_right_x": 1160.66748046875,
      "bottom_right_y": 609.057861328125
    }
  ],
  "detected_translations": [
    {
      "translation_x": 78.64876289367676,
      "translation_y": 28.82817611694336
    }
  ]
}