{
  "id": "frame_592",
  "user": "NPC-A\u0130",
  "frame": "frame_592",
  "detected_objects": [
    {
      "cls": 0.0,
      "top_left_x": 1765.538818359375,
      "top_left_y": 835.7012939453125,
      "bottom_right_x": 1920.0,
      "bottom_right_y": 928.1622314453125
    }
  ],
  "detected_translations": [
    {
      "translation_x": -2.302595520019531,
      "translation_y": 79.70459747314453
    }
  ]
}