{
  "id": "frame_2657",
  "user": "NPC-A\u0130",
  "frame": "frame_2657",
  "detected_objects": [
    {
      "cls": 1.0,
      "top_left_x": 1805.388916015625,
      "top_left_y": 288.4183654785156,
      "bottom_right_x": 1856.440185546875,
      "bottom_right_y": 317.1526794433594
    },
    {
      "cls": 1.0,
      "top_left_x": 871.9329833984375,
      "top_left_y": 193.19561767578125,
      "bottom_right_x": 903.3624267578125,
      "bottom_right_y": 221.298583984375
    },
    {
      "cls": 1.0,
      "top_left_x": 857.1176147460938,
      "top_left_y": 86.01860046386719,
      "bottom_right_x": 894.3536987304688,
      "bottom_right_y": 114.21003723144531
    }
  ],
  "detected_translations": [
    {
      "translation_x": -75.92644081115722,
      "translation_y": -25.578201293945312
    }
  ]
}