{
  "id": "frame_523",
  "user": "NPC-AI",
  "frame": "frame_523",
  "detected_objects": [
    {
      "cls": 0,
      "landing_status": -1,
      "top_left_x": 1781.60107421875,
      "top_left_y": 67.73524475097656,
      "bottom_right_x": 1920.0,
      "bottom_right_y": 158.77362060546875
    }
  ],
  "detected_translations": [
    {
      "translation_x": -2.24427490234375,
      "translation_y": 64.70289306640625
    }
  ]
}