{
  "id": "frame_1383",
  "user": "NPC-A\u0130",
  "frame": "frame_1383",
  "detected_objects": [
    {
      "cls": 1.0,
      "top_left_x": 1184.462890625,
      "top_left_y": 644.3922729492188,
      "bottom_right_x": 1213.455078125,
      "bottom_right_y": 672.6671752929688
    },
    {
      "cls": 1.0,
      "top_left_x": 1258.3734130859375,
      "top_left_y": 634.49560546875,
      "bottom_right_x": 1289.5953369140625,
      "bottom_right_y": 664.670654296875
    },
    {
      "cls": 1.0,
      "top_left_x": 1232.917724609375,
      "top_left_y": 653.1133422851562,
      "bottom_right_x": 1259.684814453125,
      "bottom_right_y": 693.8842163085938
    }
  ],
  "detected_translations": [
    {
      "translation_x": 78.73409004211426,
      "translation_y": 9.675078582763671
    }
  ]
}