{
  "id": "frame_3294",
  "user": "NPC-AI",
  "frame": "frame_3294",
  "detected_objects": [
    {
      "cls": 1,
      "landing_status": -1,
      "top_left_x": 1046.4765625,
      "top_left_y": 227.19430541992188,
      "bottom_right_x": 1080.671875,
      "bottom_right_y": 269.6880187988281
    }
  ],
  "detected_translations": [
    {
      "translation_x": 23.84554252624512,
      "translation_y": -36.339395141601564
    }
  ]
}