{
  "id": "frame_1377",
  "user": "NPC-AI",
  "frame": "frame_1377",
  "detected_objects": [
    {
      "cls": 1,
      "landing_status": -1,
      "top_left_x": 1179.544677734375,
      "top_left_y": 730.6021728515625,
      "bottom_right_x": 1207.227294921875,
      "bottom_right_y": 767.64697265625
    },
    {
      "cls": 1,
      "landing_status": -1,
      "top_left_x": 1229.295654296875,
      "top_left_y": 752.5885620117188,
      "bottom_right_x": 1255.589599609375,
      "bottom_right_y": 788.3867797851562
    },
    {
      "cls": 0,
      "landing_status": -1,
      "top_left_x": 899.1202392578125,
      "top_left_y": 569.7572021484375,
      "bottom_right_x": 927.1629638671875,
      "bottom_right_y": 656.1688232421875
    },
    {
      "cls": 1,
      "landing_status": -1,
      "top_left_x": 1254.176025390625,
      "top_left_y": 729.9610595703125,
      "bottom_right_x": 1287.090087890625,
      "bottom_right_y": 760.5250244140625
    }
  ],
  "detected_translations": [
    {
      "translation_x": 78.74659461975098,
      "translation_y": 12.00219497680664
    }
  ]
}