{
  "id": "frame_1436",
  "user": "NPC-A\u0130",
  "frame": "frame_1436",
  "detected_objects": [
    {
      "cls": 1.0,
      "top_left_x": 458.3837890625,
      "top_left_y": 741.216796875,
      "bottom_right_x": 501.77679443359375,
      "bottom_right_y": 766.374267578125
    }
  ],
  "detected_translations": [
    {
      "translation_x": 78.17322731018066,
      "translation_y": -10.975334167480469
    }
  ]
}