{
  "id": "frame_1340",
  "user": "NPC-A\u0130",
  "frame": "frame_1340",
  "detected_objects": [
    {
      "cls": 1.0,
      "top_left_x": 1172.769287109375,
      "top_left_y": 365.3360595703125,
      "bottom_right_x": 1202.641357421875,
      "bottom_right_y": 409.8370361328125
    }
  ],
  "detected_translations": [
    {
      "translation_x": 78.7498935699463,
      "translation_y": 24.46978759765625
    }
  ]
}