{
  "id": "frame_2007",
  "user": "NPC-AI",
  "frame": "frame_2007",
  "detected_objects": [
    {
      "cls": 0,
      "landing_status": -1,
      "top_left_x": 7.4304656982421875,
      "top_left_y": 881.5064697265625,
      "bottom_right_x": 208.13612365722656,
      "bottom_right_y": 968.9349365234375
    },
    {
      "cls": 0,
      "landing_status": -1,
      "top_left_x": 871.8519287109375,
      "top_left_y": 911.6929321289062,
      "bottom_right_x": 1091.0784912109375,
      "bottom_right_y": 1005.3203735351562
    },
    {
      "cls": 0,
      "landing_status": -1,
      "top_left_x": 1882.76123046875,
      "top_left_y": 988.9580078125,
      "bottom_right_x": 1920.0,
      "bottom_right_y": 1080.0
    }
  ],
  "detected_translations": [
    {
      "translation_x": -2.315567398071289,
      "translation_y": -58.61306381225586
    }
  ]
}