{
  "id": "frame_1344",
  "user": "NPC-A\u0130",
  "frame": "frame_1344",
  "detected_objects": [
    {
      "cls": 1.0,
      "top_left_x": 1175.353515625,
      "top_left_y": 305.0441589355469,
      "bottom_right_x": 1206.1318359375,
      "bottom_right_y": 349.3327331542969
    }
  ],
  "detected_translations": [
    {
      "translation_x": 78.79130744934082,
      "translation_y": 23.090255737304688
    }
  ]
}