{
  "id": "frame_147",
  "user": "NPC-A\u0130",
  "frame": "frame_147",
  "detected_objects": [
    {
      "cls": 1.0,
      "top_left_x": 1335.37255859375,
      "top_left_y": 452.88568115234375,
      "bottom_right_x": 1373.87890625,
      "bottom_right_y": 483.01312255859375
    }
  ],
  "detected_translations": [
    {
      "translation_x": 0.2275146484375,
      "translation_y": 5.549477386474609
    }
  ]
}