{
  "id": "frame_7",
  "user": "NPC-A\u0130",
  "frame": "frame_7",
  "detected_objects": [
    {
      "cls": 1.0,
      "top_left_x": 1272.6407470703125,
      "top_left_y": 194.95770263671875,
      "bottom_right_x": 1306.2369384765625,
      "bottom_right_y": 229.938720703125
    }
  ],
  "detected_translations": [
    {
      "translation_x": 0.1214935302734375,
      "translation_y": 0.2283203125
    }
  ]
}