{
  "id": "frame_1445",
  "user": "NPC-A\u0130",
  "frame": "frame_1445",
  "detected_objects": [
    {
      "cls": 1.0,
      "top_left_x": 442.01727294921875,
      "top_left_y": 599.6044311523438,
      "bottom_right_x": 472.6859130859375,
      "bottom_right_y": 626.2619018554688
    }
  ],
  "detected_translations": [
    {
      "translation_x": 77.94825172424316,
      "translation_y": -14.181658935546874
    }
  ]
}