{
  "id": "frame_1564",
  "user": "NPC-A\u0130",
  "frame": "frame_1564",
  "detected_objects": [
    {
      "cls": 1.0,
      "top_left_x": 557.909912109375,
      "top_left_y": 565.0770263671875,
      "bottom_right_x": 593.079345703125,
      "bottom_right_y": 601.8184814453125
    }
  ],
  "detected_translations": [
    {
      "translation_x": 78.25111656188965,
      "translation_y": -57.141326904296875
    }
  ]
}