{
  "id": "frame_2411",
  "user": "NPC-AI",
  "frame": "frame_2411",
  "detected_objects": [
    {
      "cls": 1,
      "landing_status": -1,
      "top_left_x": 260.2109069824219,
      "top_left_y": 46.29193878173828,
      "bottom_right_x": 293.6748352050781,
      "bottom_right_y": 68.0704345703125
    },
    {
      "cls": 1,
      "landing_status": -1,
      "top_left_x": 150.37203979492188,
      "top_left_y": 448.41839599609375,
      "bottom_right_x": 194.46084594726562,
      "bottom_right_y": 473.35546875
    },
    {
      "cls": 1,
      "landing_status": -1,
      "top_left_x": 308.6685791015625,
      "top_left_y": 555.8414916992188,
      "bottom_right_x": 338.9005126953125,
      "bottom_right_y": 580.3214721679688
    }
  ],
  "detected_translations": [
    {
      "translation_x": -35.531653213500974,
      "translation_y": -14.219332122802735
    }
  ]
}