{
  "id": "frame_1317",
  "user": "NPC-AI",
  "frame": "frame_1317",
  "detected_objects": [
    {
      "cls": 1,
      "landing_status": -1,
      "top_left_x": 1664.693359375,
      "top_left_y": 164.07403564453125,
      "bottom_right_x": 1709.24267578125,
      "bottom_right_y": 197.70281982421875
    },
    {
      "cls": 1,
      "landing_status": -1,
      "top_left_x": 1129.798583984375,
      "top_left_y": 731.3150634765625,
      "bottom_right_x": 1157.043701171875,
      "bottom_right_y": 769.1317138671875
    },
    {
      "cls": 1,
      "landing_status": -1,
      "top_left_x": 1158.330810546875,
      "top_left_y": 742.3358764648438,
      "bottom_right_x": 1180.312744140625,
      "bottom_right_y": 770.5780639648438
    },
    {
      "cls": 1,
      "landing_status": -1,
      "top_left_x": 1639.37451171875,
      "top_left_y": 205.6968994140625,
      "bottom_right_x": 1683.05615234375,
      "bottom_right_y": 232.70794677734375
    }
  ],
  "detected_translations": [
    {
      "translation_x": 79.16561317443848,
      "translation_y": 32.08095016479492
    }
  ]
}