{
  "id": "frame_1333",
  "user": "NPC-A\u0130",
  "frame": "frame_1333",
  "detected_objects": [
    {
      "cls": 1.0,
      "top_left_x": 1165.75634765625,
      "top_left_y": 486.80224609375,
      "bottom_right_x": 1196.08251953125,
      "bottom_right_y": 513.579345703125
    }
  ],
  "detected_translations": [
    {
      "translation_x": 78.75502662658691,
      "translation_y": 26.677735137939454
    }
  ]
}