{
  "id": "frame_184",
  "user": "NPC-AI",
  "frame": "frame_184",
  "detected_objects": [
    {
      "cls": 1,
      "landing_status": -1,
      "top_left_x": 1346.1279296875,
      "top_left_y": 609.1913452148438,
      "bottom_right_x": 1382.9169921875,
      "bottom_right_y": 638.2726440429688
    },
    {
      "cls": 1,
      "landing_status": -1,
      "top_left_x": 1507.447509765625,
      "top_left_y": 972.6297607421875,
      "bottom_right_x": 1540.162353515625,
      "bottom_right_y": 1006.8419189453125
    }
  ],
  "detected_translations": [
    {
      "translation_x": -0.033306884765625,
      "translation_y": 8.672499084472657
    }
  ]
}