{
  "id": "frame_686",
  "user": "NPC-A\u0130",
  "frame": "frame_686",
  "detected_objects": [
    {
      "cls": 1.0,
      "top_left_x": 1097.365478515625,
      "top_left_y": 96.63853454589844,
      "bottom_right_x": 1122.638916015625,
      "bottom_right_y": 130.8530731201172
    }
  ],
  "detected_translations": [
    {
      "translation_x": -3.6637054443359376,
      "translation_y": 102.42361450195312
    }
  ]
}