{
  "id": "frame_1554",
  "user": "NPC-AI",
  "frame": "frame_1554",
  "detected_objects": [
    {
      "cls": 1,
      "landing_status": -1,
      "top_left_x": 554.3829345703125,
      "top_left_y": 712.6729736328125,
      "bottom_right_x": 592.2752685546875,
      "bottom_right_y": 749.7813720703125
    }
  ],
  "detected_translations": [
    {
      "translation_x": 78.37558860778809,
      "translation_y": -53.67563934326172
    }
  ]
}