{
  "id": "frame_2559",
  "user": "NPC-A\u0130",
  "frame": "frame_2559",
  "detected_objects": [
    {
      "cls": 1.0,
      "top_left_x": 877.514404296875,
      "top_left_y": 518.1257934570312,
      "bottom_right_x": 913.880859375,
      "bottom_right_y": 543.2313842773438
    },
    {
      "cls": 1.0,
      "top_left_x": 1625.6640625,
      "top_left_y": 757.83056640625,
      "bottom_right_x": 1667.17919921875,
      "bottom_right_y": 783.837158203125
    },
    {
      "cls": 1.0,
      "top_left_x": 679.9515380859375,
      "top_left_y": 522.02490234375,
      "bottom_right_x": 708.6568603515625,
      "bottom_right_y": 545.75341796875
    },
    {
      "cls": 1.0,
      "top_left_x": 914.2979736328125,
      "top_left_y": 418.64923095703125,
      "bottom_right_x": 948.9678955078125,
      "bottom_right_y": 442.11761474609375
    }
  ],
  "detected_translations": [
    {
      "translation_x": -67.86835823059081,
      "translation_y": -14.411296844482422
    }
  ]
}