{
  "id": "frame_2501",
  "user": "NPC-A\u0130",
  "frame": "frame_2501",
  "detected_objects": [
    {
      "cls": 1.0,
      "top_left_x": 447.3533935546875,
      "top_left_y": 511.9935302734375,
      "bottom_right_x": 481.9625244140625,
      "bottom_right_y": 533.4512939453125
    },
    {
      "cls": 1.0,
      "top_left_x": 752.5921020507812,
      "top_left_y": 772.406005859375,
      "bottom_right_x": 781.4055786132812,
      "bottom_right_y": 795.550048828125
    },
    {
      "cls": 1.0,
      "top_left_x": 556.397216796875,
      "top_left_y": 615.025390625,
      "bottom_right_x": 581.969482421875,
      "bottom_right_y": 641.405029296875
    },
    {
      "cls": 1.0,
      "top_left_x": 733.6514282226562,
      "top_left_y": 613.5701904296875,
      "bottom_right_x": 766.1387329101562,
      "bottom_right_y": 643.0562744140625
    }
  ],
  "detected_translations": [
    {
      "translation_x": -59.56055183410645,
      "translation_y": -12.199930572509766
    }
  ]
}