{
  "id": "frame_2682",
  "user": "NPC-AI",
  "frame": "frame_2682",
  "detected_objects": [
    {
      "cls": 1,
      "landing_status": -1,
      "top_left_x": 1859.719482421875,
      "top_left_y": 158.05197143554688,
      "bottom_right_x": 1902.41455078125,
      "bottom_right_y": 190.61111450195312
    },
    {
      "cls": 1,
      "landing_status": -1,
      "top_left_x": 1452.838134765625,
      "top_left_y": 31.197166442871094,
      "bottom_right_x": 1481.839111328125,
      "bottom_right_y": 58.380577087402344
    },
    {
      "cls": 1,
      "landing_status": -1,
      "top_left_x": 1027.1866455078125,
      "top_left_y": 81.64474487304688,
      "bottom_right_x": 1048.3470458984375,
      "bottom_right_y": 109.50724792480469
    }
  ],
  "detected_translations": [
    {
      "translation_x": -76.92881507873535,
      "translation_y": -28.677676391601562
    }
  ]
}