{
  "id": "frame_177",
  "user": "NPC-A\u0130",
  "frame": "frame_177",
  "detected_objects": [
    {
      "cls": 1.0,
      "top_left_x": 1344.311279296875,
      "top_left_y": 580.828369140625,
      "bottom_right_x": 1381.201904296875,
      "bottom_right_y": 610.07861328125
    }
  ],
  "detected_translations": [
    {
      "translation_x": -0.215802001953125,
      "translation_y": 7.965306091308594
    }
  ]
}