{
  "id": "frame_1326",
  "user": "NPC-AI",
  "frame": "frame_1326",
  "detected_objects": [
    {
      "cls": 1,
      "landing_status": -1,
      "top_left_x": 1160.375,
      "top_left_y": 588.6118774414062,
      "bottom_right_x": 1187.38671875,
      "bottom_right_y": 631.0947875976562
    },
    {
      "cls": 1,
      "landing_status": -1,
      "top_left_x": 1673.50048828125,
      "top_left_y": 37.653656005859375,
      "bottom_right_x": 1718.20556640625,
      "bottom_right_y": 77.74991607666016
    }
  ],
  "detected_translations": [
    {
      "translation_x": 78.68199348449707,
      "translation_y": 29.14277114868164
    }
  ]
}