{
  "id": "frame_719",
  "user": "NPC-AI",
  "frame": "frame_719",
  "detected_objects": [
    {
      "cls": 1,
      "landing_status": -1,
      "top_left_x": 927.172607421875,
      "top_left_y": 340.66851806640625,
      "bottom_right_x": 951.810302734375,
      "bottom_right_y": 367.68804931640625
    },
    {
      "cls": 1,
      "landing_status": -1,
      "top_left_x": 1033.06982421875,
      "top_left_y": 352.9479064941406,
      "bottom_right_x": 1056.6015625,
      "bottom_right_y": 378.9817810058594
    },
    {
      "cls": 1,
      "landing_status": -1,
      "top_left_x": 932.629150390625,
      "top_left_y": 372.70684814453125,
      "bottom_right_x": 954.823486328125,
      "bottom_right_y": 398.56744384765625
    }
  ],
  "detected_translations": [
    {
      "translation_x": -3.247021484375,
      "translation_y": 109.01056365966797
    }
  ]
}