{
  "id": "frame_1366",
  "user": "NPC-A\u0130",
  "frame": "frame_1366",
  "detected_objects": [
    {
      "cls": 1.0,
      "top_left_x": 1248.641357421875,
      "top_left_y": 910.9058837890625,
      "bottom_right_x": 1277.697998046875,
      "bottom_right_y": 934.4742431640625
    },
    {
      "cls": 1.0,
      "top_left_x": 1172.2249755859375,
      "top_left_y": 906.5122680664062,
      "bottom_right_x": 1199.8973388671875,
      "bottom_right_y": 941.4751586914062
    }
  ],
  "detected_translations": [
    {
      "translation_x": 78.86392860412597,
      "translation_y": 15.85324935913086
    }
  ]
}