{
  "id": "frame_1371",
  "user": "NPC-A\u0130",
  "frame": "frame_1371",
  "detected_objects": [
    {
      "cls": 1.0,
      "top_left_x": 1252.9317626953125,
      "top_left_y": 825.2454833984375,
      "bottom_right_x": 1283.5863037109375,
      "bottom_right_y": 855.6468505859375
    }
  ],
  "detected_translations": [
    {
      "translation_x": 78.92571601867675,
      "translation_y": 14.13356704711914
    }
  ]
}