{
  "id": "frame_750",
  "user": "NPC-A\u0130",
  "frame": "frame_750",
  "detected_objects": [
    {
      "cls": 1.0,
      "top_left_x": 971.4959716796875,
      "top_left_y": 449.575927734375,
      "bottom_right_x": 995.9576416015625,
      "bottom_right_y": 477.00921630859375
    },
    {
      "cls": 1.0,
      "top_left_x": 545.1229248046875,
      "top_left_y": 26.48860740661621,
      "bottom_right_x": 588.5445556640625,
      "bottom_right_y": 58.25041961669922
    },
    {
      "cls": 1.0,
      "top_left_x": 853.150146484375,
      "top_left_y": 434.8456115722656,
      "bottom_right_x": 883.6416015625,
      "bottom_right_y": 463.1228332519531
    }
  ],
  "detected_translations": [
    {
      "translation_x": -2.0225494384765623,
      "translation_y": 111.37869567871094
    }
  ]
}