{
  "id": "frame_2398",
  "user": "NPC-A\u0130",
  "frame": "frame_2398",
  "detected_objects": [
    {
      "cls": 1.0,
      "top_left_x": 26.893722534179688,
      "top_left_y": 448.7535400390625,
      "bottom_right_x": 76.02009582519531,
      "bottom_right_y": 471.75439453125
    },
    {
      "cls": 1.0,
      "top_left_x": 168.87310791015625,
      "top_left_y": 524.8446655273438,
      "bottom_right_x": 208.233154296875,
      "bottom_right_y": 548.7141723632812
    }
  ],
  "detected_translations": [
    {
      "translation_x": -31.791977310180663,
      "translation_y": -14.349312591552735
    }
  ]
}