{
  "id": "frame_276",
  "user": "NPC-A\u0130",
  "frame": "frame_276",
  "detected_objects": [
    {
      "cls": 1.0,
      "top_left_x": 1365.4381103515625,
      "top_left_y": 948.4891357421875,
      "bottom_right_x": 1400.1585693359375,
      "bottom_right_y": 984.4139404296875
    }
  ],
  "detected_translations": [
    {
      "translation_x": -0.4540252685546875,
      "translation_y": 15.885908508300782
    }
  ]
}