{
  "id": "frame_572",
  "user": "NPC-AI",
  "frame": "frame_572",
  "detected_objects": [
    {
      "cls": 0,
      "landing_status": -1,
      "top_left_x": 1772.3675537109375,
      "top_left_y": 618.6080322265625,
      "bottom_right_x": 1920.0,
      "bottom_right_y": 704.0865478515625
    }
  ],
  "detected_translations": [
    {
      "translation_x": -1.8380935668945313,
      "translation_y": 74.93104858398438
    }
  ]
}