{
  "id": "frame_50",
  "user": "NPC-A\u0130",
  "frame": "frame_50",
  "detected_objects": [
    {
      "cls": 1.0,
      "top_left_x": 1293.729248046875,
      "top_left_y": 209.20562744140625,
      "bottom_right_x": 1327.450927734375,
      "bottom_right_y": 243.147216796875
    }
  ],
  "detected_translations": [
    {
      "translation_x": 0.02872314453125,
      "translation_y": 0.5336090087890625
    }
  ]
}