{
  "id": "frame_82",
  "user": "NPC-A\u0130",
  "frame": "frame_82",
  "detected_objects": [
    {
      "cls": 1.0,
      "top_left_x": 1309.355712890625,
      "top_left_y": 225.21408081054688,
      "bottom_right_x": 1344.237548828125,
      "bottom_right_y": 257.8497619628906
    },
    {
      "cls": 1.0,
      "top_left_x": 1705.274169921875,
      "top_left_y": 834.02197265625,
      "bottom_right_x": 1750.265380859375,
      "bottom_right_y": 872.80029296875
    }
  ],
  "detected_translations": [
    {
      "translation_x": 0.02611083984375,
      "translation_y": 0.820147705078125
    }
  ]
}