{
  "id": "frame_1004",
  "user": "NPC-A\u0130",
  "frame": "frame_1004",
  "detected_objects": [
    {
      "cls": 0.0,
      "top_left_x": 765.9122314453125,
      "top_left_y": 823.4862060546875,
      "bottom_right_x": 870.0755615234375,
      "bottom_right_y": 1057.7781982421875
    },
    {
      "cls": 1.0,
      "top_left_x": 1386.47412109375,
      "top_left_y": 350.78564453125,
      "bottom_right_x": 1445.7275390625,
      "bottom_right_y": 382.5169677734375
    },
    {
      "cls": 1.0,
      "top_left_x": 1278.91162109375,
      "top_left_y": 345.69927978515625,
      "bottom_right_x": 1324.58935546875,
      "bottom_right_y": 377.01104736328125
    },
    {
      "cls": 1.0,
      "top_left_x": 1404.874755859375,
      "top_left_y": 820.1414184570312,
      "bottom_right_x": 1462.8369140625,
      "bottom_right_y": 859.0072631835938
    }
  ],
  "detected_translations": [
    {
      "translation_x": 69.86972503662109,
      "translation_y": 117.8080078125
    }
  ]
}