{
  "id": "frame_84",
  "user": "NPC-AI",
  "frame": "frame_84",
  "detected_objects": [
    {
      "cls": 1,
      "landing_status": -1,
      "top_left_x": 1311.4227294921875,
      "top_left_y": 227.93350219726562,
      "bottom_right_x": 1344.7711181640625,
      "bottom_right_y": 260.3648681640625
    }
  ],
  "detected_translations": [
    {
      "translation_x": 0.0428192138671875,
      "translation_y": 0.7928970336914063
    }
  ]
}