{
  "id": "frame_1403",
  "user": "NPC-AI",
  "frame": "frame_1403",
  "detected_objects": [
    {
      "cls": 1,
      "landing_status": -1,
      "top_left_x": 1201.768798828125,
      "top_left_y": 324.292236328125,
      "bottom_right_x": 1229.0,
      "bottom_right_y": 353.23828125
    },
    {
      "cls": 1,
      "landing_status": -1,
      "top_left_x": 1274.753173828125,
      "top_left_y": 318.95831298828125,
      "bottom_right_x": 1304.136474609375,
      "bottom_right_y": 354.8070068359375
    },
    {
      "cls": 1,
      "landing_status": -1,
      "top_left_x": 1241.641357421875,
      "top_left_y": 338.2742919921875,
      "bottom_right_x": 1274.717041015625,
      "bottom_right_y": 372.3984375
    },
    {
      "cls": 0,
      "landing_status": -1,
      "top_left_x": 916.8021240234375,
      "top_left_y": 207.22549438476562,
      "bottom_right_x": 945.9671630859375,
      "bottom_right_y": 295.7096862792969
    }
  ],
  "detected_translations": [
    {
      "translation_x": 78.25732307434082,
      "translation_y": 1.8997322082519532
    }
  ]
}