{
  "id": "frame_583",
  "user": "NPC-A\u0130",
  "frame": "frame_583",
  "detected_objects": [
    {
      "cls": 0.0,
      "top_left_x": 1767.89794921875,
      "top_left_y": 740.2594604492188,
      "bottom_right_x": 1920.0,
      "bottom_right_y": 823.6720581054688
    }
  ],
  "detected_translations": [
    {
      "translation_x": -1.8026657104492188,
      "translation_y": 77.543017578125
    }
  ]
}