{
  "id": "frame_1111",
  "user": "NPC-AI",
  "frame": "frame_1111",
  "detected_objects": [
    {
      "cls": 0,
      "landing_status": -1,
      "top_left_x": 321.67926025390625,
      "top_left_y": 360.75994873046875,
      "bottom_right_x": 429.15203857421875,
      "bottom_right_y": 598.75732421875
    },
    {
      "cls": 0,
      "landing_status": -1,
      "top_left_x": 954.3814697265625,
      "top_left_y": 0.0,
      "bottom_right_x": 1167.8865966796875,
      "bottom_right_y": 70.74795532226562
    },
    {
      "cls": 0,
      "landing_status": -1,
      "top_left_x": 1747.914306640625,
      "top_left_y": 0.0,
      "bottom_right_x": 1920.0,
      "bottom_right_y": 77.18897247314453
    },
    {
      "cls": 0,
      "landing_status": -1,
      "top_left_x": 81.82928466796875,
      "top_left_y": 76.60585021972656,
      "bottom_right_x": 299.9721984863281,
      "bottom_right_y": 177.44090270996094
    }
  ],
  "detected_translations": [
    {
      "translation_x": 82.0436408996582,
      "translation_y": 105.999365234375
    }
  ]
}