{
  "id": "frame_3316",
  "user": "NPC-A\u0130",
  "frame": "frame_3316",
  "detected_objects": [
    {
      "cls": 1.0,
      "top_left_x": 741.8515014648438,
      "top_left_y": 279.0571594238281,
      "bottom_right_x": 774.9537963867188,
      "bottom_right_y": 306.6777648925781
    }
  ],
  "detected_translations": [
    {
      "translation_x": 30.92288932800293,
      "translation_y": -36.478730010986325
    }
  ]
}