{
  "id": "frame_185",
  "user": "NPC-A\u0130",
  "frame": "frame_185",
  "detected_objects": [
    {
      "cls": 1.0,
      "top_left_x": 1346.0001220703125,
      "top_left_y": 613.500244140625,
      "bottom_right_x": 1383.4388427734375,
      "bottom_right_y": 643.165771484375
    }
  ],
  "detected_translations": [
    {
      "translation_x": 0.158392333984375,
      "translation_y": 8.765292358398437
    }
  ]
}