{
  "id": "frame_923",
  "user": "NPC-AI",
  "frame": "frame_923",
  "detected_objects": [
    {
      "cls": 0,
      "landing_status": -1,
      "top_left_x": 355.7947998046875,
      "top_left_y": 4.3306121826171875,
      "bottom_right_x": 451.948974609375,
      "bottom_right_y": 184.6776123046875
    },
    {
      "cls": 1,
      "landing_status": -1,
      "top_left_x": 678.34521484375,
      "top_left_y": 257.37890625,
      "bottom_right_x": 716.274169921875,
      "bottom_right_y": 292.343994140625
    }
  ],
  "detected_translations": [
    {
      "translation_x": 38.369381713867185,
      "translation_y": 115.95775451660157
    }
  ]
}