{
  "id": "frame_3314",
  "user": "NPC-AI",
  "frame": "frame_3314",
  "detected_objects": [
    {
      "cls": 1,
      "landing_status": -1,
      "top_left_x": 764.4935302734375,
      "top_left_y": 273.74566650390625,
      "bottom_right_x": 798.0987548828125,
      "bottom_right_y": 308.96795654296875
    }
  ],
  "detected_translations": [
    {
      "translation_x": 30.398183822631836,
      "translation_y": -36.47700424194336
    }
  ]
}