{
  "id": "frame_2679",
  "user": "NPC-A\u0130",
  "frame": "frame_2679",
  "detected_objects": [
    {
      "cls": 1.0,
      "top_left_x": 1850.134521484375,
      "top_left_y": 173.36941528320312,
      "bottom_right_x": 1896.725830078125,
      "bottom_right_y": 205.26492309570312
    },
    {
      "cls": 1.0,
      "top_left_x": 1014.3656005859375,
      "top_left_y": 96.27932739257812,
      "bottom_right_x": 1042.4937744140625,
      "bottom_right_y": 126.3685302734375
    },
    {
      "cls": 1.0,
      "top_left_x": 1450.39404296875,
      "top_left_y": 48.209693908691406,
      "bottom_right_x": 1475.783203125,
      "bottom_right_y": 79.67882537841797
    }
  ],
  "detected_translations": [
    {
      "translation_x": -77.43777961730957,
      "translation_y": -28.321328735351564
    }
  ]
}