{
  "id": "frame_691",
  "user": "NPC-A\u0130",
  "frame": "frame_691",
  "detected_objects": [
    {
      "cls": 1.0,
      "top_left_x": 1075.9117431640625,
      "top_left_y": 144.7101287841797,
      "bottom_right_x": 1112.9305419921875,
      "bottom_right_y": 176.9163360595703
    }
  ],
  "detected_translations": [
    {
      "translation_x": -3.24400634765625,
      "translation_y": 103.68408966064453
    }
  ]
}