{
  "id": "frame_139",
  "user": "NPC-A\u0130",
  "frame": "frame_139",
  "detected_objects": [
    {
      "cls": 1.0,
      "top_left_x": 1332.979248046875,
      "top_left_y": 419.86175537109375,
      "bottom_right_x": 1371.06787109375,
      "bottom_right_y": 449.15924072265625
    }
  ],
  "detected_translations": [
    {
      "translation_x": 0.396392822265625,
      "translation_y": 4.5576332092285154
    }
  ]
}