{
  "id": "frame_85",
  "user": "NPC-AI",
  "frame": "frame_85",
  "detected_objects": [
    {
      "cls": 1,
      "landing_status": -1,
      "top_left_x": 1707.4130859375,
      "top_left_y": 839.8397216796875,
      "bottom_right_x": 1737.29052734375,
      "bottom_right_y": 881.7581787109375
    },
    {
      "cls": 1,
      "landing_status": -1,
      "top_left_x": 1311.461669921875,
      "top_left_y": 228.33871459960938,
      "bottom_right_x": 1345.223388671875,
      "bottom_right_y": 262.4384460449219
    }
  ],
  "detected_translations": [
    {
      "translation_x": -0.0186370849609375,
      "translation_y": 0.7734664916992188
    }
  ]
}