{
  "id": "frame_2697",
  "user": "NPC-AI",
  "frame": "frame_2697",
  "detected_objects": [
    {
      "cls": 1,
      "landing_status": -1,
      "top_left_x": 1054.3382568359375,
      "top_left_y": 20.684947967529297,
      "bottom_right_x": 1088.6121826171875,
      "bottom_right_y": 50.941890716552734
    },
    {
      "cls": 1,
      "landing_status": -1,
      "top_left_x": 1885.716796875,
      "top_left_y": 79.72386169433594,
      "bottom_right_x": 1920.0,
      "bottom_right_y": 113.69734191894531
    }
  ],
  "detected_translations": [
    {
      "translation_x": -77.44671211242675,
      "translation_y": -30.598428344726564
    }
  ]
}