{
  "id": "frame_1129",
  "user": "NPC-A\u0130",
  "frame": "frame_1129",
  "detected_objects": [
    {
      "cls": 0.0,
      "top_left_x": 318.904296875,
      "top_left_y": 182.17730712890625,
      "bottom_right_x": 421.434326171875,
      "bottom_right_y": 406.7716064453125
    }
  ],
  "detected_translations": [
    {
      "translation_x": 81.92790069580079,
      "translation_y": 101.32491302490234
    }
  ]
}