{
  "id": "frame_1328",
  "user": "NPC-A\u0130",
  "frame": "frame_1328",
  "detected_objects": [
    {
      "cls": 1.0,
      "top_left_x": 1160.6474609375,
      "top_left_y": 561.1181640625,
      "bottom_right_x": 1189.8046875,
      "bottom_right_y": 600.228759765625
    }
  ],
  "detected_translations": [
    {
      "translation_x": 78.65844459533692,
      "translation_y": 28.492494964599608
    }
  ]
}