{
  "id": "frame_23",
  "user": "NPC-AI",
  "frame": "frame_23",
  "detected_objects": [
    {
      "cls": 1,
      "landing_status": -1,
      "top_left_x": 1282.233154296875,
      "top_left_y": 203.16958618164062,
      "bottom_right_x": 1314.716552734375,
      "bottom_right_y": 235.38906860351562
    }
  ],
  "detected_translations": [
    {
      "translation_x": -0.0949615478515625,
      "translation_y": 0.20639495849609374
    }
  ]
}