{
  "id": "frame_1119",
  "user": "NPC-A\u0130",
  "frame": "frame_1119",
  "detected_objects": [
    {
      "cls": 0.0,
      "top_left_x": 190.75848388671875,
      "top_left_y": 1.6864471435546875,
      "bottom_right_x": 405.07012939453125,
      "bottom_right_y": 102.67999267578125
    },
    {
      "cls": 0.0,
      "top_left_x": 319.5072021484375,
      "top_left_y": 284.6484375,
      "bottom_right_x": 423.2603759765625,
      "bottom_right_y": 527.292724609375
    }
  ],
  "detected_translations": [
    {
      "translation_x": 81.99731979370117,
      "translation_y": 103.96184539794922
    }
  ]
}