{
  "id": "frame_514",
  "user": "NPC-AI",
  "frame": "frame_514",
  "detected_objects": [
    {
      "cls": 0,
      "landing_status": -1,
      "top_left_x": 1782.630859375,
      "top_left_y": 0.0,
      "bottom_right_x": 1920.0,
      "bottom_right_y": 58.902503967285156
    }
  ],
  "detected_translations": [
    {
      "translation_x": -2.1278045654296873,
      "translation_y": 62.574388122558595
    }
  ]
}