{
  "id": "frame_80",
  "user": "NPC-A\u0130",
  "frame": "frame_80",
  "detected_objects": [
    {
      "cls": 1.0,
      "top_left_x": 1703.5889892578125,
      "top_left_y": 831.2839965820312,
      "bottom_right_x": 1750.1849365234375,
      "bottom_right_y": 865.4572143554688
    },
    {
      "cls": 1.0,
      "top_left_x": 1308.01953125,
      "top_left_y": 222.466064453125,
      "bottom_right_x": 1343.631591796875,
      "bottom_right_y": 255.4517822265625
    }
  ],
  "detected_translations": [
    {
      "translation_x": 0.0395416259765625,
      "translation_y": 0.7922882080078125
    }
  ]
}