{
  "id": "frame_255",
  "user": "NPC-A\u0130",
  "frame": "frame_255",
  "detected_objects": [
    {
      "cls": 1.0,
      "top_left_x": 1361.897705078125,
      "top_left_y": 872.406982421875,
      "bottom_right_x": 1396.391845703125,
      "bottom_right_y": 905.46923828125
    }
  ],
  "detected_translations": [
    {
      "translation_x": -0.8257415771484375,
      "translation_y": 14.321308135986328
    }
  ]
}