{
  "id": "frame_545",
  "user": "NPC-A\u0130",
  "frame": "frame_545",
  "detected_objects": [
    {
      "cls": 0.0,
      "top_left_x": 1777.13818359375,
      "top_left_y": 319.3001708984375,
      "bottom_right_x": 1920.0,
      "bottom_right_y": 404.7611083984375
    }
  ],
  "detected_translations": [
    {
      "translation_x": -1.7301101684570312,
      "translation_y": 69.40459442138672
    }
  ]
}