{
  "id": "frame_1134",
  "user": "NPC-AI",
  "frame": "frame_1134",
  "detected_objects": [
    {
      "cls": 0,
      "landing_status": -1,
      "top_left_x": 322.9263916015625,
      "top_left_y": 127.8187255859375,
      "bottom_right_x": 418.87646484375,
      "bottom_right_y": 355.66021728515625
    }
  ],
  "detected_translations": [
    {
      "translation_x": 81.76874237060547,
      "translation_y": 100.07815170288086
    }
  ]
}