{
  "id": "frame_1411",
  "user": "NPC-A\u0130",
  "frame": "frame_1411",
  "detected_objects": [
    {
      "cls": 1.0,
      "top_left_x": 1278.0767822265625,
      "top_left_y": 184.37457275390625,
      "bottom_right_x": 1311.4388427734375,
      "bottom_right_y": 218.7044677734375
    },
    {
      "cls": 1.0,
      "top_left_x": 1210.0294189453125,
      "top_left_y": 189.4615478515625,
      "bottom_right_x": 1236.4366455078125,
      "bottom_right_y": 225.89877319335938
    }
  ],
  "detected_translations": [
    {
      "translation_x": 78.20383796691894,
      "translation_y": -1.2567100524902344
    }
  ]
}