{
  "id": "frame_247",
  "user": "NPC-A\u0130",
  "frame": "frame_247",
  "detected_objects": [
    {
      "cls": 1.0,
      "top_left_x": 1359.84765625,
      "top_left_y": 842.8077392578125,
      "bottom_right_x": 1395.48779296875,
      "bottom_right_y": 877.1260986328125
    }
  ],
  "detected_translations": [
    {
      "translation_x": -1.030047607421875,
      "translation_y": 13.654903411865234
    }
  ]
}