{
  "id": "frame_1535",
  "user": "NPC-AI",
  "frame": "frame_1535",
  "detected_objects": [
    {
      "cls": 1,
      "landing_status": -1,
      "top_left_x": 550.1593017578125,
      "top_left_y": 996.911376953125,
      "bottom_right_x": 591.7987060546875,
      "bottom_right_y": 1046.507568359375
    }
  ],
  "detected_translations": [
    {
      "translation_x": 78.14630241394043,
      "translation_y": -47.14201049804687
    }
  ]
}