{
  "id": "frame_1128",
  "user": "NPC-AI",
  "frame": "frame_1128",
  "detected_objects": [
    {
      "cls": 0,
      "landing_status": -1,
      "top_left_x": 320.72723388671875,
      "top_left_y": 191.72544860839844,
      "bottom_right_x": 418.68194580078125,
      "bottom_right_y": 423.786865234375
    }
  ],
  "detected_translations": [
    {
      "translation_x": 81.94829635620117,
      "translation_y": 101.57770690917968
    }
  ]
}