{
  "id": "frame_136",
  "user": "NPC-AI",
  "frame": "frame_136",
  "detected_objects": [
    {
      "cls": 1,
      "landing_status": -1,
      "top_left_x": 1332.2578125,
      "top_left_y": 406.611083984375,
      "bottom_right_x": 1369.552734375,
      "bottom_right_y": 435.894287109375
    }
  ],
  "detected_translations": [
    {
      "translation_x": 0.440460205078125,
      "translation_y": 4.269519805908203
    }
  ]
}