{
  "id": "frame_539",
  "user": "NPC-AI",
  "frame": "frame_539",
  "detected_objects": [
    {
      "cls": 0,
      "landing_status": -1,
      "top_left_x": 1778.322509765625,
      "top_left_y": 250.02752685546875,
      "bottom_right_x": 1920.0,
      "bottom_right_y": 335.84539794921875
    }
  ],
  "detected_translations": [
    {
      "translation_x": -2.1906097412109373,
      "translation_y": 68.14779891967774
    }
  ]
}