{
  "id": "frame_720",
  "user": "NPC-AI",
  "frame": "frame_720",
  "detected_objects": [
    {
      "cls": 1,
      "landing_status": -1,
      "top_left_x": 1029.5770263671875,
      "top_left_y": 357.745849609375,
      "bottom_right_x": 1055.3245849609375,
      "bottom_right_y": 384.16796875
    },
    {
      "cls": 1,
      "landing_status": -1,
      "top_left_x": 922.33837890625,
      "top_left_y": 345.1959533691406,
      "bottom_right_x": 951.1142578125,
      "bottom_right_y": 372.9179992675781
    },
    {
      "cls": 1,
      "landing_status": -1,
      "top_left_x": 930.6788330078125,
      "top_left_y": 377.2797546386719,
      "bottom_right_x": 954.19677734375,
      "bottom_right_y": 403.4870910644531
    }
  ],
  "detected_translations": [
    {
      "translation_x": -3.2605438232421875,
      "translation_y": 109.07617645263672
    }
  ]
}