{
  "id": "frame_1339",
  "user": "NPC-A\u0130",
  "frame": "frame_1339",
  "detected_objects": [
    {
      "cls": 1.0,
      "top_left_x": 1171.75830078125,
      "top_left_y": 381.99871826171875,
      "bottom_right_x": 1201.23388671875,
      "bottom_right_y": 423.87115478515625
    }
  ],
  "detected_translations": [
    {
      "translation_x": 78.66484107971192,
      "translation_y": 24.73294906616211
    }
  ]
}