{
  "id": "frame_112",
  "user": "NPC-AI",
  "frame": "frame_112",
  "detected_objects": [
    {
      "cls": 1,
      "landing_status": -1,
      "top_left_x": 1716.97216796875,
      "top_left_y": 982.914306640625,
      "bottom_right_x": 1771.88623046875,
      "bottom_right_y": 1023.9581298828125
    }
  ],
  "detected_translations": [
    {
      "translation_x": 0.202801513671875,
      "translation_y": 1.8993423461914063
    }
  ]
}