{
  "id": "frame_2020",
  "user": "NPC-AI",
  "frame": "frame_2020",
  "detected_objects": [
    {
      "cls": 0,
      "landing_status": -1,
      "top_left_x": 23.498519897460938,
      "top_left_y": 1006.3731689453125,
      "bottom_right_x": 221.46755981445312,
      "bottom_right_y": 1079.6051025390625
    },
    {
      "cls": 0,
      "landing_status": -1,
      "top_left_x": 884.0435791015625,
      "top_left_y": 1038.249267578125,
      "bottom_right_x": 1090.6661376953125,
      "bottom_right_y": 1080.0
    }
  ],
  "detected_translations": [
    {
      "translation_x": -1.0224414825439454,
      "translation_y": -55.73210525512695
    }
  ]
}