{
  "id": "frame_1309",
  "user": "NPC-AI",
  "frame": "frame_1309",
  "detected_objects": [
    {
      "cls": 1,
      "landing_status": -1,
      "top_left_x": 1658.1298828125,
      "top_left_y": 274.28759765625,
      "bottom_right_x": 1701.2841796875,
      "bottom_right_y": 304.8671875
    },
    {
      "cls": 1,
      "landing_status": -1,
      "top_left_x": 1122.9488525390625,
      "top_left_y": 864.6954345703125,
      "bottom_right_x": 1146.1500244140625,
      "bottom_right_y": 892.5823974609375
    },
    {
      "cls": 1,
      "landing_status": -1,
      "top_left_x": 1632.566650390625,
      "top_left_y": 311.54156494140625,
      "bottom_right_x": 1674.756591796875,
      "bottom_right_y": 339.8363037109375
    }
  ],
  "detected_translations": [
    {
      "translation_x": 79.22986946105956,
      "translation_y": 34.722493743896486
    }
  ]
}