{
  "id": "frame_1422",
  "user": "NPC-A\u0130",
  "frame": "frame_1422",
  "detected_objects": [
    {
      "cls": 1.0,
      "top_left_x": 1216.2890625,
      "top_left_y": 0.7408103942871094,
      "bottom_right_x": 1246.010498046875,
      "bottom_right_y": 35.68366241455078
    },
    {
      "cls": 1.0,
      "top_left_x": 1283.98291015625,
      "top_left_y": 0.0,
      "bottom_right_x": 1315.292236328125,
      "bottom_right_y": 39.46352005004883
    },
    {
      "cls": 1.0,
      "top_left_x": 482.45806884765625,
      "top_left_y": 950.6551513671875,
      "bottom_right_x": 521.5118408203125,
      "bottom_right_y": 989.6759033203125
    },
    {
      "cls": 1.0,
      "top_left_x": 1252.345703125,
      "top_left_y": 19.05457305908203,
      "bottom_right_x": 1285.29736328125,
      "bottom_right_y": 68.59847259521484
    }
  ],
  "detected_translations": [
    {
      "translation_x": 78.14577217102051,
      "translation_y": -5.618821716308593
    }
  ]
}