{
  "id": "frame_1400",
  "user": "NPC-AI",
  "frame": "frame_1400",
  "detected_objects": [
    {
      "cls": 1,
      "landing_status": -1,
      "top_left_x": 1198.9332275390625,
      "top_left_y": 374.08441162109375,
      "bottom_right_x": 1226.6724853515625,
      "bottom_right_y": 405.94805908203125
    },
    {
      "cls": 1,
      "landing_status": -1,
      "top_left_x": 1273.439453125,
      "top_left_y": 366.7052001953125,
      "bottom_right_x": 1300.2236328125,
      "bottom_right_y": 400.87371826171875
    },
    {
      "cls": 1,
      "landing_status": -1,
      "top_left_x": 1239.35546875,
      "top_left_y": 387.2034912109375,
      "bottom_right_x": 1272.843017578125,
      "bottom_right_y": 420.1728515625
    },
    {
      "cls": 0,
      "landing_status": -1,
      "top_left_x": 914.3045043945312,
      "top_left_y": 250.19772338867188,
      "bottom_right_x": 944.5870971679688,
      "bottom_right_y": 338.8398132324219
    }
  ],
  "detected_translations": [
    {
      "translation_x": 78.37901802062989,
      "translation_y": 3.092812347412109
    }
  ]
}