{
  "id": "frame_234",
  "user": "NPC-AI",
  "frame": "frame_234",
  "detected_objects": [
    {
      "cls": 1,
      "landing_status": -1,
      "top_left_x": 1356.97998046875,
      "top_left_y": 797.343994140625,
      "bottom_right_x": 1393.2607421875,
      "bottom_right_y": 830.67041015625
    }
  ],
  "detected_translations": [
    {
      "translation_x": -0.7492431640625,
      "translation_y": 12.537127685546874
    }
  ]
}