{
  "id": "frame_800",
  "user": "NPC-A\u0130",
  "frame": "frame_800",
  "detected_objects": [
    {
      "cls": 1.0,
      "top_left_x": 670.291748046875,
      "top_left_y": 527.50341796875,
      "bottom_right_x": 707.158935546875,
      "bottom_right_y": 553.639404296875
    },
    {
      "cls": 1.0,
      "top_left_x": 423.70794677734375,
      "top_left_y": 105.22709655761719,
      "bottom_right_x": 468.59710693359375,
      "bottom_right_y": 132.50914001464844
    },
    {
      "cls": 0.0,
      "top_left_x": 1754.3154296875,
      "top_left_y": 946.375732421875,
      "bottom_right_x": 1845.038818359375,
      "bottom_right_y": 1079.1893310546875
    }
  ],
  "detected_translations": [
    {
      "translation_x": 3.416790771484375,
      "translation_y": 113.11783142089844
    }
  ]
}