{
  "id": "frame_134",
  "user": "NPC-A\u0130",
  "frame": "frame_134",
  "detected_objects": [
    {
      "cls": 1.0,
      "top_left_x": 1331.977783203125,
      "top_left_y": 398.3101806640625,
      "bottom_right_x": 1369.396240234375,
      "bottom_right_y": 424.739501953125
    }
  ],
  "detected_translations": [
    {
      "translation_x": 0.4573150634765625,
      "translation_y": 4.049059295654297
    }
  ]
}