{
  "id": "frame_823",
  "user": "NPC-A\u0130",
  "frame": "frame_823",
  "detected_objects": [
    {
      "cls": 0.0,
      "top_left_x": 1578.0,
      "top_left_y": 295.21636962890625,
      "bottom_right_x": 1798.978515625,
      "bottom_right_y": 390.16802978515625
    },
    {
      "cls": 1.0,
      "top_left_x": 447.973876953125,
      "top_left_y": 535.9068603515625,
      "bottom_right_x": 503.0523681640625,
      "bottom_right_y": 562.18798828125
    },
    {
      "cls": 1.0,
      "top_left_x": 289.666748046875,
      "top_left_y": 121.06112670898438,
      "bottom_right_x": 325.3533935546875,
      "bottom_right_y": 147.22998046875
    },
    {
      "cls": 0.0,
      "top_left_x": 1568.733642578125,
      "top_left_y": 957.7994384765625,
      "bottom_right_x": 1655.949462890625,
      "bottom_right_y": 1079.3411865234375
    }
  ],
  "detected_translations": [
    {
      "translation_x": 7.944305419921875,
      "translation_y": 113.26488952636718
    }
  ]
}