{
  "id": "frame_925",
  "user": "NPC-A\u0130",
  "frame": "frame_925",
  "detected_objects": [
    {
      "cls": 0.0,
      "top_left_x": 328.8702087402344,
      "top_left_y": 7.102569580078125,
      "bottom_right_x": 426.2401428222656,
      "bottom_right_y": 185.50244140625
    }
  ],
  "detected_translations": [
    {
      "translation_x": 39.14521789550781,
      "translation_y": 115.91621246337891
    }
  ]
}