{
  "id": "frame_3",
  "user": "NPC-A\u0130",
  "frame": "frame_3",
  "detected_objects": [
    {
      "cls": 1.0,
      "top_left_x": 1270.0198974609375,
      "top_left_y": 196.24929809570312,
      "bottom_right_x": 1303.9200439453125,
      "bottom_right_y": 229.69613647460938
    }
  ],
  "detected_translations": [
    {
      "translation_x": -0.020465087890625,
      "translation_y": 0.10626068115234374
    }
  ]
}