{
  "id": "frame_69",
  "user": "NPC-A\u0130",
  "frame": "frame_69",
  "detected_objects": [
    {
      "cls": 1.0,
      "top_left_x": 1302.646484375,
      "top_left_y": 215.0624237060547,
      "bottom_right_x": 1337.40087890625,
      "bottom_right_y": 247.8909149169922
    }
  ],
  "detected_translations": [
    {
      "translation_x": 0.406988525390625,
      "translation_y": 0.4848480224609375
    }
  ]
}