{
  "id": "frame_985",
  "user": "NPC-A\u0130",
  "frame": "frame_985",
  "detected_objects": [
    {
      "cls": 0.0,
      "top_left_x": 265.76898193359375,
      "top_left_y": 413.14300537109375,
      "bottom_right_x": 450.00018310546875,
      "bottom_right_y": 503.02142333984375
    },
    {
      "cls": 0.0,
      "top_left_x": 1047.284912109375,
      "top_left_y": 817.0806884765625,
      "bottom_right_x": 1148.987060546875,
      "bottom_right_y": 1050.1805419921875
    },
    {
      "cls": 1.0,
      "top_left_x": 1646.235595703125,
      "top_left_y": 339.7025451660156,
      "bottom_right_x": 1718.741455078125,
      "bottom_right_y": 373.2997741699219
    },
    {
      "cls": 1.0,
      "top_left_x": 1517.65478515625,
      "top_left_y": 328.75701904296875,
      "bottom_right_x": 1584.70556640625,
      "bottom_right_y": 364.53179931640625
    }
  ],
  "detected_translations": [
    {
      "translation_x": 62.46676330566406,
      "translation_y": 117.21980590820313
    }
  ]
}