{
  "id": "frame_579",
  "user": "NPC-AI",
  "frame": "frame_579",
  "detected_objects": [
    {
      "cls": 0,
      "landing_status": -1,
      "top_left_x": 1769.4873046875,
      "top_left_y": 695.5143432617188,
      "bottom_right_x": 1920.0,
      "bottom_right_y": 779.9252319335938
    }
  ],
  "detected_translations": [
    {
      "translation_x": -1.8203231811523437,
      "translation_y": 76.53564453125
    }
  ]
}