{
  "id": "frame_147",
  "user": "NPC-AI",
  "frame": "frame_147",
  "detected_objects": [
    {
      "cls": 1,
      "landing_status": -1,
      "top_left_x": 1335.4840087890625,
      "top_left_y": 453.12835693359375,
      "bottom_right_x": 1373.1053466796875,
      "bottom_right_y": 482.49188232421875
    }
  ],
  "detected_translations": [
    {
      "translation_x": 0.2275146484375,
      "translation_y": 5.549477386474609
    }
  ]
}