{
  "id": "frame_514",
  "user": "NPC-A\u0130",
  "frame": "frame_514",
  "detected_objects": [
    {
      "cls": 0.0,
      "top_left_x": 1782.556640625,
      "top_left_y": 0.0,
      "bottom_right_x": 1920.0,
      "bottom_right_y": 59.20555114746094
    }
  ],
  "detected_translations": [
    {
      "translation_x": -2.1278045654296873,
      "translation_y": 62.574388122558595
    }
  ]
}