{
  "id": "frame_919",
  "user": "NPC-A\u0130",
  "frame": "frame_919",
  "detected_objects": [
    {
      "cls": 0.0,
      "top_left_x": 407.118896484375,
      "top_left_y": 2.3938446044921875,
      "bottom_right_x": 503.6551513671875,
      "bottom_right_y": 181.00216674804688
    }
  ],
  "detected_translations": [
    {
      "translation_x": 37.137324523925784,
      "translation_y": 116.22546997070313
    }
  ]
}