{
  "id": "frame_107",
  "user": "NPC-AI",
  "frame": "frame_107",
  "detected_objects": [
    {
      "cls": 1,
      "landing_status": -1,
      "top_left_x": 1323.508056640625,
      "top_left_y": 295.445556640625,
      "bottom_right_x": 1356.02978515625,
      "bottom_right_y": 319.86334228515625
    }
  ],
  "detected_translations": [
    {
      "translation_x": 0.437554931640625,
      "translation_y": 1.6139999389648438
    }
  ]
}