{
  "id": "frame_2017",
  "user": "NPC-AI",
  "frame": "frame_2017",
  "detected_objects": [
    {
      "cls": 0,
      "landing_status": -1,
      "top_left_x": 21.214752197265625,
      "top_left_y": 977.0780029296875,
      "bottom_right_x": 218.80023193359375,
      "bottom_right_y": 1068.0645751953125
    },
    {
      "cls": 0,
      "landing_status": -1,
      "top_left_x": 880.104736328125,
      "top_left_y": 1008.3568115234375,
      "bottom_right_x": 1095.3406982421875,
      "bottom_right_y": 1078.7396240234375
    }
  ],
  "detected_translations": [
    {
      "translation_x": -1.2301074981689453,
      "translation_y": -56.411051177978514
    }
  ]
}