{
  "id": "frame_929",
  "user": "NPC-AI",
  "frame": "frame_929",
  "detected_objects": [
    {
      "cls": 0,
      "landing_status": -1,
      "top_left_x": 274.74310302734375,
      "top_left_y": 8.815673828125,
      "bottom_right_x": 373.07440185546875,
      "bottom_right_y": 189.65020751953125
    },
    {
      "cls": 1,
      "landing_status": -1,
      "top_left_x": 608.4502563476562,
      "top_left_y": 262.70880126953125,
      "bottom_right_x": 654.0730590820312,
      "bottom_right_y": 296.5528564453125
    },
    {
      "cls": 1,
      "landing_status": -1,
      "top_left_x": 881.7376098632812,
      "top_left_y": 792.7939453125,
      "bottom_right_x": 916.0277709960938,
      "bottom_right_y": 843.4105224609375
    }
  ],
  "detected_translations": [
    {
      "translation_x": 40.757693481445315,
      "translation_y": 116.06056213378906
    }
  ]
}