{
  "id": "frame_145",
  "user": "NPC-A\u0130",
  "frame": "frame_145",
  "detected_objects": [
    {
      "cls": 1.0,
      "top_left_x": 1334.71630859375,
      "top_left_y": 444.47100830078125,
      "bottom_right_x": 1373.166259765625,
      "bottom_right_y": 473.33905029296875
    }
  ],
  "detected_translations": [
    {
      "translation_x": 0.2484283447265625,
      "translation_y": 5.332653045654297
    }
  ]
}