{
  "id": "frame_31",
  "user": "NPC-AI",
  "frame": "frame_31",
  "detected_objects": [
    {
      "cls": 1,
      "landing_status": -1,
      "top_left_x": 1285.4073486328125,
      "top_left_y": 205.26922607421875,
      "bottom_right_x": 1318.2156982421875,
      "bottom_right_y": 237.4803466796875
    }
  ],
  "detected_translations": [
    {
      "translation_x": 0.0133575439453125,
      "translation_y": 0.1109466552734375
    }
  ]
}