{
  "id": "frame_984",
  "user": "NPC-A\u0130",
  "frame": "frame_984",
  "detected_objects": [
    {
      "cls": 0.0,
      "top_left_x": 294.9984130859375,
      "top_left_y": 412.78265380859375,
      "bottom_right_x": 478.5235595703125,
      "bottom_right_y": 503.05584716796875
    },
    {
      "cls": 0.0,
      "top_left_x": 1060.76171875,
      "top_left_y": 816.2830810546875,
      "bottom_right_x": 1164.31494140625,
      "bottom_right_y": 1051.6402587890625
    },
    {
      "cls": 1.0,
      "top_left_x": 1661.709228515625,
      "top_left_y": 339.5387878417969,
      "bottom_right_x": 1733.675048828125,
      "bottom_right_y": 373.2547302246094
    }
  ],
  "detected_translations": [
    {
      "translation_x": 62.07557983398438,
      "translation_y": 117.13809204101562
    }
  ]
}