{
  "id": "frame_1",
  "user": "NPC-AI",
  "frame": "frame_1",
  "detected_objects": [
    {
      "cls": 1,
      "landing_status": -1,
      "top_left_x": 1269.36328125,
      "top_left_y": 194.1533203125,
      "bottom_right_x": 1302.3798828125,
      "bottom_right_y": 228.73028564453125
    }
  ],
  "detected_translations": [
    {
      "translation_x": -0.04844970703125,
      "translation_y": -0.0014068603515625
    }
  ]
}