{
  "id": "frame_168",
  "user": "NPC-A\u0130",
  "frame": "frame_168",
  "detected_objects": [
    {
      "cls": 1.0,
      "top_left_x": 1341.7198486328125,
      "top_left_y": 542.374755859375,
      "bottom_right_x": 1378.4552001953125,
      "bottom_right_y": 572.049560546875
    }
  ],
  "detected_translations": [
    {
      "translation_x": -0.013629150390625,
      "translation_y": 7.276500701904297
    }
  ]
}