{
  "id": "frame_1139",
  "user": "NPC-A\u0130",
  "frame": "frame_1139",
  "detected_objects": [
    {
      "cls": 0.0,
      "top_left_x": 317.469482421875,
      "top_left_y": 75.59796142578125,
      "bottom_right_x": 420.414794921875,
      "bottom_right_y": 301.6778869628906
    },
    {
      "cls": 2.0,
      "top_left_x": 1672.78369140625,
      "top_left_y": 829.028564453125,
      "bottom_right_x": 1920.0,
      "bottom_right_y": 1080.0
    }
  ],
  "detected_translations": [
    {
      "translation_x": 81.7139289855957,
      "translation_y": 98.56741714477539
    }
  ]
}