{
  "id": "frame_2010",
  "user": "NPC-A\u0130",
  "frame": "frame_2010",
  "detected_objects": [
    {
      "cls": 0.0,
      "top_left_x": 1884.998291015625,
      "top_left_y": 1021.5716552734375,
      "bottom_right_x": 1920.0,
      "bottom_right_y": 1080.0
    }
  ],
  "detected_translations": [
    {
      "translation_x": -1.9172977447509765,
      "translation_y": -58.15607223510742
    }
  ]
}