{
  "id": "frame_1468",
  "user": "NPC-A\u0130",
  "frame": "frame_1468",
  "detected_objects": [
    {
      "cls": 1.0,
      "top_left_x": 391.0934143066406,
      "top_left_y": 236.12554931640625,
      "bottom_right_x": 436.7369689941406,
      "bottom_right_y": 265.9820556640625
    }
  ],
  "detected_translations": [
    {
      "translation_x": 77.88750495910645,
      "translation_y": -23.25695343017578
    }
  ]
}