{
  "id": "frame_194",
  "user": "NPC-AI",
  "frame": "frame_194",
  "detected_objects": [
    {
      "cls": 1,
      "landing_status": -1,
      "top_left_x": 1348.725830078125,
      "top_left_y": 649.0870971679688,
      "bottom_right_x": 1385.468994140625,
      "bottom_right_y": 679.0131225585938
    }
  ],
  "detected_translations": [
    {
      "translation_x": 0.2633453369140625,
      "translation_y": 9.527719879150391
    }
  ]
}