{
  "id": "frame_3294",
  "user": "NPC-A\u0130",
  "frame": "frame_3294",
  "detected_objects": [
    {
      "cls": 1.0,
      "top_left_x": 1046.98828125,
      "top_left_y": 227.97235107421875,
      "bottom_right_x": 1081.142578125,
      "bottom_right_y": 269.51409912109375
    }
  ],
  "detected_translations": [
    {
      "translation_x": 23.84554252624512,
      "translation_y": -36.339395141601564
    }
  ]
}