{
  "id": "frame_3245",
  "user": "NPC-AI",
  "frame": "frame_3245",
  "detected_objects": [
    {
      "cls": 1,
      "landing_status": -1,
      "top_left_x": 1814.396240234375,
      "top_left_y": 71.23539733886719,
      "bottom_right_x": 1874.943115234375,
      "bottom_right_y": 117.84165954589844
    },
    {
      "cls": 1,
      "landing_status": -1,
      "top_left_x": 1397.4954833984375,
      "top_left_y": 183.47967529296875,
      "bottom_right_x": 1453.7847900390625,
      "bottom_right_y": 213.7816162109375
    }
  ],
  "detected_translations": [
    {
      "translation_x": 6.846105575561523,
      "translation_y": -37.924139404296874
    }
  ]
}