{
  "id": "frame_221",
  "user": "NPC-AI",
  "frame": "frame_221",
  "detected_objects": [
    {
      "cls": 1,
      "landing_status": -1,
      "top_left_x": 1354.44775390625,
      "top_left_y": 751.460693359375,
      "bottom_right_x": 1390.78271484375,
      "bottom_right_y": 783.068603515625
    }
  ],
  "detected_translations": [
    {
      "translation_x": -0.6633544921875,
      "translation_y": 11.288272857666016
    }
  ]
}