{
  "id": "frame_1419",
  "user": "NPC-A\u0130",
  "frame": "frame_1419",
  "detected_objects": [
    {
      "cls": 1.0,
      "top_left_x": 1281.62841796875,
      "top_left_y": 46.19852828979492,
      "bottom_right_x": 1314.2451171875,
      "bottom_right_y": 91.09251403808594
    },
    {
      "cls": 1.0,
      "top_left_x": 1214.935791015625,
      "top_left_y": 49.90678787231445,
      "bottom_right_x": 1243.927490234375,
      "bottom_right_y": 90.79499816894531
    },
    {
      "cls": 1.0,
      "top_left_x": 485.8818359375,
      "top_left_y": 1004.3673095703125,
      "bottom_right_x": 530.2662353515625,
      "bottom_right_y": 1035.576416015625
    },
    {
      "cls": 1.0,
      "top_left_x": 1249.77099609375,
      "top_left_y": 69.72017669677734,
      "bottom_right_x": 1283.13818359375,
      "bottom_right_y": 115.28173065185547
    }
  ],
  "detected_translations": [
    {
      "translation_x": 78.18493995666503,
      "translation_y": -4.459215545654297
    }
  ]
}