{
  "id": "frame_1130",
  "user": "NPC-A\u0130",
  "frame": "frame_1130",
  "detected_objects": [
    {
      "cls": 0.0,
      "top_left_x": 319.7633056640625,
      "top_left_y": 171.33106994628906,
      "bottom_right_x": 421.02398681640625,
      "bottom_right_y": 401.16357421875
    }
  ],
  "detected_translations": [
    {
      "translation_x": 81.93641662597656,
      "translation_y": 101.0694580078125
    }
  ]
}