{
  "id": "frame_521",
  "user": "NPC-A\u0130",
  "frame": "frame_521",
  "detected_objects": [
    {
      "cls": 0.0,
      "top_left_x": 1782.008544921875,
      "top_left_y": 47.189544677734375,
      "bottom_right_x": 1920.0,
      "bottom_right_y": 136.41311645507812
    }
  ],
  "detected_translations": [
    {
      "translation_x": -2.2806243896484375,
      "translation_y": 64.21989440917969
    }
  ]
}