{
  "id": "frame_586",
  "user": "NPC-AI",
  "frame": "frame_586",
  "detected_objects": [
    {
      "cls": 0,
      "landing_status": -1,
      "top_left_x": 1767.4764404296875,
      "top_left_y": 773.520263671875,
      "bottom_right_x": 1920.0,
      "bottom_right_y": 855.989501953125
    }
  ],
  "detected_translations": [
    {
      "translation_x": -2.051564025878906,
      "translation_y": 78.22988586425781
    }
  ]
}