{
  "id": "frame_1456",
  "user": "NPC-AI",
  "frame": "frame_1456",
  "detected_objects": [
    {
      "cls": 1,
      "landing_status": -1,
      "top_left_x": 423.17864990234375,
      "top_left_y": 450.28411865234375,
      "bottom_right_x": 467.20819091796875,
      "bottom_right_y": 478.3250732421875
    },
    {
      "cls": 1,
      "landing_status": -1,
      "top_left_x": 418.72662353515625,
      "top_left_y": 424.45196533203125,
      "bottom_right_x": 456.48919677734375,
      "bottom_right_y": 452.70513916015625
    }
  ],
  "detected_translations": [
    {
      "translation_x": 77.88211402893066,
      "translation_y": -18.597923278808594
    }
  ]
}