{
  "id": "frame_3305",
  "user": "NPC-A\u0130",
  "frame": "frame_3305",
  "detected_objects": [
    {
      "cls": 1.0,
      "top_left_x": 877.674560546875,
      "top_left_y": 253.79299926757812,
      "bottom_right_x": 912.773193359375,
      "bottom_right_y": 292.8500671386719
    }
  ],
  "detected_translations": [
    {
      "translation_x": 27.8952205657959,
      "translation_y": -36.373190307617186
    }
  ]
}