{
  "id": "frame_1359",
  "user": "NPC-A\u0130",
  "frame": "frame_1359",
  "detected_objects": [
    {
      "cls": 1.0,
      "top_left_x": 1177.33740234375,
      "top_left_y": 54.59675598144531,
      "bottom_right_x": 1216.65380859375,
      "bottom_right_y": 110.9254150390625
    }
  ],
  "detected_translations": [
    {
      "translation_x": 79.52316169738769,
      "translation_y": 17.93111801147461
    }
  ]
}