{
  "id": "frame_1135",
  "user": "NPC-A\u0130",
  "frame": "frame_1135",
  "detected_objects": [
    {
      "cls": 0.0,
      "top_left_x": 318.27142333984375,
      "top_left_y": 119.06682586669922,
      "bottom_right_x": 420.13348388671875,
      "bottom_right_y": 346.6932373046875
    }
  ],
  "detected_translations": [
    {
      "translation_x": 81.8066909790039,
      "translation_y": 99.77493362426758
    }
  ]
}