{
  "id": "frame_174",
  "user": "NPC-AI",
  "frame": "frame_174",
  "detected_objects": [
    {
      "cls": 1,
      "landing_status": -1,
      "top_left_x": 1343.32958984375,
      "top_left_y": 568.208740234375,
      "bottom_right_x": 1380.34033203125,
      "bottom_right_y": 596.69140625
    }
  ],
  "detected_translations": [
    {
      "translation_x": -0.1513519287109375,
      "translation_y": 7.714565277099609
    }
  ]
}