{
  "id": "frame_1274",
  "user": "NPC-A\u0130",
  "frame": "frame_1274",
  "detected_objects": [
    {
      "cls": 2.0,
      "top_left_x": 1216.888671875,
      "top_left_y": 899.2169189453125,
      "bottom_right_x": 1425.680419921875,
      "bottom_right_y": 1080.0
    }
  ],
  "detected_translations": [
    {
      "translation_x": 79.81558723449707,
      "translation_y": 46.768045806884764
    }
  ]
}