{
  "id": "frame_2708",
  "user": "NPC-A\u0130",
  "frame": "frame_2708",
  "detected_objects": [
    {
      "cls": 1.0,
      "top_left_x": 1893.2728271484375,
      "top_left_y": 27.28078842163086,
      "bottom_right_x": 1920.0,
      "bottom_right_y": 55.49306106567383
    }
  ],
  "detected_translations": [
    {
      "translation_x": -79.22921943664551,
      "translation_y": -32.27320556640625
    }
  ]
}