{
  "id": "frame_734",
  "user": "NPC-A\u0130",
  "frame": "frame_734",
  "detected_objects": [
    {
      "cls": 1.0,
      "top_left_x": 900.6876220703125,
      "top_left_y": 395.3142395019531,
      "bottom_right_x": 924.7154541015625,
      "bottom_right_y": 425.3075256347656
    }
  ],
  "detected_translations": [
    {
      "translation_x": -2.860308837890625,
      "translation_y": 110.44873046875
    }
  ]
}