{
  "id": "frame_535",
  "user": "NPC-AI",
  "frame": "frame_535",
  "detected_objects": [
    {
      "cls": 0,
      "landing_status": -1,
      "top_left_x": 1779.23828125,
      "top_left_y": 203.58587646484375,
      "bottom_right_x": 1920.0,
      "bottom_right_y": 291.46063232421875
    }
  ],
  "detected_translations": [
    {
      "translation_x": -2.083326721191406,
      "translation_y": 67.42646789550781
    }
  ]
}