{
  "id": "frame_68",
  "user": "NPC-A\u0130",
  "frame": "frame_68",
  "detected_objects": [
    {
      "cls": 1.0,
      "top_left_x": 1301.804931640625,
      "top_left_y": 214.55731201171875,
      "bottom_right_x": 1336.859619140625,
      "bottom_right_y": 247.01739501953125
    }
  ],
  "detected_translations": [
    {
      "translation_x": 0.2808685302734375,
      "translation_y": 0.610357666015625
    }
  ]
}