{
  "id": "frame_1391",
  "user": "NPC-A\u0130",
  "frame": "frame_1391",
  "detected_objects": [
    {
      "cls": 1.0,
      "top_left_x": 1236.810791015625,
      "top_left_y": 535.6280517578125,
      "bottom_right_x": 1265.627197265625,
      "bottom_right_y": 565.367919921875
    },
    {
      "cls": 1.0,
      "top_left_x": 1264.721435546875,
      "top_left_y": 517.4130859375,
      "bottom_right_x": 1294.19384765625,
      "bottom_right_y": 537.5498046875
    },
    {
      "cls": 1.0,
      "top_left_x": 1190.669921875,
      "top_left_y": 515.1209716796875,
      "bottom_right_x": 1220.22802734375,
      "bottom_right_y": 542.7086181640625
    }
  ],
  "detected_translations": [
    {
      "translation_x": 78.82276649475098,
      "translation_y": 6.6772514343261715
    }
  ]
}