{
  "id": "frame_151",
  "user": "NPC-AI",
  "frame": "frame_151",
  "detected_objects": [
    {
      "cls": 1,
      "landing_status": -1,
      "top_left_x": 1336.8409423828125,
      "top_left_y": 470.25933837890625,
      "bottom_right_x": 1373.9744873046875,
      "bottom_right_y": 498.87396240234375
    }
  ],
  "detected_translations": [
    {
      "translation_x": 0.2022552490234375,
      "translation_y": 5.9522346496582035
    }
  ]
}