{
  "id": "frame_2011",
  "user": "NPC-A\u0130",
  "frame": "frame_2011",
  "detected_objects": [
    {
      "cls": 0.0,
      "top_left_x": 1886.6331787109375,
      "top_left_y": 1031.0999755859375,
      "bottom_right_x": 1920.0,
      "bottom_right_y": 1079.0594482421875
    }
  ],
  "detected_translations": [
    {
      "translation_x": -1.7664829254150392,
      "translation_y": -57.96223526000976
    }
  ]
}