{
  "id": "frame_935",
  "user": "NPC-AI",
  "frame": "frame_935",
  "detected_objects": [
    {
      "cls": 0,
      "landing_status": -1,
      "top_left_x": 191.53506469726562,
      "top_left_y": 13.0177001953125,
      "bottom_right_x": 293.5494079589844,
      "bottom_right_y": 194.18582153320312
    },
    {
      "cls": 0,
      "landing_status": -1,
      "top_left_x": 1789.7347412109375,
      "top_left_y": 781.2576904296875,
      "bottom_right_x": 1910.1473388671875,
      "bottom_right_y": 995.40087890625
    },
    {
      "cls": 0,
      "landing_status": -1,
      "top_left_x": 1748.911865234375,
      "top_left_y": 404.92376708984375,
      "bottom_right_x": 1920.0,
      "bottom_right_y": 495.751220703125
    },
    {
      "cls": 1,
      "landing_status": -1,
      "top_left_x": 537.5005493164062,
      "top_left_y": 264.7815856933594,
      "bottom_right_x": 574.4855346679688,
      "bottom_right_y": 299.7321472167969
    }
  ],
  "detected_translations": [
    {
      "translation_x": 42.79728546142578,
      "translation_y": 116.24569549560547
    }
  ]
}