{
  "id": "frame_1367",
  "user": "NPC-A\u0130",
  "frame": "frame_1367",
  "detected_objects": [
    {
      "cls": 1.0,
      "top_left_x": 1249.468994140625,
      "top_left_y": 895.504150390625,
      "bottom_right_x": 1278.593994140625,
      "bottom_right_y": 918.404296875
    }
  ],
  "detected_translations": [
    {
      "translation_x": 78.8928150177002,
      "translation_y": 15.506757354736328
    }
  ]
}