{
  "id": "frame_926",
  "user": "NPC-AI",
  "frame": "frame_926",
  "detected_objects": [
    {
      "cls": 0,
      "landing_status": -1,
      "top_left_x": 316.94525146484375,
      "top_left_y": 6.378509521484375,
      "bottom_right_x": 412.40972900390625,
      "bottom_right_y": 187.09902954101562
    },
    {
      "cls": 1,
      "landing_status": -1,
      "top_left_x": 642.8389892578125,
      "top_left_y": 260.78167724609375,
      "bottom_right_x": 689.7979736328125,
      "bottom_right_y": 294.50152587890625
    }
  ],
  "detected_translations": [
    {
      "translation_x": 39.45369415283203,
      "translation_y": 115.9313751220703
    }
  ]
}