{
  "id": "frame_113",
  "user": "NPC-AI",
  "frame": "frame_113",
  "detected_objects": [
    {
      "cls": 1,
      "landing_status": -1,
      "top_left_x": 1717.02978515625,
      "top_left_y": 988.0821533203125,
      "bottom_right_x": 1772.712890625,
      "bottom_right_y": 1030.5145263671875
    }
  ],
  "detected_translations": [
    {
      "translation_x": 0.196185302734375,
      "translation_y": 1.9891998291015625
    }
  ]
}