{
  "id": "frame_1561",
  "user": "NPC-AI",
  "frame": "frame_1561",
  "detected_objects": [
    {
      "cls": 1,
      "landing_status": -1,
      "top_left_x": 1799.4461669921875,
      "top_left_y": 1033.3065185546875,
      "bottom_right_x": 1850.9349365234375,
      "bottom_right_y": 1073.1551513671875
    },
    {
      "cls": 1,
      "landing_status": -1,
      "top_left_x": 557.9583740234375,
      "top_left_y": 606.2120361328125,
      "bottom_right_x": 593.4967041015625,
      "bottom_right_y": 642.7818603515625
    }
  ],
  "detected_translations": [
    {
      "translation_x": 78.31969261169434,
      "translation_y": -56.09097747802734
    }
  ]
}