{
  "id": "frame_62",
  "user": "NPC-AI",
  "frame": "frame_62",
  "detected_objects": [
    {
      "cls": 1,
      "landing_status": -1,
      "top_left_x": 1299.96142578125,
      "top_left_y": 211.9512176513672,
      "bottom_right_x": 1333.3896484375,
      "bottom_right_y": 246.31785583496094
    },
    {
      "cls": 1,
      "landing_status": -1,
      "top_left_x": 1719.907958984375,
      "top_left_y": 796.6770629882812,
      "bottom_right_x": 1748.120849609375,
      "bottom_right_y": 814.0559692382812
    }
  ],
  "detected_translations": [
    {
      "translation_x": 0.238262939453125,
      "translation_y": 0.5474990844726563
    }
  ]
}