{
  "id": "frame_3312",
  "user": "NPC-AI",
  "frame": "frame_3312",
  "detected_objects": [
    {
      "cls": 1,
      "landing_status": -1,
      "top_left_x": 787.530517578125,
      "top_left_y": 267.26983642578125,
      "bottom_right_x": 821.798828125,
      "bottom_right_y": 307.65521240234375
    }
  ],
  "detected_translations": [
    {
      "translation_x": 30.01389274597168,
      "translation_y": -36.45138244628906
    }
  ]
}