{
  "id": "frame_163",
  "user": "NPC-AI",
  "frame": "frame_163",
  "detected_objects": [
    {
      "cls": 1,
      "landing_status": -1,
      "top_left_x": 1340.2701416015625,
      "top_left_y": 521.163330078125,
      "bottom_right_x": 1376.7806396484375,
      "bottom_right_y": 549.5595703125
    }
  ],
  "detected_translations": [
    {
      "translation_x": -0.1161865234375,
      "translation_y": 6.935669708251953
    }
  ]
}