{
  "id": "frame_1157",
  "user": "NPC-AI",
  "frame": "frame_1157",
  "detected_objects": [
    {
      "cls": 0,
      "landing_status": -1,
      "top_left_x": 322.49261474609375,
      "top_left_y": 0.0,
      "bottom_right_x": 429.34405517578125,
      "bottom_right_y": 106.89337921142578
    }
  ],
  "detected_translations": [
    {
      "translation_x": 81.32322616577149,
      "translation_y": 92.32136459350586
    }
  ]
}