{
  "id": "frame_164",
  "user": "NPC-AI",
  "frame": "frame_164",
  "detected_objects": [
    {
      "cls": 1,
      "landing_status": -1,
      "top_left_x": 1340.5413818359375,
      "top_left_y": 525.394287109375,
      "bottom_right_x": 1377.0096435546875,
      "bottom_right_y": 554.0469970703125
    }
  ],
  "detected_translations": [
    {
      "translation_x": 0.0246795654296875,
      "translation_y": 6.9990699768066404
    }
  ]
}