{
  "id": "frame_2693",
  "user": "NPC-A\u0130",
  "frame": "frame_2693",
  "detected_objects": [
    {
      "cls": 1.0,
      "top_left_x": 1873.0975341796875,
      "top_left_y": 98.77217102050781,
      "bottom_right_x": 1920.0,
      "bottom_right_y": 136.8988494873047
    }
  ],
  "detected_translations": [
    {
      "translation_x": -76.68782997131348,
      "translation_y": -30.094418334960938
    }
  ]
}