{
  "id": "frame_0526",
  "user": "NPC-AI",
  "frame": "frame_0526",
  "detected_objects": [
    {
      "cls": 2,
      "landing_status": 1,
      "top_left_x": 634.52978515625,
      "top_left_y": 2.0854644775390625,
      "bottom_right_x": 763.292724609375,
      "bottom_right_y": 104.71966552734375
    },
    {
      "cls": 1,
      "landing_status": -1,
      "top_left_x": 1813.44189453125,
      "top_left_y": 599.1861572265625,
      "bottom_right_x": 1855.0673828125,
      "bottom_right_y": 632.5321044921875
    },
    {
      "cls": 1,
      "landing_status": -1,
      "top_left_x": 1187.024658203125,
      "top_left_y": 137.92300415039062,
      "bottom_right_x": 1219.129150390625,
      "bottom_right_y": 178.73599243164062
    }
  ],
  "detected_translations": [
    {
      "translation_x": -0.039801025390625,
      "translation_y": 0.29961471557617186
    }
  ]
}