{
  "id": "frame_1467",
  "user": "NPC-A\u0130",
  "frame": "frame_1467",
  "detected_objects": [
    {
      "cls": 1.0,
      "top_left_x": 393.86602783203125,
      "top_left_y": 251.54995727539062,
      "bottom_right_x": 441.79779052734375,
      "bottom_right_y": 281.1820373535156
    }
  ],
  "detected_translations": [
    {
      "translation_x": 77.90547523498535,
      "translation_y": -22.89693603515625
    }
  ]
}