{
  "id": "frame_181",
  "user": "NPC-AI",
  "frame": "frame_181",
  "detected_objects": [
    {
      "cls": 1,
      "landing_status": -1,
      "top_left_x": 1345.701171875,
      "top_left_y": 597.37060546875,
      "bottom_right_x": 1381.9052734375,
      "bottom_right_y": 625.907470703125
    }
  ],
  "detected_translations": [
    {
      "translation_x": -0.032586669921875,
      "translation_y": 8.390084075927735
    }
  ]
}