{
  "id": "frame_765",
  "user": "NPC-AI",
  "frame": "frame_765",
  "detected_objects": [
    {
      "cls": 1,
      "landing_status": -1,
      "top_left_x": 527.276611328125,
      "top_left_y": 86.03392791748047,
      "bottom_right_x": 565.482666015625,
      "bottom_right_y": 115.6517562866211
    },
    {
      "cls": 1,
      "landing_status": -1,
      "top_left_x": 537.417724609375,
      "top_left_y": 58.935733795166016,
      "bottom_right_x": 578.712890625,
      "bottom_right_y": 86.98855590820312
    },
    {
      "cls": 1,
      "landing_status": -1,
      "top_left_x": 786.7547607421875,
      "top_left_y": 460.3311462402344,
      "bottom_right_x": 818.8739013671875,
      "bottom_right_y": 489.1039123535156
    }
  ],
  "detected_translations": [
    {
      "translation_x": -1.5617156982421876,
      "translation_y": 111.88666534423828
    }
  ]
}