{
  "id": "frame_146",
  "user": "NPC-AI",
  "frame": "frame_146",
  "detected_objects": [
    {
      "cls": 1,
      "landing_status": -1,
      "top_left_x": 1335.129638671875,
      "top_left_y": 448.69610595703125,
      "bottom_right_x": 1373.08984375,
      "bottom_right_y": 478.14532470703125
    }
  ],
  "detected_translations": [
    {
      "translation_x": 0.24478759765625,
      "translation_y": 5.471280670166015
    }
  ]
}