{
  "id": "frame_2623",
  "user": "NPC-A\u0130",
  "frame": "frame_2623",
  "detected_objects": [
    {
      "cls": 1.0,
      "top_left_x": 714.3648681640625,
      "top_left_y": 312.4217529296875,
      "bottom_right_x": 735.7557373046875,
      "bottom_right_y": 345.97503662109375
    },
    {
      "cls": 1.0,
      "top_left_x": 1755.49462890625,
      "top_left_y": 475.7845458984375,
      "bottom_right_x": 1802.2041015625,
      "bottom_right_y": 497.8096923828125
    }
  ],
  "detected_translations": [
    {
      "translation_x": -71.08735847473145,
      "translation_y": -21.452765655517577
    }
  ]
}