{
  "id": "frame_714",
  "user": "NPC-A\u0130",
  "frame": "frame_714",
  "detected_objects": [
    {
      "cls": 1.0,
      "top_left_x": 1035.44287109375,
      "top_left_y": 325.88714599609375,
      "bottom_right_x": 1065.69140625,
      "bottom_right_y": 353.23516845703125
    }
  ],
  "detected_translations": [
    {
      "translation_x": -3.1064361572265624,
      "translation_y": 108.22554321289063
    }
  ]
}