{
  "id": "frame_790",
  "user": "NPC-A\u0130",
  "frame": "frame_790",
  "detected_objects": [
    {
      "cls": 1.0,
      "top_left_x": 753.7175903320312,
      "top_left_y": 520.6505126953125,
      "bottom_right_x": 797.1912231445312,
      "bottom_right_y": 547.8150634765625
    },
    {
      "cls": 0.0,
      "top_left_x": 1818.710693359375,
      "top_left_y": 939.1572265625,
      "bottom_right_x": 1919.313720703125,
      "bottom_right_y": 1079.919921875
    },
    {
      "cls": 1.0,
      "top_left_x": 615.739990234375,
      "top_left_y": 497.93756103515625,
      "bottom_right_x": 651.5323486328125,
      "bottom_right_y": 525.1056518554688
    },
    {
      "cls": 1.0,
      "top_left_x": 467.4815673828125,
      "top_left_y": 98.57815551757812,
      "bottom_right_x": 502.8585205078125,
      "bottom_right_y": 125.43894958496094
    }
  ],
  "detected_translations": [
    {
      "translation_x": 1.865924072265625,
      "translation_y": 113.25108489990234
    }
  ]
}