{
  "id": "frame_1314",
  "user": "NPC-AI",
  "frame": "frame_1314",
  "detected_objects": [
    {
      "cls": 1,
      "landing_status": -1,
      "top_left_x": 1662.6431884765625,
      "top_left_y": 205.64752197265625,
      "bottom_right_x": 1706.2889404296875,
      "bottom_right_y": 238.38543701171875
    }
  ],
  "detected_translations": [
    {
      "translation_x": 79.28680763244628,
      "translation_y": 33.111481475830075
    }
  ]
}