{
  "id": "frame_750",
  "user": "NPC-AI",
  "frame": "frame_750",
  "detected_objects": [
    {
      "cls": 1,
      "landing_status": -1,
      "top_left_x": 546.79150390625,
      "top_left_y": 27.533254623413086,
      "bottom_right_x": 586.217529296875,
      "bottom_right_y": 59.140403747558594
    },
    {
      "cls": 1,
      "landing_status": -1,
      "top_left_x": 852.8668212890625,
      "top_left_y": 435.0015563964844,
      "bottom_right_x": 883.263671875,
      "bottom_right_y": 462.7769470214844
    },
    {
      "cls": 1,
      "landing_status": -1,
      "top_left_x": 538.443115234375,
      "top_left_y": 51.99336242675781,
      "bottom_right_x": 577.755859375,
      "bottom_right_y": 87.90232849121094
    },
    {
      "cls": 1,
      "landing_status": -1,
      "top_left_x": 971.6173706054688,
      "top_left_y": 450.13775634765625,
      "bottom_right_x": 995.5038452148438,
      "bottom_right_y": 475.56915283203125
    }
  ],
  "detected_translations": [
    {
      "translation_x": -2.0225494384765623,
      "translation_y": 111.37869567871094
    }
  ]
}