{
  "id": "frame_55",
  "user": "NPC-A\u0130",
  "frame": "frame_55",
  "detected_objects": [
    {
      "cls": 1.0,
      "top_left_x": 1296.8935546875,
      "top_left_y": 209.53224182128906,
      "bottom_right_x": 1329.671875,
      "bottom_right_y": 245.0212860107422
    },
    {
      "cls": 1.0,
      "top_left_x": 1713.9462890625,
      "top_left_y": 779.8563232421875,
      "bottom_right_x": 1738.1142578125,
      "bottom_right_y": 793.6710205078125
    }
  ],
  "detected_translations": [
    {
      "translation_x": 0.072015380859375,
      "translation_y": 0.4092987060546875
    }
  ]
}