{
  "id": "frame_762",
  "user": "NPC-A\u0130",
  "frame": "frame_762",
  "detected_objects": [
    {
      "cls": 1.0,
      "top_left_x": 538.1595458984375,
      "top_left_y": 52.33422088623047,
      "bottom_right_x": 576.0491943359375,
      "bottom_right_y": 81.1313705444336
    },
    {
      "cls": 1.0,
      "top_left_x": 800.2719116210938,
      "top_left_y": 453.9169921875,
      "bottom_right_x": 828.7871704101562,
      "bottom_right_y": 484.080810546875
    }
  ],
  "detected_translations": [
    {
      "translation_x": -1.842681884765625,
      "translation_y": 111.90184478759765
    }
  ]
}