{
  "id": "frame_832",
  "user": "NPC-A\u0130",
  "frame": "frame_832",
  "detected_objects": [
    {
      "cls": 0.0,
      "top_left_x": 1399.68994140625,
      "top_left_y": 296.8536376953125,
      "bottom_right_x": 1611.28125,
      "bottom_right_y": 391.43505859375
    },
    {
      "cls": 1.0,
      "top_left_x": 350.5264587402344,
      "top_left_y": 539.5123901367188,
      "bottom_right_x": 405.6879577636719,
      "bottom_right_y": 565.5549926757812
    },
    {
      "cls": 0.0,
      "top_left_x": 1487.543701171875,
      "top_left_y": 961.802001953125,
      "bottom_right_x": 1573.462158203125,
      "bottom_right_y": 1079.396484375
    },
    {
      "cls": 1.0,
      "top_left_x": 229.01214599609375,
      "top_left_y": 126.25782775878906,
      "bottom_right_x": 273.9663391113281,
      "bottom_right_y": 150.69004821777344
    }
  ],
  "detected_translations": [
    {
      "translation_x": 10.183352661132812,
      "translation_y": 113.76727905273438
    }
  ]
}