{
  "id": "frame_589",
  "user": "NPC-A\u0130",
  "frame": "frame_589",
  "detected_objects": [
    {
      "cls": 0.0,
      "top_left_x": 1766.2974853515625,
      "top_left_y": 803.2575073242188,
      "bottom_right_x": 1919.8756103515625,
      "bottom_right_y": 896.0242309570312
    }
  ],
  "detected_translations": [
    {
      "translation_x": -2.1225936889648436,
      "translation_y": 79.07926940917969
    }
  ]
}