{
  "id": "frame_172",
  "user": "NPC-A\u0130",
  "frame": "frame_172",
  "detected_objects": [
    {
      "cls": 1.0,
      "top_left_x": 1342.870849609375,
      "top_left_y": 560.052734375,
      "bottom_right_x": 1380.020751953125,
      "bottom_right_y": 589.1251220703125
    }
  ],
  "detected_translations": [
    {
      "translation_x": -0.2752044677734375,
      "translation_y": 7.544203186035157
    }
  ]
}