{
  "id": "frame_1375",
  "user": "NPC-AI",
  "frame": "frame_1375",
  "detected_objects": [
    {
      "cls": 1,
      "landing_status": -1,
      "top_left_x": 1177.8388671875,
      "top_left_y": 760.349853515625,
      "bottom_right_x": 1205.921875,
      "bottom_right_y": 799.10546875
    },
    {
      "cls": 1,
      "landing_status": -1,
      "top_left_x": 1227.0869140625,
      "top_left_y": 787.5228271484375,
      "bottom_right_x": 1254.2412109375,
      "bottom_right_y": 819.8558349609375
    },
    {
      "cls": 0,
      "landing_status": -1,
      "top_left_x": 897.1251220703125,
      "top_left_y": 597.7569580078125,
      "bottom_right_x": 926.4168701171875,
      "bottom_right_y": 682.92431640625
    },
    {
      "cls": 1,
      "landing_status": -1,
      "top_left_x": 1253.15234375,
      "top_left_y": 766.4420776367188,
      "bottom_right_x": 1286.4130859375,
      "bottom_right_y": 792.6720581054688
    }
  ],
  "detected_translations": [
    {
      "translation_x": 78.83790168762206,
      "translation_y": 12.74185562133789
    }
  ]
}