{
  "id": "frame_1312",
  "user": "NPC-A\u0130",
  "frame": "frame_1312",
  "detected_objects": [
    {
      "cls": 0.0,
      "top_left_x": 1477.3209228515625,
      "top_left_y": 753.82080078125,
      "bottom_right_x": 1551.7135009765625,
      "bottom_right_y": 790.755859375
    }
  ],
  "detected_translations": [
    {
      "translation_x": 79.30233497619629,
      "translation_y": 33.71883773803711
    }
  ]
}