{
  "id": "frame_589",
  "user": "NPC-AI",
  "frame": "frame_589",
  "detected_objects": [
    {
      "cls": 0,
      "landing_status": -1,
      "top_left_x": 1766.826171875,
      "top_left_y": 804.0419921875,
      "bottom_right_x": 1920.0,
      "bottom_right_y": 888.19921875
    }
  ],
  "detected_translations": [
    {
      "translation_x": -2.1225936889648436,
      "translation_y": 79.07926940917969
    }
  ]
}