{
  "id": "frame_222",
  "user": "NPC-A\u0130",
  "frame": "frame_222",
  "detected_objects": [
    {
      "cls": 1.0,
      "top_left_x": 1353.88427734375,
      "top_left_y": 755.343505859375,
      "bottom_right_x": 1391.3974609375,
      "bottom_right_y": 786.6922607421875
    }
  ],
  "detected_translations": [
    {
      "translation_x": -0.673651123046875,
      "translation_y": 11.320750427246093
    }
  ]
}