{
  "id": "frame_775",
  "user": "NPC-A\u0130",
  "frame": "frame_775",
  "detected_objects": [
    {
      "cls": 1.0,
      "top_left_x": 517.990234375,
      "top_left_y": 77.10346984863281,
      "bottom_right_x": 550.81103515625,
      "bottom_right_y": 106.79692077636719
    },
    {
      "cls": 1.0,
      "top_left_x": 859.168212890625,
      "top_left_y": 498.9254150390625,
      "bottom_right_x": 894.8245849609375,
      "bottom_right_y": 525.547607421875
    },
    {
      "cls": 1.0,
      "top_left_x": 725.4505615234375,
      "top_left_y": 475.8406982421875,
      "bottom_right_x": 757.269287109375,
      "bottom_right_y": 507.7691650390625
    },
    {
      "cls": 1.0,
      "top_left_x": 739.9171142578125,
      "top_left_y": 508.7354736328125,
      "bottom_right_x": 770.6602783203125,
      "bottom_right_y": 534.5623779296875
    }
  ],
  "detected_translations": [
    {
      "translation_x": -0.770184326171875,
      "translation_y": 112.85103302001953
    }
  ]
}