{
  "id": "frame_866",
  "user": "NPC-A\u0130",
  "frame": "frame_866",
  "detected_objects": [
    {
      "cls": 0.0,
      "top_left_x": 696.3209228515625,
      "top_left_y": 302.33465576171875,
      "bottom_right_x": 887.594482421875,
      "bottom_right_y": 390.37652587890625
    },
    {
      "cls": 0.0,
      "top_left_x": 1061.931396484375,
      "top_left_y": 0.0,
      "bottom_right_x": 1143.71240234375,
      "bottom_right_y": 142.37322998046875
    }
  ],
  "detected_translations": [
    {
      "translation_x": 20.203768920898437,
      "translation_y": 113.89256896972657
    }
  ]
}