{
  "id": "frame_2403",
  "user": "NPC-A\u0130",
  "frame": "frame_2403",
  "detected_objects": [
    {
      "cls": 1.0,
      "top_left_x": 219.81153869628906,
      "top_left_y": 533.261962890625,
      "bottom_right_x": 254.0689239501953,
      "bottom_right_y": 560.177001953125
    }
  ],
  "detected_translations": [
    {
      "translation_x": -33.16278419494629,
      "translation_y": -14.304624938964844
    }
  ]
}