{
  "id": "frame_12",
  "user": "NPC-A\u0130",
  "frame": "frame_12",
  "detected_objects": [
    {
      "cls": 1.0,
      "top_left_x": 1681.939208984375,
      "top_left_y": 648.525146484375,
      "bottom_right_x": 1735.468505859375,
      "bottom_right_y": 680.498046875
    },
    {
      "cls": 1.0,
      "top_left_x": 1275.560791015625,
      "top_left_y": 197.93222045898438,
      "bottom_right_x": 1308.820556640625,
      "bottom_right_y": 232.24801635742188
    }
  ],
  "detected_translations": [
    {
      "translation_x": 0.0456146240234375,
      "translation_y": 0.23722381591796876
    }
  ]
}