{
  "id": "frame_225",
  "user": "NPC-A\u0130",
  "frame": "frame_225",
  "detected_objects": [
    {
      "cls": 1.0,
      "top_left_x": 1354.6864013671875,
      "top_left_y": 766.5855102539062,
      "bottom_right_x": 1392.1492919921875,
      "bottom_right_y": 798.1969604492188
    }
  ],
  "detected_translations": [
    {
      "translation_x": -0.8478485107421875,
      "translation_y": 11.720642852783204
    }
  ]
}