{
  "id": "frame_1560",
  "user": "NPC-A\u0130",
  "frame": "frame_1560",
  "detected_objects": [
    {
      "cls": 1.0,
      "top_left_x": 1798.7376708984375,
      "top_left_y": 1048.394287109375,
      "bottom_right_x": 1835.1336669921875,
      "bottom_right_y": 1077.09619140625
    },
    {
      "cls": 1.0,
      "top_left_x": 556.979736328125,
      "top_left_y": 620.2630615234375,
      "bottom_right_x": 593.310791015625,
      "bottom_right_y": 657.077392578125
    }
  ],
  "detected_translations": [
    {
      "translation_x": 78.22280540466309,
      "translation_y": -55.820805358886716
    }
  ]
}