{
  "id": "frame_1276",
  "user": "NPC-AI",
  "frame": "frame_1276",
  "detected_objects": [
    {
      "cls": 1,
      "landing_status": -1,
      "top_left_x": 1628.20361328125,
      "top_left_y": 718.5787353515625,
      "bottom_right_x": 1671.109375,
      "bottom_right_y": 747.1826171875
    }
  ],
  "detected_translations": [
    {
      "translation_x": 79.93959693908691,
      "translation_y": 46.057962799072264
    }
  ]
}