{
  "id": "frame_3285",
  "user": "NPC-AI",
  "frame": "frame_3285",
  "detected_objects": [
    {
      "cls": 1,
      "landing_status": -1,
      "top_left_x": 1184.6207275390625,
      "top_left_y": 202.08811950683594,
      "bottom_right_x": 1220.2215576171875,
      "bottom_right_y": 239.38575744628906
    },
    {
      "cls": 1,
      "landing_status": -1,
      "top_left_x": 798.1715087890625,
      "top_left_y": 212.40420532226562,
      "bottom_right_x": 837.5277099609375,
      "bottom_right_y": 239.37893676757812
    }
  ],
  "detected_translations": [
    {
      "translation_x": 20.37243309020996,
      "translation_y": -36.73598785400391
    }
  ]
}