{
  "id": "frame_2396",
  "user": "NPC-AI",
  "frame": "frame_2396",
  "detected_objects": [
    {
      "cls": 1,
      "landing_status": -1,
      "top_left_x": 119.78150939941406,
      "top_left_y": 33.36492156982422,
      "bottom_right_x": 161.8186798095703,
      "bottom_right_y": 59.45238494873047
    },
    {
      "cls": 1,
      "landing_status": -1,
      "top_left_x": 9.34089469909668,
      "top_left_y": 449.7430419921875,
      "bottom_right_x": 54.86090087890625,
      "bottom_right_y": 470.975341796875
    },
    {
      "cls": 1,
      "landing_status": -1,
      "top_left_x": 150.3455810546875,
      "top_left_y": 521.1370849609375,
      "bottom_right_x": 193.27587890625,
      "bottom_right_y": 546.0445556640625
    }
  ],
  "detected_translations": [
    {
      "translation_x": -31.2973331451416,
      "translation_y": -14.353496551513672
    }
  ]
}