{
  "id": "frame_1555",
  "user": "NPC-AI",
  "frame": "frame_1555",
  "detected_objects": [
    {
      "cls": 1,
      "landing_status": -1,
      "top_left_x": 554.644775390625,
      "top_left_y": 695.5728759765625,
      "bottom_right_x": 592.186279296875,
      "bottom_right_y": 734.3212890625
    }
  ],
  "detected_translations": [
    {
      "translation_x": 78.37731285095215,
      "translation_y": -54.015924072265626
    }
  ]
}