{
  "id": "frame_1992",
  "user": "NPC-A\u0130",
  "frame": "frame_1992",
  "detected_objects": [
    {
      "cls": 0.0,
      "top_left_x": 0.0,
      "top_left_y": 892.2471923828125,
      "bottom_right_x": 165.33433532714844,
      "bottom_right_y": 982.9737548828125
    },
    {
      "cls": 0.0,
      "top_left_x": 1873.33642578125,
      "top_left_y": 840.324951171875,
      "bottom_right_x": 1920.0,
      "bottom_right_y": 935.61279296875
    },
    {
      "cls": 0.0,
      "top_left_x": 94.83978271484375,
      "top_left_y": 743.41357421875,
      "bottom_right_x": 190.94491577148438,
      "bottom_right_y": 825.80615234375
    }
  ],
  "detected_translations": [
    {
      "translation_x": -1.573697280883789,
      "translation_y": -62.14155654907226
    }
  ]
}