{
  "id": "frame_880",
  "user": "NPC-AI",
  "frame": "frame_880",
  "detected_objects": [
    {
      "cls": 0,
      "landing_status": -1,
      "top_left_x": 898.65771484375,
      "top_left_y": 0.0,
      "bottom_right_x": 982.2017822265625,
      "bottom_right_y": 150.28970336914062
    },
    {
      "cls": 0,
      "landing_status": -1,
      "top_left_x": 397.63470458984375,
      "top_left_y": 305.0601806640625,
      "bottom_right_x": 582.5348510742188,
      "bottom_right_y": 391.459228515625
    },
    {
      "cls": 1,
      "landing_status": -1,
      "top_left_x": 1127.881591796875,
      "top_left_y": 224.68258666992188,
      "bottom_right_x": 1170.580810546875,
      "bottom_right_y": 258.8114929199219
    },
    {
      "cls": 0,
      "landing_status": -1,
      "top_left_x": 970.03271484375,
      "top_left_y": 989.279541015625,
      "bottom_right_x": 1052.69287109375,
      "bottom_right_y": 1079.318115234375
    }
  ],
  "detected_translations": [
    {
      "translation_x": 24.689434814453126,
      "translation_y": 114.46045684814453
    }
  ]
}