{
  "id": "frame_3311",
  "user": "NPC-AI",
  "frame": "frame_3311",
  "detected_objects": [
    {
      "cls": 1,
      "landing_status": -1,
      "top_left_x": 799.85107421875,
      "top_left_y": 264.578369140625,
      "bottom_right_x": 833.5455322265625,
      "bottom_right_y": 307.293701171875
    }
  ],
  "detected_translations": [
    {
      "translation_x": 29.801545333862304,
      "translation_y": -36.449805450439456
    }
  ]
}