{
  "id": "frame_1442",
  "user": "NPC-A\u0130",
  "frame": "frame_1442",
  "detected_objects": [
    {
      "cls": 1.0,
      "top_left_x": 444.537841796875,
      "top_left_y": 645.9840087890625,
      "bottom_right_x": 487.4813232421875,
      "bottom_right_y": 672.4432373046875
    }
  ],
  "detected_translations": [
    {
      "translation_x": 78.21687660217285,
      "translation_y": -13.168598937988282
    }
  ]
}