{
  "id": "frame_690",
  "user": "NPC-AI",
  "frame": "frame_690",
  "detected_objects": [
    {
      "cls": 1,
      "landing_status": -1,
      "top_left_x": 991.2940673828125,
      "top_left_y": 159.176025390625,
      "bottom_right_x": 1014.7392578125,
      "bottom_right_y": 189.97454833984375
    },
    {
      "cls": 1,
      "landing_status": -1,
      "top_left_x": 1086.384765625,
      "top_left_y": 135.13632202148438,
      "bottom_right_x": 1115.099609375,
      "bottom_right_y": 165.95675659179688
    },
    {
      "cls": 1,
      "landing_status": -1,
      "top_left_x": 985.5596923828125,
      "top_left_y": 128.46676635742188,
      "bottom_right_x": 1012.0555419921875,
      "bottom_right_y": 161.67941284179688
    }
  ],
  "detected_translations": [
    {
      "translation_x": -3.3762298583984376,
      "translation_y": 103.47269897460937
    }
  ]
}