{
  "id": "frame_7",
  "user": "NPC-AI",
  "frame": "frame_7",
  "detected_objects": [
    {
      "cls": 1,
      "landing_status": -1,
      "top_left_x": 1273.782470703125,
      "top_left_y": 195.52984619140625,
      "bottom_right_x": 1306.073486328125,
      "bottom_right_y": 229.73934936523438
    }
  ],
  "detected_translations": [
    {
      "translation_x": 0.1214935302734375,
      "translation_y": 0.2283203125
    }
  ]
}