{
  "id": "frame_217",
  "user": "NPC-AI",
  "frame": "frame_217",
  "detected_objects": [
    {
      "cls": 1,
      "landing_status": -1,
      "top_left_x": 1353.696044921875,
      "top_left_y": 737.1732788085938,
      "bottom_right_x": 1390.274658203125,
      "bottom_right_y": 767.8255004882812
    }
  ],
  "detected_translations": [
    {
      "translation_x": -0.46195068359375,
      "translation_y": 11.067831420898438
    }
  ]
}