{
  "id": "frame_3256",
  "user": "NPC-A\u0130",
  "frame": "frame_3256",
  "detected_objects": [
    {
      "cls": 1.0,
      "top_left_x": 1640.55224609375,
      "top_left_y": 106.8436508178711,
      "bottom_right_x": 1692.01123046875,
      "bottom_right_y": 144.73660278320312
    }
  ],
  "detected_translations": [
    {
      "translation_x": 10.97264060974121,
      "translation_y": -37.5114013671875
    }
  ]
}