{
  "id": "frame_133",
  "user": "NPC-AI",
  "frame": "frame_133",
  "detected_objects": [
    {
      "cls": 1,
      "landing_status": -1,
      "top_left_x": 1331.4310302734375,
      "top_left_y": 393.8287658691406,
      "bottom_right_x": 1368.2706298828125,
      "bottom_right_y": 423.3525695800781
    }
  ],
  "detected_translations": [
    {
      "translation_x": 0.5072540283203125,
      "translation_y": 3.970589447021484
    }
  ]
}