{
  "id": "frame_214",
  "user": "NPC-AI",
  "frame": "frame_214",
  "detected_objects": [
    {
      "cls": 1,
      "landing_status": -1,
      "top_left_x": 1352.8350830078125,
      "top_left_y": 726.036376953125,
      "bottom_right_x": 1389.3426513671875,
      "bottom_right_y": 756.670654296875
    }
  ],
  "detected_translations": [
    {
      "translation_x": -0.486883544921875,
      "translation_y": 10.91345672607422
    }
  ]
}