{
  "id": "frame_3254",
  "user": "NPC-A\u0130",
  "frame": "frame_3254",
  "detected_objects": [
    {
      "cls": 1.0,
      "top_left_x": 1671.76123046875,
      "top_left_y": 100.60047912597656,
      "bottom_right_x": 1723.91259765625,
      "bottom_right_y": 139.7370147705078
    }
  ],
  "detected_translations": [
    {
      "translation_x": 10.110100936889648,
      "translation_y": -37.66997756958008
    }
  ]
}