{
  "id": "frame_760",
  "user": "NPC-AI",
  "frame": "frame_760",
  "detected_objects": [
    {
      "cls": 1,
      "landing_status": -1,
      "top_left_x": 535.2734375,
      "top_left_y": 75.06843566894531,
      "bottom_right_x": 566.64453125,
      "bottom_right_y": 106.3323974609375
    },
    {
      "cls": 1,
      "landing_status": -1,
      "top_left_x": 542.383544921875,
      "top_left_y": 48.61347579956055,
      "bottom_right_x": 572.545166015625,
      "bottom_right_y": 78.18580627441406
    },
    {
      "cls": 1,
      "landing_status": -1,
      "top_left_x": 934.3782348632812,
      "top_left_y": 469.15032958984375,
      "bottom_right_x": 959.3601684570312,
      "bottom_right_y": 494.25115966796875
    },
    {
      "cls": 1,
      "landing_status": -1,
      "top_left_x": 811.0563354492188,
      "top_left_y": 454.2498779296875,
      "bottom_right_x": 842.2711791992188,
      "bottom_right_y": 479.8145751953125
    }
  ],
  "detected_translations": [
    {
      "translation_x": -1.8013458251953125,
      "translation_y": 111.88010101318359
    }
  ]
}