{
  "id": "frame_1002",
  "user": "NPC-A\u0130",
  "frame": "frame_1002",
  "detected_objects": [
    {
      "cls": 0.0,
      "top_left_x": 793.9864501953125,
      "top_left_y": 823.6165771484375,
      "bottom_right_x": 895.7611083984375,
      "bottom_right_y": 1058.2943115234375
    },
    {
      "cls": 1.0,
      "top_left_x": 1432.1441650390625,
      "top_left_y": 820.1729736328125,
      "bottom_right_x": 1489.7279052734375,
      "bottom_right_y": 857.1737060546875
    },
    {
      "cls": 1.0,
      "top_left_x": 1414.078369140625,
      "top_left_y": 349.6097412109375,
      "bottom_right_x": 1472.4619140625,
      "bottom_right_y": 381.713623046875
    },
    {
      "cls": 1.0,
      "top_left_x": 1296.2454833984375,
      "top_left_y": 343.64105224609375,
      "bottom_right_x": 1351.2200927734375,
      "bottom_right_y": 375.9434814453125
    }
  ],
  "detected_translations": [
    {
      "translation_x": 69.33018493652344,
      "translation_y": 117.77869567871093
    }
  ]
}