{
  "id": "frame_1170",
  "user": "NPC-A\u0130",
  "frame": "frame_1170",
  "detected_objects": [
    {
      "cls": 1.0,
      "top_left_x": 543.2669677734375,
      "top_left_y": 512.5621337890625,
      "bottom_right_x": 559.94677734375,
      "bottom_right_y": 537.30224609375
    }
  ],
  "detected_translations": [
    {
      "translation_x": 81.43844680786133,
      "translation_y": 86.88879013061523
    }
  ]
}