{
  "id": "frame_1150",
  "user": "NPC-AI",
  "frame": "frame_1150",
  "detected_objects": [
    {
      "cls": 0,
      "landing_status": -1,
      "top_left_x": 324.5579833984375,
      "top_left_y": 0.0,
      "bottom_right_x": 418.601318359375,
      "bottom_right_y": 182.89794921875
    }
  ],
  "detected_translations": [
    {
      "translation_x": 81.39468307495117,
      "translation_y": 94.91859970092773
    }
  ]
}