{
  "id": "frame_541",
  "user": "NPC-A\u0130",
  "frame": "frame_541",
  "detected_objects": [
    {
      "cls": 0.0,
      "top_left_x": 1778.250244140625,
      "top_left_y": 273.78778076171875,
      "bottom_right_x": 1920.0,
      "bottom_right_y": 359.04119873046875
    }
  ],
  "detected_translations": [
    {
      "translation_x": -2.18702392578125,
      "translation_y": 68.49978790283203
    }
  ]
}