{
  "id": "frame_1215",
  "user": "NPC-AI",
  "frame": "frame_1215",
  "detected_objects": [
    {
      "cls": 0,
      "landing_status": -1,
      "top_left_x": 432.6339111328125,
      "top_left_y": 999.5816040039062,
      "bottom_right_x": 466.07977294921875,
      "bottom_right_y": 1065.853515625
    }
  ],
  "detected_translations": [
    {
      "translation_x": 81.12001190185546,
      "translation_y": 69.50265808105469
    }
  ]
}