{
  "id": "frame_818",
  "user": "NPC-A\u0130",
  "frame": "frame_818",
  "detected_objects": [
    {
      "cls": 0.0,
      "top_left_x": 1675.768798828125,
      "top_left_y": 294.0693359375,
      "bottom_right_x": 1901.360595703125,
      "bottom_right_y": 390.7578125
    },
    {
      "cls": 1.0,
      "top_left_x": 499.6534423828125,
      "top_left_y": 536.2708740234375,
      "bottom_right_x": 548.19580078125,
      "bottom_right_y": 561.4544677734375
    },
    {
      "cls": 0.0,
      "top_left_x": 1614.473388671875,
      "top_left_y": 958.430419921875,
      "bottom_right_x": 1701.732666015625,
      "bottom_right_y": 1079.192138671875
    },
    {
      "cls": 1.0,
      "top_left_x": 322.67315673828125,
      "top_left_y": 119.64230346679688,
      "bottom_right_x": 365.82916259765625,
      "bottom_right_y": 146.76608276367188
    }
  ],
  "detected_translations": [
    {
      "translation_x": 7.1444580078125,
      "translation_y": 113.31042022705078
    }
  ]
}