{
  "id": "frame_1444",
  "user": "NPC-A\u0130",
  "frame": "frame_1444",
  "detected_objects": [
    {
      "cls": 1.0,
      "top_left_x": 443.65997314453125,
      "top_left_y": 615.4324951171875,
      "bottom_right_x": 480.1673583984375,
      "bottom_right_y": 641.2235107421875
    }
  ],
  "detected_translations": [
    {
      "translation_x": 78.1233066558838,
      "translation_y": -13.971487426757813
    }
  ]
}