{
  "id": "frame_99",
  "user": "NPC-A\u0130",
  "frame": "frame_99",
  "detected_objects": [
    {
      "cls": 1.0,
      "top_left_x": 1712.5811767578125,
      "top_left_y": 904.8173217773438,
      "bottom_right_x": 1744.8656005859375,
      "bottom_right_y": 949.0767211914062
    },
    {
      "cls": 1.0,
      "top_left_x": 1740.59375,
      "top_left_y": 933.4876708984375,
      "bottom_right_x": 1766.5546875,
      "bottom_right_y": 950.2928466796875
    }
  ],
  "detected_translations": [
    {
      "translation_x": 0.2333984375,
      "translation_y": 1.26195068359375
    }
  ]
}