{
  "id": "frame_46",
  "user": "NPC-A\u0130",
  "frame": "frame_46",
  "detected_objects": [
    {
      "cls": 1.0,
      "top_left_x": 1292.20458984375,
      "top_left_y": 208.69882202148438,
      "bottom_right_x": 1325.10986328125,
      "bottom_right_y": 242.42416381835938
    },
    {
      "cls": 1.0,
      "top_left_x": 1693.7733154296875,
      "top_left_y": 739.160888671875,
      "bottom_right_x": 1732.0667724609375,
      "bottom_right_y": 771.806640625
    }
  ],
  "detected_translations": [
    {
      "translation_x": 0.1217620849609375,
      "translation_y": 0.5499557495117188
    }
  ]
}