{
  "id": "frame_919",
  "user": "NPC-AI",
  "frame": "frame_919",
  "detected_objects": [
    {
      "cls": 0,
      "landing_status": -1,
      "top_left_x": 409.1512145996094,
      "top_left_y": 0.947296142578125,
      "bottom_right_x": 503.7405090332031,
      "bottom_right_y": 182.0161590576172
    },
    {
      "cls": 1,
      "landing_status": -1,
      "top_left_x": 725.5596923828125,
      "top_left_y": 253.89361572265625,
      "bottom_right_x": 756.4327392578125,
      "bottom_right_y": 288.81597900390625
    },
    {
      "cls": 1,
      "landing_status": -1,
      "top_left_x": 421.637939453125,
      "top_left_y": 189.81402587890625,
      "bottom_right_x": 471.2755126953125,
      "bottom_right_y": 221.29534912109375
    },
    {
      "cls": 1,
      "landing_status": -1,
      "top_left_x": 15.64305305480957,
      "top_left_y": 533.9407348632812,
      "bottom_right_x": 50.26152801513672,
      "bottom_right_y": 553.8609008789062
    }
  ],
  "detected_translations": [
    {
      "translation_x": 37.137324523925784,
      "translation_y": 116.22546997070313
    }
  ]
}