{
  "id": "frame_1996",
  "user": "NPC-A\u0130",
  "frame": "frame_1996",
  "detected_objects": [
    {
      "cls": 0.0,
      "top_left_x": 0.0,
      "top_left_y": 927.6318359375,
      "bottom_right_x": 126.24292755126953,
      "bottom_right_y": 1015.89404296875
    },
    {
      "cls": 0.0,
      "top_left_x": 1875.73828125,
      "top_left_y": 880.2822265625,
      "bottom_right_x": 1920.0,
      "bottom_right_y": 978.606201171875
    }
  ],
  "detected_translations": [
    {
      "translation_x": -1.5969989776611329,
      "translation_y": -61.61816177368164
    }
  ]
}