{
  "id": "frame_1364",
  "user": "NPC-A\u0130",
  "frame": "frame_1364",
  "detected_objects": [
    {
      "cls": 1.0,
      "top_left_x": 1171.974609375,
      "top_left_y": 933.7623291015625,
      "bottom_right_x": 1199.239013671875,
      "bottom_right_y": 973.4417724609375
    }
  ],
  "detected_translations": [
    {
      "translation_x": 79.15647926330567,
      "translation_y": 16.485297393798827
    }
  ]
}