{
  "id": "frame_896",
  "user": "NPC-A\u0130",
  "frame": "frame_896",
  "detected_objects": [
    {
      "cls": 0.0,
      "top_left_x": 700.4805908203125,
      "top_left_y": 0.503509521484375,
      "bottom_right_x": 790.67138671875,
      "bottom_right_y": 159.94776916503906
    },
    {
      "cls": 0.0,
      "top_left_x": 42.3848876953125,
      "top_left_y": 304.5830078125,
      "bottom_right_x": 228.98043823242188,
      "bottom_right_y": 394.53424072265625
    },
    {
      "cls": 1.0,
      "top_left_x": 969.2823486328125,
      "top_left_y": 232.56173706054688,
      "bottom_right_x": 1012.5994873046875,
      "bottom_right_y": 266.2473449707031
    }
  ],
  "detected_translations": [
    {
      "translation_x": 29.866004943847656,
      "translation_y": 114.83594665527343
    }
  ]
}