{
  "id": "frame_156",
  "user": "NPC-AI",
  "frame": "frame_156",
  "detected_objects": [
    {
      "cls": 1,
      "landing_status": -1,
      "top_left_x": 1338.063720703125,
      "top_left_y": 491.13006591796875,
      "bottom_right_x": 1375.310791015625,
      "bottom_right_y": 520.6524047851562
    }
  ],
  "detected_translations": [
    {
      "translation_x": 0.0400238037109375,
      "translation_y": 6.396546936035156
    }
  ]
}