{
  "id": "frame_1377",
  "user": "NPC-A\u0130",
  "frame": "frame_1377",
  "detected_objects": [
    {
      "cls": 1.0,
      "top_left_x": 1179.207763671875,
      "top_left_y": 729.09228515625,
      "bottom_right_x": 1207.658447265625,
      "bottom_right_y": 767.31298828125
    },
    {
      "cls": 1.0,
      "top_left_x": 1229.197265625,
      "top_left_y": 753.1409912109375,
      "bottom_right_x": 1255.66357421875,
      "bottom_right_y": 788.157958984375
    }
  ],
  "detected_translations": [
    {
      "translation_x": 78.74659461975098,
      "translation_y": 12.00219497680664
    }
  ]
}