{
  "id": "frame_2686",
  "user": "NPC-A\u0130",
  "frame": "frame_2686",
  "detected_objects": [
    {
      "cls": 1.0,
      "top_left_x": 1860.06689453125,
      "top_left_y": 136.1631317138672,
      "bottom_right_x": 1909.914306640625,
      "bottom_right_y": 174.56321716308594
    }
  ],
  "detected_translations": [
    {
      "translation_x": -77.0350498199463,
      "translation_y": -29.301451110839842
    }
  ]
}