{
  "id": "frame_207",
  "user": "NPC-AI",
  "frame": "frame_207",
  "detected_objects": [
    {
      "cls": 1,
      "landing_status": -1,
      "top_left_x": 1351.55859375,
      "top_left_y": 699.4989013671875,
      "bottom_right_x": 1388.68603515625,
      "bottom_right_y": 730.3599853515625
    }
  ],
  "detected_translations": [
    {
      "translation_x": -0.3203338623046875,
      "translation_y": 10.457927703857422
    }
  ]
}