{
  "id": "frame_694",
  "user": "NPC-AI",
  "frame": "frame_694",
  "detected_objects": [
    {
      "cls": 1,
      "landing_status": -1,
      "top_left_x": 973.188232421875,
      "top_left_y": 197.70565795898438,
      "bottom_right_x": 1012.99658203125,
      "bottom_right_y": 225.79147338867188
    },
    {
      "cls": 1,
      "landing_status": -1,
      "top_left_x": 1069.794677734375,
      "top_left_y": 172.46115112304688,
      "bottom_right_x": 1108.928466796875,
      "bottom_right_y": 203.19625854492188
    },
    {
      "cls": 1,
      "landing_status": -1,
      "top_left_x": 969.1117553710938,
      "top_left_y": 164.7178497314453,
      "bottom_right_x": 1007.9844360351562,
      "bottom_right_y": 196.57469177246094
    }
  ],
  "detected_translations": [
    {
      "translation_x": -3.3717193603515625,
      "translation_y": 104.34158630371094
    }
  ]
}