{
  "id": "frame_588",
  "user": "NPC-AI",
  "frame": "frame_588",
  "detected_objects": [
    {
      "cls": 0,
      "landing_status": -1,
      "top_left_x": 1766.716796875,
      "top_left_y": 793.8128662109375,
      "bottom_right_x": 1920.0,
      "bottom_right_y": 878.7515869140625
    }
  ],
  "detected_translations": [
    {
      "translation_x": -2.0669479370117188,
      "translation_y": 78.88046112060547
    }
  ]
}