{
  "id": "frame_1411",
  "user": "NPC-AI",
  "frame": "frame_1411",
  "detected_objects": [
    {
      "cls": 1,
      "landing_status": -1,
      "top_left_x": 1279.1875,
      "top_left_y": 183.3624267578125,
      "bottom_right_x": 1311.484375,
      "bottom_right_y": 217.79864501953125
    },
    {
      "cls": 1,
      "landing_status": -1,
      "top_left_x": 1209.9306640625,
      "top_left_y": 188.4399871826172,
      "bottom_right_x": 1236.2880859375,
      "bottom_right_y": 225.7740936279297
    },
    {
      "cls": 1,
      "landing_status": -1,
      "top_left_x": 1246.53662109375,
      "top_left_y": 204.87521362304688,
      "bottom_right_x": 1278.83544921875,
      "bottom_right_y": 238.62039184570312
    },
    {
      "cls": 0,
      "landing_status": -1,
      "top_left_x": 923.1759643554688,
      "top_left_y": 91.6948013305664,
      "bottom_right_x": 952.1887817382812,
      "bottom_right_y": 180.82644653320312
    }
  ],
  "detected_translations": [
    {
      "translation_x": 78.20383796691894,
      "translation_y": -1.2567100524902344
    }
  ]
}