{
  "id": "frame_1542",
  "user": "NPC-AI",
  "frame": "frame_1542",
  "detected_objects": [
    {
      "cls": 1,
      "landing_status": -1,
      "top_left_x": 552.7181396484375,
      "top_left_y": 887.09814453125,
      "bottom_right_x": 592.7615966796875,
      "bottom_right_y": 936.328857421875
    }
  ],
  "detected_translations": [
    {
      "translation_x": 78.17896385192871,
      "translation_y": -49.499322509765626
    }
  ]
}