{
  "id": "frame_764",
  "user": "NPC-AI",
  "frame": "frame_764",
  "detected_objects": [
    {
      "cls": 1,
      "landing_status": -1,
      "top_left_x": 528.7769775390625,
      "top_left_y": 83.71125793457031,
      "bottom_right_x": 562.1612548828125,
      "bottom_right_y": 112.48835754394531
    },
    {
      "cls": 1,
      "landing_status": -1,
      "top_left_x": 538.2628784179688,
      "top_left_y": 56.26578140258789,
      "bottom_right_x": 578.9766235351562,
      "bottom_right_y": 85.1070556640625
    },
    {
      "cls": 1,
      "landing_status": -1,
      "top_left_x": 792.2081298828125,
      "top_left_y": 458.4588928222656,
      "bottom_right_x": 821.98828125,
      "bottom_right_y": 486.4058532714844
    }
  ],
  "detected_translations": [
    {
      "translation_x": -1.736029052734375,
      "translation_y": 111.98201141357421
    }
  ]
}