{
  "id": "frame_3295",
  "user": "NPC-AI",
  "frame": "frame_3295",
  "detected_objects": [
    {
      "cls": 1,
      "landing_status": -1,
      "top_left_x": 1030.945556640625,
      "top_left_y": 229.728515625,
      "bottom_right_x": 1065.603271484375,
      "bottom_right_y": 271.7193603515625
    }
  ],
  "detected_translations": [
    {
      "translation_x": 24.236538314819335,
      "translation_y": -36.34768829345703
    }
  ]
}