{
  "id": "frame_768",
  "user": "NPC-AI",
  "frame": "frame_768",
  "detected_objects": [
    {
      "cls": 1,
      "landing_status": -1,
      "top_left_x": 523.0107421875,
      "top_left_y": 91.96513366699219,
      "bottom_right_x": 565.089111328125,
      "bottom_right_y": 122.74314880371094
    },
    {
      "cls": 1,
      "landing_status": -1,
      "top_left_x": 532.0372924804688,
      "top_left_y": 65.08491516113281,
      "bottom_right_x": 573.3994750976562,
      "bottom_right_y": 92.50926208496094
    },
    {
      "cls": 1,
      "landing_status": -1,
      "top_left_x": 896.7578125,
      "top_left_y": 484.2403564453125,
      "bottom_right_x": 925.101806640625,
      "bottom_right_y": 510.54205322265625
    },
    {
      "cls": 1,
      "landing_status": -1,
      "top_left_x": 770.3208618164062,
      "top_left_y": 467.0437927246094,
      "bottom_right_x": 808.6660766601562,
      "bottom_right_y": 495.2795104980469
    }
  ],
  "detected_translations": [
    {
      "translation_x": -1.2876434326171875,
      "translation_y": 112.17046813964843
    }
  ]
}