{
  "id": "frame_1296",
  "user": "NPC-AI",
  "frame": "frame_1296",
  "detected_objects": [
    {
      "cls": 1,
      "landing_status": -1,
      "top_left_x": 1647.245361328125,
      "top_left_y": 450.7660217285156,
      "bottom_right_x": 1690.485107421875,
      "bottom_right_y": 478.8218688964844
    }
  ],
  "detected_translations": [
    {
      "translation_x": 79.5618335723877,
      "translation_y": 38.96530532836914
    }
  ]
}