{
  "id": "frame_1098",
  "user": "NPC-A\u0130",
  "frame": "frame_1098",
  "detected_objects": [
    {
      "cls": 0.0,
      "top_left_x": 1068.233154296875,
      "top_left_y": 82.13884735107422,
      "bottom_right_x": 1284.537841796875,
      "bottom_right_y": 195.23114013671875
    },
    {
      "cls": 0.0,
      "top_left_x": 326.8962707519531,
      "top_left_y": 480.387451171875,
      "bottom_right_x": 435.7726135253906,
      "bottom_right_y": 716.82275390625
    },
    {
      "cls": 0.0,
      "top_left_x": 0.0,
      "top_left_y": 190.29837036132812,
      "bottom_right_x": 132.57293701171875,
      "bottom_right_y": 288.25347900390625
    },
    {
      "cls": 1.0,
      "top_left_x": 1522.1156005859375,
      "top_left_y": 459.140625,
      "bottom_right_x": 1578.1402587890625,
      "bottom_right_y": 487.4930419921875
    }
  ],
  "detected_translations": [
    {
      "translation_x": 81.84035949707031,
      "translation_y": 108.89908142089844
    }
  ]
}