{
  "id": "frame_2676",
  "user": "NPC-A\u0130",
  "frame": "frame_2676",
  "detected_objects": [
    {
      "cls": 1.0,
      "top_left_x": 1841.819580078125,
      "top_left_y": 188.07179260253906,
      "bottom_right_x": 1890.734130859375,
      "bottom_right_y": 221.58753967285156
    },
    {
      "cls": 1.0,
      "top_left_x": 1445.185546875,
      "top_left_y": 64.90583801269531,
      "bottom_right_x": 1468.6328125,
      "bottom_right_y": 97.22822570800781
    }
  ],
  "detected_translations": [
    {
      "translation_x": -77.47803382873535,
      "translation_y": -27.86705322265625
    }
  ]
}