{
  "id": "frame_3317",
  "user": "NPC-A\u0130",
  "frame": "frame_3317",
  "detected_objects": [
    {
      "cls": 1.0,
      "top_left_x": 730.63623046875,
      "top_left_y": 280.992919921875,
      "bottom_right_x": 765.953125,
      "bottom_right_y": 310.1063232421875
    }
  ],
  "detected_translations": [
    {
      "translation_x": 31.102262496948242,
      "translation_y": -36.48709564208984
    }
  ]
}