{
  "id": "frame_2620",
  "user": "NPC-A\u0130",
  "frame": "frame_2620",
  "detected_objects": [
    {
      "cls": 1.0,
      "top_left_x": 770.2152709960938,
      "top_left_y": 323.2041015625,
      "bottom_right_x": 794.4890747070312,
      "bottom_right_y": 361.3060302734375
    },
    {
      "cls": 1.0,
      "top_left_x": 703.1956787109375,
      "top_left_y": 328.3067626953125,
      "bottom_right_x": 727.0904541015625,
      "bottom_right_y": 360.1436767578125
    },
    {
      "cls": 1.0,
      "top_left_x": 1752.56005859375,
      "top_left_y": 491.13616943359375,
      "bottom_right_x": 1797.583740234375,
      "bottom_right_y": 513.7091064453125
    }
  ],
  "detected_translations": [
    {
      "translation_x": -70.98414192199706,
      "translation_y": -21.046502685546876
    }
  ]
}