{
  "id": "frame_928",
  "user": "NPC-A\u0130",
  "frame": "frame_928",
  "detected_objects": [
    {
      "cls": 0.0,
      "top_left_x": 288.841552734375,
      "top_left_y": 10.132568359375,
      "bottom_right_x": 386.8602294921875,
      "bottom_right_y": 187.45321655273438
    }
  ],
  "detected_translations": [
    {
      "translation_x": 40.185813903808594,
      "translation_y": 116.0390869140625
    }
  ]
}