{
  "id": "frame_685",
  "user": "NPC-A\u0130",
  "frame": "frame_685",
  "detected_objects": [
    {
      "cls": 1.0,
      "top_left_x": 1097.658447265625,
      "top_left_y": 86.86103820800781,
      "bottom_right_x": 1124.298095703125,
      "bottom_right_y": 120.54237365722656
    }
  ],
  "detected_translations": [
    {
      "translation_x": -3.65992431640625,
      "translation_y": 102.126953125
    }
  ]
}