{
  "id": "frame_1394",
  "user": "NPC-A\u0130",
  "frame": "frame_1394",
  "detected_objects": [
    {
      "cls": 1.0,
      "top_left_x": 1267.436767578125,
      "top_left_y": 470.4632568359375,
      "bottom_right_x": 1294.378662109375,
      "bottom_right_y": 490.1201171875
    },
    {
      "cls": 1.0,
      "top_left_x": 1237.469482421875,
      "top_left_y": 486.66876220703125,
      "bottom_right_x": 1267.569091796875,
      "bottom_right_y": 516.7061157226562
    },
    {
      "cls": 1.0,
      "top_left_x": 1193.7586669921875,
      "top_left_y": 472.3428649902344,
      "bottom_right_x": 1222.5474853515625,
      "bottom_right_y": 498.0163269042969
    }
  ],
  "detected_translations": [
    {
      "translation_x": 78.557368850708,
      "translation_y": 5.520915985107422
    }
  ]
}