{
  "id": "frame_3279",
  "user": "NPC-AI",
  "frame": "frame_3279",
  "detected_objects": [
    {
      "cls": 1,
      "landing_status": -1,
      "top_left_x": 1276.9669189453125,
      "top_left_y": 183.56951904296875,
      "bottom_right_x": 1317.3809814453125,
      "bottom_right_y": 228.92532348632812
    }
  ],
  "detected_translations": [
    {
      "translation_x": 18.121197128295897,
      "translation_y": -36.743455505371095
    }
  ]
}