{
  "id": "frame_1155",
  "user": "NPC-AI",
  "frame": "frame_1155",
  "detected_objects": [
    {
      "cls": 0,
      "landing_status": -1,
      "top_left_x": 324.1630859375,
      "top_left_y": 1.124725341796875,
      "bottom_right_x": 426.8489990234375,
      "bottom_right_y": 127.4957275390625
    }
  ],
  "detected_translations": [
    {
      "translation_x": 81.44752883911133,
      "translation_y": 93.07470474243163
    }
  ]
}