{
  "id": "frame_3251",
  "user": "NPC-AI",
  "frame": "frame_3251",
  "detected_objects": [
    {
      "cls": 1,
      "landing_status": -1,
      "top_left_x": 1719.7177734375,
      "top_left_y": 91.59770202636719,
      "bottom_right_x": 1774.2314453125,
      "bottom_right_y": 139.67872619628906
    }
  ],
  "detected_translations": [
    {
      "translation_x": 8.930675888061524,
      "translation_y": -37.65820846557617
    }
  ]
}