{
  "id": "frame_771",
  "user": "NPC-A\u0130",
  "frame": "frame_771",
  "detected_objects": [
    {
      "cls": 1.0,
      "top_left_x": 525.2461547851562,
      "top_left_y": 69.92288208007812,
      "bottom_right_x": 565.4647827148438,
      "bottom_right_y": 98.18533325195312
    },
    {
      "cls": 1.0,
      "top_left_x": 876.7460327148438,
      "top_left_y": 490.2059326171875,
      "bottom_right_x": 910.7271118164062,
      "bottom_right_y": 516.9378662109375
    },
    {
      "cls": 1.0,
      "top_left_x": 517.9277954101562,
      "top_left_y": 97.50370788574219,
      "bottom_right_x": 557.8046264648438,
      "bottom_right_y": 129.4312286376953
    }
  ],
  "detected_translations": [
    {
      "translation_x": -0.995562744140625,
      "translation_y": 112.61439056396485
    }
  ]
}