{
  "id": "frame_2388",
  "user": "NPC-A\u0130",
  "frame": "frame_2388",
  "detected_objects": [
    {
      "cls": 1.0,
      "top_left_x": 73.31781005859375,
      "top_left_y": 511.3311767578125,
      "bottom_right_x": 117.93597412109375,
      "bottom_right_y": 530.4183349609375
    }
  ],
  "detected_translations": [
    {
      "translation_x": -29.06000099182129,
      "translation_y": -14.317133331298828
    }
  ]
}