{
  "id": "frame_3259",
  "user": "NPC-AI",
  "frame": "frame_3259",
  "detected_objects": [
    {
      "cls": 1,
      "landing_status": -1,
      "top_left_x": 1592.781005859375,
      "top_left_y": 115.95745086669922,
      "bottom_right_x": 1641.510009765625,
      "bottom_right_y": 156.43963623046875
    }
  ],
  "detected_translations": [
    {
      "translation_x": 11.632503890991211,
      "translation_y": -37.47285919189453
    }
  ]
}