{
  "id": "frame_563",
  "user": "NPC-A\u0130",
  "frame": "frame_563",
  "detected_objects": [
    {
      "cls": 0.0,
      "top_left_x": 1774.22265625,
      "top_left_y": 519.2020263671875,
      "bottom_right_x": 1920.0,
      "bottom_right_y": 603.2310791015625
    }
  ],
  "detected_translations": [
    {
      "translation_x": -1.6423004150390625,
      "translation_y": 73.29805755615234
    }
  ]
}