{
  "id": "frame_2006",
  "user": "NPC-A\u0130",
  "frame": "frame_2006",
  "detected_objects": [
    {
      "cls": 0.0,
      "top_left_x": 1882.5625,
      "top_left_y": 979.900146484375,
      "bottom_right_x": 1920.0,
      "bottom_right_y": 1073.29150390625
    },
    {
      "cls": 0.0,
      "top_left_x": 76.61151885986328,
      "top_left_y": 875.5910034179688,
      "bottom_right_x": 204.994873046875,
      "bottom_right_y": 960.5304565429688
    }
  ],
  "detected_translations": [
    {
      "translation_x": -2.2781848907470703,
      "translation_y": -58.82384262084961
    }
  ]
}