{
  "id": "frame_3268",
  "user": "NPC-AI",
  "frame": "frame_3268",
  "detected_objects": [
    {
      "cls": 1,
      "landing_status": -1,
      "top_left_x": 1454.362548828125,
      "top_left_y": 147.38153076171875,
      "bottom_right_x": 1494.078369140625,
      "bottom_right_y": 189.789794921875
    },
    {
      "cls": 1,
      "landing_status": -1,
      "top_left_x": 1051.92431640625,
      "top_left_y": 200.12376403808594,
      "bottom_right_x": 1096.025390625,
      "bottom_right_y": 229.7885284423828
    }
  ],
  "detected_translations": [
    {
      "translation_x": 14.561449813842774,
      "translation_y": -37.28275909423828
    }
  ]
}