{
  "id": "frame_3280",
  "user": "NPC-AI",
  "frame": "frame_3280",
  "detected_objects": [
    {
      "cls": 1,
      "landing_status": -1,
      "top_left_x": 1261.6734619140625,
      "top_left_y": 187.101806640625,
      "bottom_right_x": 1300.7884521484375,
      "bottom_right_y": 232.67974853515625
    }
  ],
  "detected_translations": [
    {
      "translation_x": 18.511660385131837,
      "translation_y": -36.72896041870117
    }
  ]
}