{
  "id": "frame_1353",
  "user": "NPC-A\u0130",
  "frame": "frame_1353",
  "detected_objects": [
    {
      "cls": 1.0,
      "top_left_x": 1178.559814453125,
      "top_left_y": 155.20870971679688,
      "bottom_right_x": 1212.917236328125,
      "bottom_right_y": 182.57424926757812
    }
  ],
  "detected_translations": [
    {
      "translation_x": 79.18848152160645,
      "translation_y": 19.911954498291017
    }
  ]
}