{
  "id": "frame_915",
  "user": "NPC-A\u0130",
  "frame": "frame_915",
  "detected_objects": [
    {
      "cls": 0.0,
      "top_left_x": 458.9525146484375,
      "top_left_y": 0.6368408203125,
      "bottom_right_x": 555.1624145507812,
      "bottom_right_y": 176.93875122070312
    },
    {
      "cls": 1.0,
      "top_left_x": 768.746337890625,
      "top_left_y": 248.890869140625,
      "bottom_right_x": 806.493896484375,
      "bottom_right_y": 282.76922607421875
    }
  ],
  "detected_translations": [
    {
      "translation_x": 36.17888488769531,
      "translation_y": 116.13107147216797
    }
  ]
}