{
  "id": "frame_824",
  "user": "NPC-A\u0130",
  "frame": "frame_824",
  "detected_objects": [
    {
      "cls": 0.0,
      "top_left_x": 1557.77392578125,
      "top_left_y": 295.0750732421875,
      "bottom_right_x": 1778.6162109375,
      "bottom_right_y": 390.404052734375
    },
    {
      "cls": 1.0,
      "top_left_x": 437.2455139160156,
      "top_left_y": 535.8756103515625,
      "bottom_right_x": 491.0627136230469,
      "bottom_right_y": 562.27587890625
    },
    {
      "cls": 1.0,
      "top_left_x": 282.7718505859375,
      "top_left_y": 121.50764465332031,
      "bottom_right_x": 322.3914794921875,
      "bottom_right_y": 148.70005798339844
    },
    {
      "cls": 0.0,
      "top_left_x": 1560.83154296875,
      "top_left_y": 958.42578125,
      "bottom_right_x": 1647.5380859375,
      "bottom_right_y": 1079.421142578125
    }
  ],
  "detected_translations": [
    {
      "translation_x": 8.141763305664062,
      "translation_y": 113.27666473388672
    }
  ]
}