{
  "id": "frame_3282",
  "user": "NPC-A\u0130",
  "frame": "frame_3282",
  "detected_objects": [
    {
      "cls": 1.0,
      "top_left_x": 1229.959716796875,
      "top_left_y": 193.52590942382812,
      "bottom_right_x": 1267.582763671875,
      "bottom_right_y": 235.36563110351562
    }
  ],
  "detected_translations": [
    {
      "translation_x": 19.213759994506837,
      "translation_y": -36.80645599365234
    }
  ]
}