{
  "id": "frame_70",
  "user": "NPC-AI",
  "frame": "frame_70",
  "detected_objects": [
    {
      "cls": 1,
      "landing_status": -1,
      "top_left_x": 1303.915283203125,
      "top_left_y": 215.6483154296875,
      "bottom_right_x": 1337.462890625,
      "bottom_right_y": 248.023193359375
    }
  ],
  "detected_translations": [
    {
      "translation_x": 0.406964111328125,
      "translation_y": 0.49530181884765623
    }
  ]
}