{
  "id": "frame_1470",
  "user": "NPC-AI",
  "frame": "frame_1470",
  "detected_objects": [
    {
      "cls": 1,
      "landing_status": -1,
      "top_left_x": 392.5948486328125,
      "top_left_y": 229.17877197265625,
      "bottom_right_x": 436.7196044921875,
      "bottom_right_y": 261.48492431640625
    },
    {
      "cls": 1,
      "landing_status": -1,
      "top_left_x": 386.3209228515625,
      "top_left_y": 203.390380859375,
      "bottom_right_x": 427.44482421875,
      "bottom_right_y": 236.11953735351562
    }
  ],
  "detected_translations": [
    {
      "translation_x": 77.90218315124511,
      "translation_y": -24.028779602050783
    }
  ]
}