{
  "id": "frame_1352",
  "user": "NPC-AI",
  "frame": "frame_1352",
  "detected_objects": [
    {
      "cls": 1,
      "landing_status": -1,
      "top_left_x": 1150.250732421875,
      "top_left_y": 185.8695068359375,
      "bottom_right_x": 1177.787353515625,
      "bottom_right_y": 215.192138671875
    },
    {
      "cls": 0,
      "landing_status": -1,
      "top_left_x": 879.7689819335938,
      "top_left_y": 905.486328125,
      "bottom_right_x": 908.4036254882812,
      "bottom_right_y": 988.587890625
    },
    {
      "cls": 1,
      "landing_status": -1,
      "top_left_x": 1179.034423828125,
      "top_left_y": 171.0189208984375,
      "bottom_right_x": 1212.213623046875,
      "bottom_right_y": 208.86395263671875
    }
  ],
  "detected_translations": [
    {
      "translation_x": 79.22955207824707,
      "translation_y": 20.326615142822266
    }
  ]
}