{
  "id": "frame_60",
  "user": "NPC-AI",
  "frame": "frame_60",
  "detected_objects": [
    {
      "cls": 1,
      "landing_status": -1,
      "top_left_x": 1694.7962646484375,
      "top_left_y": 767.0704956054688,
      "bottom_right_x": 1745.8104248046875,
      "bottom_right_y": 807.2626342773438
    },
    {
      "cls": 1,
      "landing_status": -1,
      "top_left_x": 1299.509033203125,
      "top_left_y": 211.53672790527344,
      "bottom_right_x": 1332.055419921875,
      "bottom_right_y": 245.81346130371094
    }
  ],
  "detected_translations": [
    {
      "translation_x": 0.2237030029296875,
      "translation_y": 0.5180633544921875
    }
  ]
}