{
  "id": "frame_2002",
  "user": "NPC-A\u0130",
  "frame": "frame_2002",
  "detected_objects": [
    {
      "cls": 0.0,
      "top_left_x": 0.0,
      "top_left_y": 978.5706787109375,
      "bottom_right_x": 68.07453155517578,
      "bottom_right_y": 1068.5587158203125
    },
    {
      "cls": 0.0,
      "top_left_x": 1880.348388671875,
      "top_left_y": 939.63037109375,
      "bottom_right_x": 1920.0,
      "bottom_right_y": 1035.129638671875
    },
    {
      "cls": 0.0,
      "top_left_x": 53.40193176269531,
      "top_left_y": 838.3411865234375,
      "bottom_right_x": 201.5158233642578,
      "bottom_right_y": 921.5301513671875
    }
  ],
  "detected_translations": [
    {
      "translation_x": -1.7378711700439453,
      "translation_y": -59.95495071411133
    }
  ]
}