{
  "id": "frame_1331",
  "user": "NPC-AI",
  "frame": "frame_1331",
  "detected_objects": [
    {
      "cls": 1,
      "landing_status": -1,
      "top_left_x": 1165.8087158203125,
      "top_left_y": 518.8497314453125,
      "bottom_right_x": 1192.8035888671875,
      "bottom_right_y": 546.441162109375
    },
    {
      "cls": 1,
      "landing_status": -1,
      "top_left_x": 1142.175537109375,
      "top_left_y": 521.6707763671875,
      "bottom_right_x": 1164.786376953125,
      "bottom_right_y": 552.561767578125
    }
  ],
  "detected_translations": [
    {
      "translation_x": 78.75454139709473,
      "translation_y": 27.40776138305664
    }
  ]
}