{
  "id": "frame_956",
  "user": "NPC-AI",
  "frame": "frame_956",
  "detected_objects": [
    {
      "cls": 0,
      "landing_status": -1,
      "top_left_x": 1454.978759765625,
      "top_left_y": 795.6580810546875,
      "bottom_right_x": 1590.649169921875,
      "bottom_right_y": 1032.9559326171875
    },
    {
      "cls": 0,
      "landing_status": -1,
      "top_left_x": 1118.640380859375,
      "top_left_y": 410.4569091796875,
      "bottom_right_x": 1305.72216796875,
      "bottom_right_y": 498.3541259765625
    },
    {
      "cls": 1,
      "landing_status": -1,
      "top_left_x": 279.74749755859375,
      "top_left_y": 281.3065185546875,
      "bottom_right_x": 332.84503173828125,
      "bottom_right_y": 314.92529296875
    }
  ],
  "detected_translations": [
    {
      "translation_x": 51.17499694824219,
      "translation_y": 116.55048522949218
    }
  ]
}