{
  "id": "frame_3286",
  "user": "NPC-A\u0130",
  "frame": "frame_3286",
  "detected_objects": [
    {
      "cls": 1.0,
      "top_left_x": 1169.8065185546875,
      "top_left_y": 205.28768920898438,
      "bottom_right_x": 1204.2139892578125,
      "bottom_right_y": 241.71920776367188
    }
  ],
  "detected_translations": [
    {
      "translation_x": 20.84046287536621,
      "translation_y": -36.71342163085937
    }
  ]
}