{
  "id": "frame_75",
  "user": "NPC-A\u0130",
  "frame": "frame_75",
  "detected_objects": [
    {
      "cls": 1.0,
      "top_left_x": 1306.034423828125,
      "top_left_y": 218.19192504882812,
      "bottom_right_x": 1340.753662109375,
      "bottom_right_y": 250.66317749023438
    },
    {
      "cls": 1.0,
      "top_left_x": 1706.2210693359375,
      "top_left_y": 816.655517578125,
      "bottom_right_x": 1737.8424072265625,
      "bottom_right_y": 847.90234375
    },
    {
      "cls": 1.0,
      "top_left_x": 1705.7919921875,
      "top_left_y": 816.49609375,
      "bottom_right_x": 1752.164794921875,
      "bottom_right_y": 848.3955078125
    }
  ],
  "detected_translations": [
    {
      "translation_x": 0.363720703125,
      "translation_y": 0.5190567016601563
    }
  ]
}