{
  "id": "frame_964",
  "user": "NPC-A\u0130",
  "frame": "frame_964",
  "detected_objects": [
    {
      "cls": 0.0,
      "top_left_x": 879.60400390625,
      "top_left_y": 409.62823486328125,
      "bottom_right_x": 1068.9608154296875,
      "bottom_right_y": 501.81329345703125
    },
    {
      "cls": 0.0,
      "top_left_x": 1363.9814453125,
      "top_left_y": 803.2667236328125,
      "bottom_right_x": 1468.189453125,
      "bottom_right_y": 1016.74169921875
    }
  ],
  "detected_translations": [
    {
      "translation_x": 54.16896209716797,
      "translation_y": 116.63959045410157
    }
  ]
}