{
  "id": "frame_186",
  "user": "NPC-A\u0130",
  "frame": "frame_186",
  "detected_objects": [
    {
      "cls": 1.0,
      "top_left_x": 1346.2679443359375,
      "top_left_y": 617.4154052734375,
      "bottom_right_x": 1383.9251708984375,
      "bottom_right_y": 646.9952392578125
    }
  ],
  "detected_translations": [
    {
      "translation_x": 0.27381591796875,
      "translation_y": 8.825753784179687
    }
  ]
}