{
  "id": "frame_863",
  "user": "NPC-AI",
  "frame": "frame_863",
  "detected_objects": [
    {
      "cls": 0,
      "landing_status": -1,
      "top_left_x": 758.5003051757812,
      "top_left_y": 303.50146484375,
      "bottom_right_x": 952.3269653320312,
      "bottom_right_y": 389.31353759765625
    },
    {
      "cls": 0,
      "landing_status": -1,
      "top_left_x": 1095.462158203125,
      "top_left_y": 0.0,
      "bottom_right_x": 1176.308349609375,
      "bottom_right_y": 141.80551147460938
    },
    {
      "cls": 0,
      "landing_status": -1,
      "top_left_x": 1166.12841796875,
      "top_left_y": 972.4486694335938,
      "bottom_right_x": 1248.35791015625,
      "bottom_right_y": 1078.634765625
    },
    {
      "cls": 1,
      "landing_status": -1,
      "top_left_x": 1285.249755859375,
      "top_left_y": 216.85086059570312,
      "bottom_right_x": 1334.329833984375,
      "bottom_right_y": 251.91378784179688
    }
  ],
  "detected_translations": [
    {
      "translation_x": 19.232098388671876,
      "translation_y": 113.84032897949218
    }
  ]
}