{
  "id": "frame_575",
  "user": "NPC-A\u0130",
  "frame": "frame_575",
  "detected_objects": [
    {
      "cls": 0.0,
      "top_left_x": 1771.91455078125,
      "top_left_y": 651.9448852539062,
      "bottom_right_x": 1920.0,
      "bottom_right_y": 737.0007934570312
    }
  ],
  "detected_translations": [
    {
      "translation_x": -1.60283203125,
      "translation_y": 75.55417175292969
    }
  ]
}