{
  "id": "frame_530",
  "user": "NPC-AI",
  "frame": "frame_530",
  "detected_objects": [
    {
      "cls": 0,
      "landing_status": -1,
      "top_left_x": 1780.2685546875,
      "top_left_y": 146.45404052734375,
      "bottom_right_x": 1920.0,
      "bottom_right_y": 236.28240966796875
    }
  ],
  "detected_translations": [
    {
      "translation_x": -1.931475830078125,
      "translation_y": 66.18465728759766
    }
  ]
}