{
  "id": "frame_2533",
  "user": "NPC-A\u0130",
  "frame": "frame_2533",
  "detected_objects": [
    {
      "cls": 3.0,
      "top_left_x": 944.12353515625,
      "top_left_y": 959.726318359375,
      "bottom_right_x": 1286.693603515625,
      "bottom_right_y": 1080.0
    },
    {
      "cls": 3.0,
      "top_left_x": 0.0,
      "top_left_y": 917.0567626953125,
      "bottom_right_x": 381.8349304199219,
      "bottom_right_y": 1080.0
    },
    {
      "cls": 1.0,
      "top_left_x": 1537.7899169921875,
      "top_left_y": 800.5043334960938,
      "bottom_right_x": 1568.9832763671875,
      "bottom_right_y": 832.1904907226562
    },
    {
      "cls": 1.0,
      "top_left_x": 1321.5440673828125,
      "top_left_y": 173.7479248046875,
      "bottom_right_x": 1348.1151123046875,
      "bottom_right_y": 198.49310302734375
    }
  ],
  "detected_translations": [
    {
      "translation_x": -65.09290962219238,
      "translation_y": -12.646862030029297
    }
  ]
}