{
  "id": "frame_1354",
  "user": "NPC-AI",
  "frame": "frame_1354",
  "detected_objects": [
    {
      "cls": 1,
      "landing_status": -1,
      "top_left_x": 1180.388671875,
      "top_left_y": 137.71231079101562,
      "bottom_right_x": 1212.91015625,
      "bottom_right_y": 181.20022583007812
    },
    {
      "cls": 1,
      "landing_status": -1,
      "top_left_x": 1150.6591796875,
      "top_left_y": 153.89932250976562,
      "bottom_right_x": 1178.921875,
      "bottom_right_y": 185.5634765625
    },
    {
      "cls": 0,
      "landing_status": -1,
      "top_left_x": 881.7432861328125,
      "top_left_y": 879.5831298828125,
      "bottom_right_x": 910.7471923828125,
      "bottom_right_y": 962.2235107421875
    }
  ],
  "detected_translations": [
    {
      "translation_x": 79.39130592346191,
      "translation_y": 19.547271728515625
    }
  ]
}