{
  "id": "frame_1376",
  "user": "NPC-A\u0130",
  "frame": "frame_1376",
  "detected_objects": [
    {
      "cls": 1.0,
      "top_left_x": 1178.431396484375,
      "top_left_y": 743.3380126953125,
      "bottom_right_x": 1206.400146484375,
      "bottom_right_y": 783.1859130859375
    },
    {
      "cls": 1.0,
      "top_left_x": 1228.37255859375,
      "top_left_y": 772.6441040039062,
      "bottom_right_x": 1254.86767578125,
      "bottom_right_y": 803.7362670898438
    },
    {
      "cls": 1.0,
      "top_left_x": 1253.1728515625,
      "top_left_y": 748.895751953125,
      "bottom_right_x": 1287.36669921875,
      "bottom_right_y": 774.87158203125
    }
  ],
  "detected_translations": [
    {
      "translation_x": 78.83995399475097,
      "translation_y": 12.433472442626954
    }
  ]
}