{
  "id": "frame_1458",
  "user": "NPC-A\u0130",
  "frame": "frame_1458",
  "detected_objects": [
    {
      "cls": 1.0,
      "top_left_x": 415.3078918457031,
      "top_left_y": 393.8960266113281,
      "bottom_right_x": 456.3241271972656,
      "bottom_right_y": 422.9873352050781
    }
  ],
  "detected_translations": [
    {
      "translation_x": 77.85243873596191,
      "translation_y": -19.393783569335938
    }
  ]
}