{
  "id": "frame_168",
  "user": "NPC-AI",
  "frame": "frame_168",
  "detected_objects": [
    {
      "cls": 1,
      "landing_status": -1,
      "top_left_x": 1341.955078125,
      "top_left_y": 542.580322265625,
      "bottom_right_x": 1378.1630859375,
      "bottom_right_y": 571.27099609375
    }
  ],
  "detected_translations": [
    {
      "translation_x": -0.013629150390625,
      "translation_y": 7.276500701904297
    }
  ]
}