{
  "id": "frame_581",
  "user": "NPC-AI",
  "frame": "frame_581",
  "detected_objects": [
    {
      "cls": 0,
      "landing_status": -1,
      "top_left_x": 1768.6748046875,
      "top_left_y": 717.2922973632812,
      "bottom_right_x": 1920.0,
      "bottom_right_y": 802.5523071289062
    }
  ],
  "detected_translations": [
    {
      "translation_x": -1.8161575317382812,
      "translation_y": 77.04972076416016
    }
  ]
}