{
  "id": "frame_129",
  "user": "NPC-A\u0130",
  "frame": "frame_129",
  "detected_objects": [
    {
      "cls": 1.0,
      "top_left_x": 1329.524658203125,
      "top_left_y": 376.23150634765625,
      "bottom_right_x": 1366.916259765625,
      "bottom_right_y": 406.67230224609375
    }
  ],
  "detected_translations": [
    {
      "translation_x": 0.6592987060546875,
      "translation_y": 3.576699066162109
    }
  ]
}