{
  "id": "frame_2420",
  "user": "NPC-A\u0130",
  "frame": "frame_2420",
  "detected_objects": [
    {
      "cls": 1.0,
      "top_left_x": 412.6658935546875,
      "top_left_y": 577.9104614257812,
      "bottom_right_x": 441.16943359375,
      "bottom_right_y": 605.9767456054688
    },
    {
      "cls": 1.0,
      "top_left_x": 237.05902099609375,
      "top_left_y": 457.52569580078125,
      "bottom_right_x": 282.36199951171875,
      "bottom_right_y": 485.98529052734375
    }
  ],
  "detected_translations": [
    {
      "translation_x": -38.046194839477536,
      "translation_y": -13.944077301025391
    }
  ]
}