{
  "id": "frame_2567",
  "user": "NPC-A\u0130",
  "frame": "frame_2567",
  "detected_objects": [
    {
      "cls": 1.0,
      "top_left_x": 1652.45947265625,
      "top_left_y": 731.6513061523438,
      "bottom_right_x": 1690.7412109375,
      "bottom_right_y": 756.5032348632812
    },
    {
      "cls": 1.0,
      "top_left_x": 990.6693115234375,
      "top_left_y": 501.6982421875,
      "bottom_right_x": 1025.2506103515625,
      "bottom_right_y": 535.870361328125
    },
    {
      "cls": 1.0,
      "top_left_x": 717.55078125,
      "top_left_y": 508.85357666015625,
      "bottom_right_x": 750.6640625,
      "bottom_right_y": 531.8429565429688
    },
    {
      "cls": 1.0,
      "top_left_x": 924.6507568359375,
      "top_left_y": 378.8763427734375,
      "bottom_right_x": 963.681396484375,
      "bottom_right_y": 401.2393798828125
    }
  ],
  "detected_translations": [
    {
      "translation_x": -68.66622505187988,
      "translation_y": -14.668058013916015
    }
  ]
}