{
  "id": "frame_2474",
  "user": "NPC-A\u0130",
  "frame": "frame_2474",
  "detected_objects": [
    {
      "cls": 1.0,
      "top_left_x": 530.362060546875,
      "top_left_y": 575.277587890625,
      "bottom_right_x": 572.1103515625,
      "bottom_right_y": 598.5980224609375
    },
    {
      "cls": 1.0,
      "top_left_x": 247.56118774414062,
      "top_left_y": 452.13616943359375,
      "bottom_right_x": 289.4754333496094,
      "bottom_right_y": 471.21356201171875
    },
    {
      "cls": 1.0,
      "top_left_x": 160.6737823486328,
      "top_left_y": 434.9013671875,
      "bottom_right_x": 199.6748809814453,
      "bottom_right_y": 454.1029052734375
    }
  ],
  "detected_translations": [
    {
      "translation_x": -53.65445747375488,
      "translation_y": -12.689179992675781
    }
  ]
}