{
  "id": "frame_213",
  "user": "NPC-AI",
  "frame": "frame_213",
  "detected_objects": [
    {
      "cls": 1,
      "landing_status": -1,
      "top_left_x": 1352.73486328125,
      "top_left_y": 722.4405517578125,
      "bottom_right_x": 1389.2255859375,
      "bottom_right_y": 752.9361572265625
    }
  ],
  "detected_translations": [
    {
      "translation_x": -0.5206756591796875,
      "translation_y": 10.854197692871093
    }
  ]
}