{
  "id": "frame_693",
  "user": "NPC-A\u0130",
  "frame": "frame_693",
  "detected_objects": [
    {
      "cls": 1.0,
      "top_left_x": 1069.6446533203125,
      "top_left_y": 163.55392456054688,
      "bottom_right_x": 1108.7945556640625,
      "bottom_right_y": 195.65408325195312
    }
  ],
  "detected_translations": [
    {
      "translation_x": -3.2017425537109374,
      "translation_y": 104.13970794677735
    }
  ]
}