{
  "id": "frame_1279",
  "user": "NPC-A\u0130",
  "frame": "frame_1279",
  "detected_objects": [
    {
      "cls": 2.0,
      "top_left_x": 1226.5843505859375,
      "top_left_y": 831.7861328125,
      "bottom_right_x": 1428.0955810546875,
      "bottom_right_y": 1026.0865478515625
    },
    {
      "cls": 2.0,
      "top_left_x": 1490.72314453125,
      "top_left_y": 851.06640625,
      "bottom_right_x": 1680.95556640625,
      "bottom_right_y": 1036.1546630859375
    }
  ],
  "detected_translations": [
    {
      "translation_x": 79.81809577941894,
      "translation_y": 44.8426628112793
    }
  ]
}