{
  "id": "frame_1278",
  "user": "NPC-A\u0130",
  "frame": "frame_1278",
  "detected_objects": [
    {
      "cls": 2.0,
      "top_left_x": 1225.420654296875,
      "top_left_y": 843.88671875,
      "bottom_right_x": 1426.544677734375,
      "bottom_right_y": 1039.6630859375
    },
    {
      "cls": 2.0,
      "top_left_x": 1490.095458984375,
      "top_left_y": 863.5911865234375,
      "bottom_right_x": 1681.048583984375,
      "bottom_right_y": 1049.967529296875
    }
  ],
  "detected_translations": [
    {
      "translation_x": 79.87484626770019,
      "translation_y": 45.28239440917969
    }
  ]
}