{
  "id": "frame_135",
  "user": "NPC-AI",
  "frame": "frame_135",
  "detected_objects": [
    {
      "cls": 1,
      "landing_status": -1,
      "top_left_x": 1332.086669921875,
      "top_left_y": 402.41473388671875,
      "bottom_right_x": 1368.961669921875,
      "bottom_right_y": 431.52020263671875
    }
  ],
  "detected_translations": [
    {
      "translation_x": 0.551263427734375,
      "translation_y": 4.139354705810547
    }
  ]
}