{
  "id": "frame_2007",
  "user": "NPC-A\u0130",
  "frame": "frame_2007",
  "detected_objects": [
    {
      "cls": 0.0,
      "top_left_x": 1883.18212890625,
      "top_left_y": 990.143310546875,
      "bottom_right_x": 1920.0,
      "bottom_right_y": 1077.60888671875
    }
  ],
  "detected_translations": [
    {
      "translation_x": -2.315567398071289,
      "translation_y": -58.61306381225586
    }
  ]
}