{
  "id": "frame_1988",
  "user": "NPC-A\u0130",
  "frame": "frame_1988",
  "detected_objects": [
    {
      "cls": 0.0,
      "top_left_x": 26.454635620117188,
      "top_left_y": 859.7615966796875,
      "bottom_right_x": 205.30392456054688,
      "bottom_right_y": 949.073974609375
    },
    {
      "cls": 0.0,
      "top_left_x": 1869.68505859375,
      "top_left_y": 802.4688720703125,
      "bottom_right_x": 1920.0,
      "bottom_right_y": 896.1365966796875
    }
  ],
  "detected_translations": [
    {
      "translation_x": -1.859366226196289,
      "translation_y": -63.08995132446289
    }
  ]
}