{
  "id": "frame_1376",
  "user": "NPC-AI",
  "frame": "frame_1376",
  "detected_objects": [
    {
      "cls": 1,
      "landing_status": -1,
      "top_left_x": 1178.7066650390625,
      "top_left_y": 745.1039428710938,
      "bottom_right_x": 1206.4359130859375,
      "bottom_right_y": 783.3079223632812
    },
    {
      "cls": 1,
      "landing_status": -1,
      "top_left_x": 1228.6383056640625,
      "top_left_y": 771.3312377929688,
      "bottom_right_x": 1254.8499755859375,
      "bottom_right_y": 804.2243041992188
    },
    {
      "cls": 1,
      "landing_status": -1,
      "top_left_x": 1253.606201171875,
      "top_left_y": 748.504638671875,
      "bottom_right_x": 1286.634033203125,
      "bottom_right_y": 776.8463134765625
    },
    {
      "cls": 0,
      "landing_status": -1,
      "top_left_x": 898.4014892578125,
      "top_left_y": 583.80322265625,
      "bottom_right_x": 926.3863525390625,
      "bottom_right_y": 669.097412109375
    }
  ],
  "detected_translations": [
    {
      "translation_x": 78.83995399475097,
      "translation_y": 12.433472442626954
    }
  ]
}