{
  "id": "frame_1156",
  "user": "NPC-A\u0130",
  "frame": "frame_1156",
  "detected_objects": [
    {
      "cls": 0.0,
      "top_left_x": 322.1961364746094,
      "top_left_y": 0.0,
      "bottom_right_x": 428.8341369628906,
      "bottom_right_y": 119.41349792480469
    }
  ],
  "detected_translations": [
    {
      "translation_x": 81.34149703979492,
      "translation_y": 92.7363395690918
    }
  ]
}