{
  "id": "frame_1485",
  "user": "NPC-AI",
  "frame": "frame_1485",
  "detected_objects": [
    {
      "cls": 1,
      "landing_status": -1,
      "top_left_x": 359.06494140625,
      "top_left_y": 0.0,
      "bottom_right_x": 401.865234375,
      "bottom_right_y": 37.045528411865234
    }
  ],
  "detected_translations": [
    {
      "translation_x": 78.05211753845215,
      "translation_y": -29.507234191894533
    }
  ]
}