{
  "id": "frame_1348",
  "user": "NPC-A\u0130",
  "frame": "frame_1348",
  "detected_objects": [
    {
      "cls": 1.0,
      "top_left_x": 1177.29052734375,
      "top_left_y": 238.40444946289062,
      "bottom_right_x": 1209.62939453125,
      "bottom_right_y": 277.2277526855469
    }
  ],
  "detected_translations": [
    {
      "translation_x": 79.09270362854004,
      "translation_y": 21.748777008056642
    }
  ]
}