{
  "id": "frame_3240",
  "user": "NPC-AI",
  "frame": "frame_3240",
  "detected_objects": [
    {
      "cls": 1,
      "landing_status": -1,
      "top_left_x": 1475.170166015625,
      "top_left_y": 179.54202270507812,
      "bottom_right_x": 1531.992431640625,
      "bottom_right_y": 204.39920043945312
    }
  ],
  "detected_translations": [
    {
      "translation_x": 5.019207382202149,
      "translation_y": -38.08865737915039
    }
  ]
}