{
  "id": "frame_1306",
  "user": "NPC-AI",
  "frame": "frame_1306",
  "detected_objects": [
    {
      "cls": 1,
      "landing_status": -1,
      "top_left_x": 1655.779052734375,
      "top_left_y": 315.1700744628906,
      "bottom_right_x": 1699.212158203125,
      "bottom_right_y": 344.8912658691406
    }
  ],
  "detected_translations": [
    {
      "translation_x": 79.19086494445801,
      "translation_y": 35.76952590942383
    }
  ]
}