{
  "id": "frame_1133",
  "user": "NPC-A\u0130",
  "frame": "frame_1133",
  "detected_objects": [
    {
      "cls": 0.0,
      "top_left_x": 320.03509521484375,
      "top_left_y": 139.88507080078125,
      "bottom_right_x": 421.21356201171875,
      "bottom_right_y": 365.38189697265625
    }
  ],
  "detected_translations": [
    {
      "translation_x": 81.76778030395508,
      "translation_y": 100.33061370849609
    }
  ]
}