{
  "id": "frame_122",
  "user": "NPC-AI",
  "frame": "frame_122",
  "detected_objects": [
    {
      "cls": 1,
      "landing_status": -1,
      "top_left_x": 1327.7454833984375,
      "top_left_y": 346.8013916015625,
      "bottom_right_x": 1363.2474365234375,
      "bottom_right_y": 377.1630859375
    }
  ],
  "detected_translations": [
    {
      "translation_x": 0.4288055419921875,
      "translation_y": 2.9332923889160156
    }
  ]
}