{
  "id": "frame_71",
  "user": "NPC-A\u0130",
  "frame": "frame_71",
  "detected_objects": [
    {
      "cls": 1.0,
      "top_left_x": 1303.8494873046875,
      "top_left_y": 215.86228942871094,
      "bottom_right_x": 1338.4486083984375,
      "bottom_right_y": 248.97499084472656
    }
  ],
  "detected_translations": [
    {
      "translation_x": 0.4008331298828125,
      "translation_y": 0.5057342529296875
    }
  ]
}