{
  "id": "frame_138",
  "user": "NPC-A\u0130",
  "frame": "frame_138",
  "detected_objects": [
    {
      "cls": 1.0,
      "top_left_x": 1332.88330078125,
      "top_left_y": 415.21099853515625,
      "bottom_right_x": 1370.804443359375,
      "bottom_right_y": 445.11431884765625
    }
  ],
  "detected_translations": [
    {
      "translation_x": 0.3948760986328125,
      "translation_y": 4.490790557861328
    }
  ]
}