{
  "id": "frame_1310",
  "user": "NPC-AI",
  "frame": "frame_1310",
  "detected_objects": [
    {
      "cls": 1,
      "landing_status": -1,
      "top_left_x": 1659.3505859375,
      "top_left_y": 260.71612548828125,
      "bottom_right_x": 1702.67724609375,
      "bottom_right_y": 291.53350830078125
    },
    {
      "cls": 1,
      "landing_status": -1,
      "top_left_x": 1123.6256103515625,
      "top_left_y": 851.04150390625,
      "bottom_right_x": 1147.1282958984375,
      "bottom_right_y": 876.460693359375
    }
  ],
  "detected_translations": [
    {
      "translation_x": 79.156294631958,
      "translation_y": 34.42940444946289
    }
  ]
}