{
  "id": "frame_3239",
  "user": "NPC-AI",
  "frame": "frame_3239",
  "detected_objects": [
    {
      "cls": 1,
      "landing_status": -1,
      "top_left_x": 1490.0416259765625,
      "top_left_y": 178.39031982421875,
      "bottom_right_x": 1548.2227783203125,
      "bottom_right_y": 204.664306640625
    }
  ],
  "detected_translations": [
    {
      "translation_x": 4.699709701538086,
      "translation_y": -37.92099533081055
    }
  ]
}