{
  "id": "frame_179",
  "user": "NPC-AI",
  "frame": "frame_179",
  "detected_objects": [
    {
      "cls": 1,
      "landing_status": -1,
      "top_left_x": 1345.041748046875,
      "top_left_y": 589.0443725585938,
      "bottom_right_x": 1381.3828125,
      "bottom_right_y": 618.1240844726562
    }
  ],
  "detected_translations": [
    {
      "translation_x": -0.2300933837890625,
      "translation_y": 8.106394195556641
    }
  ]
}