{
  "id": "frame_1396",
  "user": "NPC-AI",
  "frame": "frame_1396",
  "detected_objects": [
    {
      "cls": 1,
      "landing_status": -1,
      "top_left_x": 1195.100341796875,
      "top_left_y": 435.6493835449219,
      "bottom_right_x": 1223.685302734375,
      "bottom_right_y": 468.2595520019531
    },
    {
      "cls": 1,
      "landing_status": -1,
      "top_left_x": 1238.47509765625,
      "top_left_y": 453.62445068359375,
      "bottom_right_x": 1268.98095703125,
      "bottom_right_y": 483.24859619140625
    },
    {
      "cls": 1,
      "landing_status": -1,
      "top_left_x": 1269.0830078125,
      "top_left_y": 436.0870056152344,
      "bottom_right_x": 1295.94384765625,
      "bottom_right_y": 460.2020568847656
    },
    {
      "cls": 0,
      "landing_status": -1,
      "top_left_x": 912.0785522460938,
      "top_left_y": 307.191650390625,
      "bottom_right_x": 939.9224243164062,
      "bottom_right_y": 394.1358642578125
    }
  ],
  "detected_translations": [
    {
      "translation_x": 78.51778602600098,
      "translation_y": 4.749036407470703
    }
  ]
}