{
  "id": "frame_1270",
  "user": "NPC-AI",
  "frame": "frame_1270",
  "detected_objects": [
    {
      "cls": 1,
      "landing_status": -1,
      "top_left_x": 1623.052978515625,
      "top_left_y": 796.96435546875,
      "bottom_right_x": 1666.785888671875,
      "bottom_right_y": 827.0384521484375
    }
  ],
  "detected_translations": [
    {
      "translation_x": 80.0032413482666,
      "translation_y": 48.36885147094726
    }
  ]
}