{
  "id": "frame_3307",
  "user": "NPC-AI",
  "frame": "frame_3307",
  "detected_objects": [
    {
      "cls": 1,
      "landing_status": -1,
      "top_left_x": 850.320556640625,
      "top_left_y": 257.7113342285156,
      "bottom_right_x": 885.4599609375,
      "bottom_right_y": 302.0802307128906
    }
  ],
  "detected_translations": [
    {
      "translation_x": 28.628934860229492,
      "translation_y": -36.464524841308595
    }
  ]
}