{
  "id": "frame_959",
  "user": "NPC-A\u0130",
  "frame": "frame_959",
  "detected_objects": [
    {
      "cls": 0.0,
      "top_left_x": 1026.525390625,
      "top_left_y": 409.385009765625,
      "bottom_right_x": 1215.25244140625,
      "bottom_right_y": 500.9725341796875
    },
    {
      "cls": 0.0,
      "top_left_x": 1435.31298828125,
      "top_left_y": 800.5484619140625,
      "bottom_right_x": 1543.937744140625,
      "bottom_right_y": 1008.7684326171875
    }
  ],
  "detected_translations": [
    {
      "translation_x": 52.55732116699219,
      "translation_y": 116.60752868652344
    }
  ]
}