{
  "id": "frame_1131",
  "user": "NPC-A\u0130",
  "frame": "frame_1131",
  "detected_objects": [
    {
      "cls": 0.0,
      "top_left_x": 320.05316162109375,
      "top_left_y": 160.359619140625,
      "bottom_right_x": 420.74029541015625,
      "bottom_right_y": 387.30157470703125
    }
  ],
  "detected_translations": [
    {
      "translation_x": 81.85422210693359,
      "translation_y": 100.85455474853515
    }
  ]
}