{
  "id": "frame_1567",
  "user": "NPC-A\u0130",
  "frame": "frame_1567",
  "detected_objects": [
    {
      "cls": 1.0,
      "top_left_x": 557.9385375976562,
      "top_left_y": 524.2288818359375,
      "bottom_right_x": 593.8831176757812,
      "bottom_right_y": 554.3582763671875
    },
    {
      "cls": 3.0,
      "top_left_x": 558.724853515625,
      "top_left_y": 1060.6422119140625,
      "bottom_right_x": 637.021728515625,
      "bottom_right_y": 1080.0
    },
    {
      "cls": 0.0,
      "top_left_x": 434.59869384765625,
      "top_left_y": 1058.544921875,
      "bottom_right_x": 517.8982543945312,
      "bottom_right_y": 1079.426025390625
    },
    {
      "cls": 3.0,
      "top_left_x": 179.29351806640625,
      "top_left_y": 1055.7218017578125,
      "bottom_right_x": 279.6221923828125,
      "bottom_right_y": 1079.2078857421875
    }
  ],
  "detected_translations": [
    {
      "translation_x": 78.4641887664795,
      "translation_y": -58.01940002441406
    }
  ]
}