{
  "id": "frame_1339",
  "user": "NPC-AI",
  "frame": "frame_1339",
  "detected_objects": [
    {
      "cls": 1,
      "landing_status": -1,
      "top_left_x": 1172.70556640625,
      "top_left_y": 386.6496276855469,
      "bottom_right_x": 1200.79345703125,
      "bottom_right_y": 423.9613952636719
    }
  ],
  "detected_translations": [
    {
      "translation_x": 78.66484107971192,
      "translation_y": 24.73294906616211
    }
  ]
}