{
  "id": "frame_257",
  "user": "NPC-A\u0130",
  "frame": "frame_257",
  "detected_objects": [
    {
      "cls": 1.0,
      "top_left_x": 1361.156005859375,
      "top_left_y": 878.0340576171875,
      "bottom_right_x": 1396.794189453125,
      "bottom_right_y": 912.92138671875
    }
  ],
  "detected_translations": [
    {
      "translation_x": -0.7857177734375,
      "translation_y": 14.414441680908203
    }
  ]
}