{
  "id": "frame_110",
  "user": "NPC-A\u0130",
  "frame": "frame_110",
  "detected_objects": [
    {
      "cls": 1.0,
      "top_left_x": 1322.65869140625,
      "top_left_y": 296.2579040527344,
      "bottom_right_x": 1357.51025390625,
      "bottom_right_y": 330.0614318847656
    }
  ],
  "detected_translations": [
    {
      "translation_x": 0.2867279052734375,
      "translation_y": 1.9145980834960938
    }
  ]
}