{
  "id": "frame_81",
  "user": "NPC-AI",
  "frame": "frame_81",
  "detected_objects": [
    {
      "cls": 1,
      "landing_status": -1,
      "top_left_x": 1309.2392578125,
      "top_left_y": 222.96652221679688,
      "bottom_right_x": 1343.36474609375,
      "bottom_right_y": 255.63327026367188
    }
  ],
  "detected_translations": [
    {
      "translation_x": 0.064794921875,
      "translation_y": 0.7629714965820312
    }
  ]
}