{
  "id": "frame_752",
  "user": "NPC-A\u0130",
  "frame": "frame_752",
  "detected_objects": [
    {
      "cls": 1.0,
      "top_left_x": 959.4039916992188,
      "top_left_y": 454.10076904296875,
      "bottom_right_x": 988.8988647460938,
      "bottom_right_y": 480.85943603515625
    },
    {
      "cls": 1.0,
      "top_left_x": 545.1190185546875,
      "top_left_y": 31.210716247558594,
      "bottom_right_x": 587.47509765625,
      "bottom_right_y": 62.38451385498047
    }
  ],
  "detected_translations": [
    {
      "translation_x": -2.18875732421875,
      "translation_y": 111.58511657714844
    }
  ]
}