{
  "id": "frame_950",
  "user": "NPC-AI",
  "frame": "frame_950",
  "detected_objects": [
    {
      "cls": 0,
      "landing_status": -1,
      "top_left_x": 0.0,
      "top_left_y": 23.881301879882812,
      "bottom_right_x": 89.61393737792969,
      "bottom_right_y": 204.7576446533203
    },
    {
      "cls": 0,
      "landing_status": -1,
      "top_left_x": 1298.8427734375,
      "top_left_y": 409.63104248046875,
      "bottom_right_x": 1489.16552734375,
      "bottom_right_y": 496.709228515625
    },
    {
      "cls": 0,
      "landing_status": -1,
      "top_left_x": 1560.4013671875,
      "top_left_y": 792.2261962890625,
      "bottom_right_x": 1681.290283203125,
      "bottom_right_y": 1004.9459228515625
    },
    {
      "cls": 1,
      "landing_status": -1,
      "top_left_x": 354.8150634765625,
      "top_left_y": 276.9627380371094,
      "bottom_right_x": 401.5306396484375,
      "bottom_right_y": 311.0686950683594
    }
  ],
  "detected_translations": [
    {
      "translation_x": 48.646908569335935,
      "translation_y": 116.58482513427734
    }
  ]
}