{
  "id": "frame_197",
  "user": "NPC-AI",
  "frame": "frame_197",
  "detected_objects": [
    {
      "cls": 1,
      "landing_status": -1,
      "top_left_x": 1349.231689453125,
      "top_left_y": 660.719970703125,
      "bottom_right_x": 1386.373291015625,
      "bottom_right_y": 690.885009765625
    }
  ],
  "detected_translations": [
    {
      "translation_x": 0.25013427734375,
      "translation_y": 9.603559112548828
    }
  ]
}