{
  "id": "frame_55",
  "user": "NPC-AI",
  "frame": "frame_55",
  "detected_objects": [
    {
      "cls": 1,
      "landing_status": -1,
      "top_left_x": 1297.775634765625,
      "top_left_y": 211.7235870361328,
      "bottom_right_x": 1329.438232421875,
      "bottom_right_y": 245.39927673339844
    },
    {
      "cls": 1,
      "landing_status": -1,
      "top_left_x": 1714.80029296875,
      "top_left_y": 777.9299926757812,
      "bottom_right_x": 1745.05224609375,
      "bottom_right_y": 794.3373413085938
    }
  ],
  "detected_translations": [
    {
      "translation_x": 0.072015380859375,
      "translation_y": 0.4092987060546875
    }
  ]
}