{
  "id": "frame_3274",
  "user": "NPC-AI",
  "frame": "frame_3274",
  "detected_objects": [
    {
      "cls": 1,
      "landing_status": -1,
      "top_left_x": 1356.368408203125,
      "top_left_y": 166.9474639892578,
      "bottom_right_x": 1398.057373046875,
      "bottom_right_y": 204.57728576660156
    }
  ],
  "detected_translations": [
    {
      "translation_x": 16.35927391052246,
      "translation_y": -36.881588745117185
    }
  ]
}