{
  "id": "frame_571",
  "user": "NPC-AI",
  "frame": "frame_571",
  "detected_objects": [
    {
      "cls": 0,
      "landing_status": -1,
      "top_left_x": 1772.667236328125,
      "top_left_y": 607.7883911132812,
      "bottom_right_x": 1920.0,
      "bottom_right_y": 692.5944213867188
    }
  ],
  "detected_translations": [
    {
      "translation_x": -1.7953536987304688,
      "translation_y": 74.6501968383789
    }
  ]
}