{
  "id": "frame_1144",
  "user": "NPC-AI",
  "frame": "frame_1144",
  "detected_objects": [
    {
      "cls": 0,
      "landing_status": -1,
      "top_left_x": 324.2890625,
      "top_left_y": 19.22888946533203,
      "bottom_right_x": 417.6087646484375,
      "bottom_right_y": 249.52288818359375
    }
  ],
  "detected_translations": [
    {
      "translation_x": 81.50585861206055,
      "translation_y": 96.98566360473633
    }
  ]
}