{
  "id": "frame_2579",
  "user": "NPC-A\u0130",
  "frame": "frame_2579",
  "detected_objects": [
    {
      "cls": 1.0,
      "top_left_x": 1675.153564453125,
      "top_left_y": 682.1161499023438,
      "bottom_right_x": 1720.640625,
      "bottom_right_y": 711.4594116210938
    },
    {
      "cls": 1.0,
      "top_left_x": 889.1033935546875,
      "top_left_y": 422.23736572265625,
      "bottom_right_x": 925.38427734375,
      "bottom_right_y": 446.09539794921875
    },
    {
      "cls": 1.0,
      "top_left_x": 764.945556640625,
      "top_left_y": 486.93853759765625,
      "bottom_right_x": 801.620849609375,
      "bottom_right_y": 507.37481689453125
    },
    {
      "cls": 1.0,
      "top_left_x": 1022.5020751953125,
      "top_left_y": 432.6537170410156,
      "bottom_right_x": 1064.7501220703125,
      "bottom_right_y": 470.2129821777344
    }
  ],
  "detected_translations": [
    {
      "translation_x": -69.24122505187988,
      "translation_y": -16.196309661865236
    }
  ]
}