{
  "id": "frame_1387",
  "user": "NPC-A\u0130",
  "frame": "frame_1387",
  "detected_objects": [
    {
      "cls": 1.0,
      "top_left_x": 1235.727783203125,
      "top_left_y": 595.8016357421875,
      "bottom_right_x": 1262.766357421875,
      "bottom_right_y": 629.1329345703125
    },
    {
      "cls": 1.0,
      "top_left_x": 1261.4141845703125,
      "top_left_y": 577.7822265625,
      "bottom_right_x": 1291.4400634765625,
      "bottom_right_y": 600.48779296875
    }
  ],
  "detected_translations": [
    {
      "translation_x": 78.87683448791503,
      "translation_y": 8.191175079345703
    }
  ]
}