{
  "id": "frame_203",
  "user": "NPC-A\u0130",
  "frame": "frame_203",
  "detected_objects": [
    {
      "cls": 1.0,
      "top_left_x": 1350.013671875,
      "top_left_y": 684.3279418945312,
      "bottom_right_x": 1388.212890625,
      "bottom_right_y": 714.0630493164062
    }
  ],
  "detected_translations": [
    {
      "translation_x": -0.1079986572265625,
      "translation_y": 10.115705108642578
    }
  ]
}