{
  "id": "frame_1293",
  "user": "NPC-AI",
  "frame": "frame_1293",
  "detected_objects": [
    {
      "cls": 1,
      "landing_status": -1,
      "top_left_x": 1644.5477294921875,
      "top_left_y": 491.42694091796875,
      "bottom_right_x": 1688.0277099609375,
      "bottom_right_y": 519.3612670898438
    }
  ],
  "detected_translations": [
    {
      "translation_x": 79.5434024810791,
      "translation_y": 40.008887481689456
    }
  ]
}