{
  "id": "frame_170",
  "user": "NPC-A\u0130",
  "frame": "frame_170",
  "detected_objects": [
    {
      "cls": 1.0,
      "top_left_x": 1342.05908203125,
      "top_left_y": 551.2625732421875,
      "bottom_right_x": 1379.4501953125,
      "bottom_right_y": 580.5770263671875
    }
  ],
  "detected_translations": [
    {
      "translation_x": -0.1428680419921875,
      "translation_y": 7.406904602050782
    }
  ]
}