{
  "id": "frame_914",
  "user": "NPC-AI",
  "frame": "frame_914",
  "detected_objects": [
    {
      "cls": 0,
      "landing_status": -1,
      "top_left_x": 474.8774719238281,
      "top_left_y": 0.0,
      "bottom_right_x": 567.501708984375,
      "bottom_right_y": 176.2408447265625
    },
    {
      "cls": 1,
      "landing_status": -1,
      "top_left_x": 779.9027099609375,
      "top_left_y": 249.07022094726562,
      "bottom_right_x": 820.8931884765625,
      "bottom_right_y": 283.2110900878906
    },
    {
      "cls": 1,
      "landing_status": -1,
      "top_left_x": 1094.2149658203125,
      "top_left_y": 767.8310546875,
      "bottom_right_x": 1136.3841552734375,
      "bottom_right_y": 793.209716796875
    }
  ],
  "detected_translations": [
    {
      "translation_x": 35.8163345336914,
      "translation_y": 116.05517272949218
    }
  ]
}