{
  "id": "frame_286",
  "user": "NPC-A\u0130",
  "frame": "frame_286",
  "detected_objects": [
    {
      "cls": 1.0,
      "top_left_x": 1367.078857421875,
      "top_left_y": 987.0753173828125,
      "bottom_right_x": 1401.867919921875,
      "bottom_right_y": 1024.5679931640625
    }
  ],
  "detected_translations": [
    {
      "translation_x": -0.7281402587890625,
      "translation_y": 16.854215240478517
    }
  ]
}