{
  "id": "frame_1438",
  "user": "NPC-AI",
  "frame": "frame_1438",
  "detected_objects": [
    {
      "cls": 1,
      "landing_status": -1,
      "top_left_x": 454.02886962890625,
      "top_left_y": 708.147705078125,
      "bottom_right_x": 493.12591552734375,
      "bottom_right_y": 735.0430908203125
    },
    {
      "cls": 1,
      "landing_status": -1,
      "top_left_x": 459.27508544921875,
      "top_left_y": 731.7550048828125,
      "bottom_right_x": 497.10723876953125,
      "bottom_right_y": 762.1053466796875
    }
  ],
  "detected_translations": [
    {
      "translation_x": 78.20975837707519,
      "translation_y": -11.676374816894532
    }
  ]
}