{
  "id": "frame_918",
  "user": "NPC-AI",
  "frame": "frame_918",
  "detected_objects": [
    {
      "cls": 0,
      "landing_status": -1,
      "top_left_x": 423.320068359375,
      "top_left_y": 0.399505615234375,
      "bottom_right_x": 516.5675048828125,
      "bottom_right_y": 181.22474670410156
    },
    {
      "cls": 1,
      "landing_status": -1,
      "top_left_x": 737.1610107421875,
      "top_left_y": 253.0201416015625,
      "bottom_right_x": 769.468017578125,
      "bottom_right_y": 287.77825927734375
    },
    {
      "cls": 1,
      "landing_status": -1,
      "top_left_x": 433.60748291015625,
      "top_left_y": 188.12252807617188,
      "bottom_right_x": 482.90228271484375,
      "bottom_right_y": 219.36715698242188
    }
  ],
  "detected_translations": [
    {
      "translation_x": 37.00796661376953,
      "translation_y": 116.29736633300782
    }
  ]
}