{
  "id": "frame_741",
  "user": "NPC-A\u0130",
  "frame": "frame_741",
  "detected_objects": [
    {
      "cls": 1.0,
      "top_left_x": 985.3865966796875,
      "top_left_y": 428.89691162109375,
      "bottom_right_x": 1023.6077880859375,
      "bottom_right_y": 455.2572021484375
    }
  ],
  "detected_translations": [
    {
      "translation_x": -3.2457000732421877,
      "translation_y": 111.0386245727539
    }
  ]
}