{
  "id": "frame_1160",
  "user": "NPC-AI",
  "frame": "frame_1160",
  "detected_objects": [
    {
      "cls": 0,
      "landing_status": -1,
      "top_left_x": 322.7608337402344,
      "top_left_y": 0.0,
      "bottom_right_x": 430.2711486816406,
      "bottom_right_y": 100.34098815917969
    }
  ],
  "detected_translations": [
    {
      "translation_x": 81.3587776184082,
      "translation_y": 91.15249862670899
    }
  ]
}