{
  "id": "frame_809",
  "user": "NPC-A\u0130",
  "frame": "frame_809",
  "detected_objects": [
    {
      "cls": 1.0,
      "top_left_x": 375.4066162109375,
      "top_left_y": 112.82878112792969,
      "bottom_right_x": 417.3990478515625,
      "bottom_right_y": 143.30601501464844
    },
    {
      "cls": 0.0,
      "top_left_x": 1849.01708984375,
      "top_left_y": 299.84686279296875,
      "bottom_right_x": 1920.0,
      "bottom_right_y": 390.45245361328125
    },
    {
      "cls": 1.0,
      "top_left_x": 588.879150390625,
      "top_left_y": 533.5703125,
      "bottom_right_x": 636.73046875,
      "bottom_right_y": 558.613037109375
    },
    {
      "cls": 0.0,
      "top_left_x": 1686.518310546875,
      "top_left_y": 953.7064208984375,
      "bottom_right_x": 1776.0244140625,
      "bottom_right_y": 1079.5167236328125
    }
  ],
  "detected_translations": [
    {
      "translation_x": 5.353884887695313,
      "translation_y": 113.36681060791015
    }
  ]
}