{
  "id": "frame_1363",
  "user": "NPC-AI",
  "frame": "frame_1363",
  "detected_objects": [
    {
      "cls": 1,
      "landing_status": -1,
      "top_left_x": 1171.7783203125,
      "top_left_y": 954.2078857421875,
      "bottom_right_x": 1198.9794921875,
      "bottom_right_y": 989.63623046875
    },
    {
      "cls": 1,
      "landing_status": -1,
      "top_left_x": 1179.61865234375,
      "top_left_y": 0.0,
      "bottom_right_x": 1217.7880859375,
      "bottom_right_y": 42.582210540771484
    },
    {
      "cls": 1,
      "landing_status": -1,
      "top_left_x": 1151.555419921875,
      "top_left_y": 6.245342254638672,
      "bottom_right_x": 1182.587158203125,
      "bottom_right_y": 44.15397262573242
    },
    {
      "cls": 0,
      "landing_status": -1,
      "top_left_x": 888.9752197265625,
      "top_left_y": 759.8521728515625,
      "bottom_right_x": 917.57666015625,
      "bottom_right_y": 843.8939208984375
    }
  ],
  "detected_translations": [
    {
      "translation_x": 79.21403541564942,
      "translation_y": 16.686486053466798
    }
  ]
}