{
  "id": "frame_512",
  "user": "NPC-A\u0130",
  "frame": "frame_512",
  "detected_objects": [
    {
      "cls": 0.0,
      "top_left_x": 1784.003173828125,
      "top_left_y": 0.0,
      "bottom_right_x": 1920.0,
      "bottom_right_y": 37.368106842041016
    }
  ],
  "detected_translations": [
    {
      "translation_x": -2.121356201171875,
      "translation_y": 62.149862670898436
    }
  ]
}