{
  "id": "frame_579",
  "user": "NPC-A\u0130",
  "frame": "frame_579",
  "detected_objects": [
    {
      "cls": 0.0,
      "top_left_x": 1769.61328125,
      "top_left_y": 697.246337890625,
      "bottom_right_x": 1920.0,
      "bottom_right_y": 784.2239990234375
    }
  ],
  "detected_translations": [
    {
      "translation_x": -1.8203231811523437,
      "translation_y": 76.53564453125
    }
  ]
}