{
  "id": "frame_725",
  "user": "NPC-AI",
  "frame": "frame_725",
  "detected_objects": [
    {
      "cls": 1,
      "landing_status": -1,
      "top_left_x": 1012.46142578125,
      "top_left_y": 379.63934326171875,
      "bottom_right_x": 1050.91064453125,
      "bottom_right_y": 406.09320068359375
    },
    {
      "cls": 1,
      "landing_status": -1,
      "top_left_x": 909.6658325195312,
      "top_left_y": 366.9364929199219,
      "bottom_right_x": 949.7340698242188,
      "bottom_right_y": 393.8782653808594
    },
    {
      "cls": 1,
      "landing_status": -1,
      "top_left_x": 916.7339477539062,
      "top_left_y": 397.4609375,
      "bottom_right_x": 954.4826049804688,
      "bottom_right_y": 424.039306640625
    }
  ],
  "detected_translations": [
    {
      "translation_x": -2.7755523681640626,
      "translation_y": 109.5825180053711
    }
  ]
}