{
  "id": "frame_195",
  "user": "NPC-AI",
  "frame": "frame_195",
  "detected_objects": [
    {
      "cls": 1,
      "landing_status": -1,
      "top_left_x": 1348.822998046875,
      "top_left_y": 653.0086669921875,
      "bottom_right_x": 1385.653564453125,
      "bottom_right_y": 683.0474853515625
    }
  ],
  "detected_translations": [
    {
      "translation_x": 0.0470001220703125,
      "translation_y": 9.573021697998048
    }
  ]
}