{
  "id": "frame_525",
  "user": "NPC-AI",
  "frame": "frame_525",
  "detected_objects": [
    {
      "cls": 0,
      "landing_status": -1,
      "top_left_x": 1781.581787109375,
      "top_left_y": 91.12594604492188,
      "bottom_right_x": 1920.0,
      "bottom_right_y": 180.86471557617188
    }
  ],
  "detected_translations": [
    {
      "translation_x": -2.145111083984375,
      "translation_y": 65.2217010498047
    }
  ]
}