{
  "id": "frame_2381",
  "user": "NPC-A\u0130",
  "frame": "frame_2381",
  "detected_objects": [
    {
      "cls": 1.0,
      "top_left_x": 9.073049545288086,
      "top_left_y": 498.92919921875,
      "bottom_right_x": 59.77367401123047,
      "bottom_right_y": 520.3297119140625
    }
  ],
  "detected_translations": [
    {
      "translation_x": -27.339368057250976,
      "translation_y": -14.35257797241211
    }
  ]
}