{
  "id": "frame_2583",
  "user": "NPC-A\u0130",
  "frame": "frame_2583",
  "detected_objects": [
    {
      "cls": 1.0,
      "top_left_x": 1688.154541015625,
      "top_left_y": 667.3087158203125,
      "bottom_right_x": 1729.9052734375,
      "bottom_right_y": 696.2620849609375
    },
    {
      "cls": 1.0,
      "top_left_x": 773.052490234375,
      "top_left_y": 476.23516845703125,
      "bottom_right_x": 809.34423828125,
      "bottom_right_y": 494.29412841796875
    },
    {
      "cls": 1.0,
      "top_left_x": 893.2060546875,
      "top_left_y": 395.590576171875,
      "bottom_right_x": 920.64990234375,
      "bottom_right_y": 420.1815185546875
    }
  ],
  "detected_translations": [
    {
      "translation_x": -69.31807136535645,
      "translation_y": -16.473261260986327
    }
  ]
}