{
  "id": "frame_594",
  "user": "NPC-AI",
  "frame": "frame_594",
  "detected_objects": [
    {
      "cls": 0,
      "landing_status": -1,
      "top_left_x": 1766.233154296875,
      "top_left_y": 858.6981811523438,
      "bottom_right_x": 1919.8662109375,
      "bottom_right_y": 944.6483764648438
    }
  ],
  "detected_translations": [
    {
      "translation_x": -2.2038345336914062,
      "translation_y": 80.00330810546875
    }
  ]
}