{
  "id": "frame_876",
  "user": "NPC-A\u0130",
  "frame": "frame_876",
  "detected_objects": [
    {
      "cls": 0.0,
      "top_left_x": 944.6971435546875,
      "top_left_y": 0.0,
      "bottom_right_x": 1029.1890869140625,
      "bottom_right_y": 147.32310485839844
    },
    {
      "cls": 0.0,
      "top_left_x": 481.6119689941406,
      "top_left_y": 309.4720458984375,
      "bottom_right_x": 669.2647705078125,
      "bottom_right_y": 391.2947998046875
    }
  ],
  "detected_translations": [
    {
      "translation_x": 23.429080200195312,
      "translation_y": 114.34457550048828
    }
  ]
}