{
  "id": "frame_587",
  "user": "NPC-AI",
  "frame": "frame_587",
  "detected_objects": [
    {
      "cls": 0,
      "landing_status": -1,
      "top_left_x": 1767.05615234375,
      "top_left_y": 783.4692993164062,
      "bottom_right_x": 1920.0,
      "bottom_right_y": 867.2723999023438
    }
  ],
  "detected_translations": [
    {
      "translation_x": -2.0761978149414064,
      "translation_y": 78.48276214599609
    }
  ]
}