{
  "id": "frame_2603",
  "user": "NPC-A\u0130",
  "frame": "frame_2603",
  "detected_objects": [
    {
      "cls": 1.0,
      "top_left_x": 883.4710693359375,
      "top_left_y": 260.0278015136719,
      "bottom_right_x": 914.347900390625,
      "bottom_right_y": 284.1066589355469
    },
    {
      "cls": 1.0,
      "top_left_x": 1729.072509765625,
      "top_left_y": 581.7060546875,
      "bottom_right_x": 1767.416259765625,
      "bottom_right_y": 603.2015380859375
    },
    {
      "cls": 1.0,
      "top_left_x": 1081.944580078125,
      "top_left_y": 281.5933837890625,
      "bottom_right_x": 1097.638427734375,
      "bottom_right_y": 301.15020751953125
    },
    {
      "cls": 1.0,
      "top_left_x": 919.7183837890625,
      "top_left_y": 167.4147186279297,
      "bottom_right_x": 957.1473388671875,
      "bottom_right_y": 198.96812438964844
    }
  ],
  "detected_translations": [
    {
      "translation_x": -70.31185798645019,
      "translation_y": -18.950951385498048
    }
  ]
}