{
  "id": "frame_19",
  "user": "NPC-A\u0130",
  "frame": "frame_19",
  "detected_objects": [
    {
      "cls": 1.0,
      "top_left_x": 1684.8079833984375,
      "top_left_y": 661.6861572265625,
      "bottom_right_x": 1731.9578857421875,
      "bottom_right_y": 703.0601806640625
    },
    {
      "cls": 1.0,
      "top_left_x": 1712.219970703125,
      "top_left_y": 685.0894165039062,
      "bottom_right_x": 1735.074951171875,
      "bottom_right_y": 705.7059936523438
    }
  ],
  "detected_translations": [
    {
      "translation_x": -0.17838134765625,
      "translation_y": 0.01943206787109375
    }
  ]
}