{
  "id": "frame_2694",
  "user": "NPC-A\u0130",
  "frame": "frame_2694",
  "detected_objects": [
    {
      "cls": 1.0,
      "top_left_x": 1875.962890625,
      "top_left_y": 95.3385009765625,
      "bottom_right_x": 1920.0,
      "bottom_right_y": 130.9287109375
    }
  ],
  "detected_translations": [
    {
      "translation_x": -76.85004463195801,
      "translation_y": -30.207843017578124
    }
  ]
}