{
  "id": "frame_1354",
  "user": "NPC-A\u0130",
  "frame": "frame_1354",
  "detected_objects": [
    {
      "cls": 1.0,
      "top_left_x": 1179.702392578125,
      "top_left_y": 138.75436401367188,
      "bottom_right_x": 1213.676513671875,
      "bottom_right_y": 181.48580932617188
    }
  ],
  "detected_translations": [
    {
      "translation_x": 79.39130592346191,
      "translation_y": 19.547271728515625
    }
  ]
}