{
  "id": "frame_87",
  "user": "NPC-A\u0130",
  "frame": "frame_87",
  "detected_objects": [
    {
      "cls": 1.0,
      "top_left_x": 1312.39404296875,
      "top_left_y": 232.44207763671875,
      "bottom_right_x": 1346.6220703125,
      "bottom_right_y": 265.5797424316406
    }
  ],
  "detected_translations": [
    {
      "translation_x": 0.1181884765625,
      "translation_y": 0.824066162109375
    }
  ]
}