{
  "id": "frame_265",
  "user": "NPC-A\u0130",
  "frame": "frame_265",
  "detected_objects": [
    {
      "cls": 1.0,
      "top_left_x": 1362.2919921875,
      "top_left_y": 906.3411865234375,
      "bottom_right_x": 1397.759765625,
      "bottom_right_y": 942.5213623046875
    }
  ],
  "detected_translations": [
    {
      "translation_x": -0.275787353515625,
      "translation_y": 14.961048889160157
    }
  ]
}