{
  "id": "frame_184",
  "user": "NPC-A\u0130",
  "frame": "frame_184",
  "detected_objects": [
    {
      "cls": 1.0,
      "top_left_x": 1345.580810546875,
      "top_left_y": 609.341552734375,
      "bottom_right_x": 1383.091552734375,
      "bottom_right_y": 638.832763671875
    }
  ],
  "detected_translations": [
    {
      "translation_x": -0.033306884765625,
      "translation_y": 8.672499084472657
    }
  ]
}