{
  "id": "frame_1449",
  "user": "NPC-AI",
  "frame": "frame_1449",
  "detected_objects": [
    {
      "cls": 1,
      "landing_status": -1,
      "top_left_x": 428.8456726074219,
      "top_left_y": 534.8505859375,
      "bottom_right_x": 482.4308776855469,
      "bottom_right_y": 561.495361328125
    },
    {
      "cls": 1,
      "landing_status": -1,
      "top_left_x": 437.14306640625,
      "top_left_y": 557.1175537109375,
      "bottom_right_x": 481.28863525390625,
      "bottom_right_y": 589.2244873046875
    }
  ],
  "detected_translations": [
    {
      "translation_x": 77.88602790832519,
      "translation_y": -15.727371215820312
    }
  ]
}