{
  "id": "frame_103",
  "user": "NPC-AI",
  "frame": "frame_103",
  "detected_objects": [
    {
      "cls": 1,
      "landing_status": -1,
      "top_left_x": 1721.9716796875,
      "top_left_y": 940.872314453125,
      "bottom_right_x": 1770.80029296875,
      "bottom_right_y": 970.8592529296875
    },
    {
      "cls": 1,
      "landing_status": -1,
      "top_left_x": 1321.658203125,
      "top_left_y": 280.26641845703125,
      "bottom_right_x": 1353.87744140625,
      "bottom_right_y": 305.68682861328125
    }
  ],
  "detected_translations": [
    {
      "translation_x": 0.20633544921875,
      "translation_y": 1.314306640625
    }
  ]
}