{
  "id": "frame_163",
  "user": "NPC-A\u0130",
  "frame": "frame_163",
  "detected_objects": [
    {
      "cls": 1.0,
      "top_left_x": 1340.2406005859375,
      "top_left_y": 521.2271728515625,
      "bottom_right_x": 1377.4600830078125,
      "bottom_right_y": 550.5260009765625
    }
  ],
  "detected_translations": [
    {
      "translation_x": -0.1161865234375,
      "translation_y": 6.935669708251953
    }
  ]
}