{
  "id": "frame_1344",
  "user": "NPC-AI",
  "frame": "frame_1344",
  "detected_objects": [
    {
      "cls": 1,
      "landing_status": -1,
      "top_left_x": 1178.1378173828125,
      "top_left_y": 304.6614685058594,
      "bottom_right_x": 1204.8858642578125,
      "bottom_right_y": 349.4737854003906
    },
    {
      "cls": 1,
      "landing_status": -1,
      "top_left_x": 1147.128662109375,
      "top_left_y": 313.163818359375,
      "bottom_right_x": 1172.38525390625,
      "bottom_right_y": 350.0848388671875
    },
    {
      "cls": 0,
      "landing_status": -1,
      "top_left_x": 874.67236328125,
      "top_left_y": 1011.143310546875,
      "bottom_right_x": 901.7158203125,
      "bottom_right_y": 1078.33544921875
    }
  ],
  "detected_translations": [
    {
      "translation_x": 78.79130744934082,
      "translation_y": 23.090255737304688
    }
  ]
}