{
  "id": "frame_104",
  "user": "NPC-A\u0130",
  "frame": "frame_104",
  "detected_objects": [
    {
      "cls": 1.0,
      "top_left_x": 1320.144775390625,
      "top_left_y": 272.1243896484375,
      "bottom_right_x": 1354.740478515625,
      "bottom_right_y": 308.937255859375
    }
  ],
  "detected_translations": [
    {
      "translation_x": 0.1988494873046875,
      "translation_y": 1.4163742065429688
    }
  ]
}