{
  "id": "frame_1106",
  "user": "NPC-A\u0130",
  "frame": "frame_1106",
  "detected_objects": [
    {
      "cls": 0.0,
      "top_left_x": 997.705810546875,
      "top_left_y": 16.801937103271484,
      "bottom_right_x": 1212.322509765625,
      "bottom_right_y": 120.61981201171875
    },
    {
      "cls": 0.0,
      "top_left_x": 17.056747436523438,
      "top_left_y": 120.0186538696289,
      "bottom_right_x": 234.74888610839844,
      "bottom_right_y": 221.03463745117188
    },
    {
      "cls": 0.0,
      "top_left_x": 323.2002868652344,
      "top_left_y": 408.47705078125,
      "bottom_right_x": 431.4085388183594,
      "bottom_right_y": 648.712158203125
    },
    {
      "cls": 0.0,
      "top_left_x": 1810.41748046875,
      "top_left_y": 16.048248291015625,
      "bottom_right_x": 1920.0,
      "bottom_right_y": 127.83930969238281
    }
  ],
  "detected_translations": [
    {
      "translation_x": 81.98087539672852,
      "translation_y": 107.10597076416016
    }
  ]
}