{
  "id": "frame_1545",
  "user": "NPC-AI",
  "frame": "frame_1545",
  "detected_objects": [
    {
      "cls": 1,
      "landing_status": -1,
      "top_left_x": 553.772216796875,
      "top_left_y": 846.294677734375,
      "bottom_right_x": 593.24169921875,
      "bottom_right_y": 889.095703125
    }
  ],
  "detected_translations": [
    {
      "translation_x": 78.05940208435058,
      "translation_y": -50.624028015136716
    }
  ]
}