{
  "id": "frame_1134",
  "user": "NPC-A\u0130",
  "frame": "frame_1134",
  "detected_objects": [
    {
      "cls": 0.0,
      "top_left_x": 319.267822265625,
      "top_left_y": 128.95550537109375,
      "bottom_right_x": 420.0684814453125,
      "bottom_right_y": 356.120849609375
    }
  ],
  "detected_translations": [
    {
      "translation_x": 81.76874237060547,
      "translation_y": 100.07815170288086
    }
  ]
}