{
  "id": "frame_1123",
  "user": "NPC-AI",
  "frame": "frame_1123",
  "detected_objects": [
    {
      "cls": 0,
      "landing_status": -1,
      "top_left_x": 321.19561767578125,
      "top_left_y": 243.26101684570312,
      "bottom_right_x": 418.3157958984375,
      "bottom_right_y": 473.9645690917969
    },
    {
      "cls": 0,
      "landing_status": -1,
      "top_left_x": 247.6497802734375,
      "top_left_y": 0.0,
      "bottom_right_x": 458.124267578125,
      "bottom_right_y": 64.24812316894531
    }
  ],
  "detected_translations": [
    {
      "translation_x": 82.0163070678711,
      "translation_y": 102.92961730957032
    }
  ]
}