{
  "id": "frame_95",
  "user": "NPC-AI",
  "frame": "frame_95",
  "detected_objects": [
    {
      "cls": 1,
      "landing_status": -1,
      "top_left_x": 1316.938232421875,
      "top_left_y": 255.19696044921875,
      "bottom_right_x": 1350.17724609375,
      "bottom_right_y": 282.898681640625
    }
  ],
  "detected_translations": [
    {
      "translation_x": 0.2194610595703125,
      "translation_y": 0.9708786010742188
    }
  ]
}