{
  "id": "frame_2700",
  "user": "NPC-A\u0130",
  "frame": "frame_2700",
  "detected_objects": [
    {
      "cls": 1.0,
      "top_left_x": 1887.210693359375,
      "top_left_y": 67.10791015625,
      "bottom_right_x": 1920.0,
      "bottom_right_y": 95.35110473632812
    }
  ],
  "detected_translations": [
    {
      "translation_x": -78.03413734436035,
      "translation_y": -31.11235656738281
    }
  ]
}