{
  "id": "frame_0531",
  "user": "NPC-AI",
  "frame": "frame_0531",
  "detected_objects": [
    {
      "cls": 2,
      "landing_status": 1,
      "top_left_x": 649.2154541015625,
      "top_left_y": 33.806278228759766,
      "bottom_right_x": 778.5428466796875,
      "bottom_right_y": 139.0819091796875
    },
    {
      "cls": 1,
      "landing_status": -1,
      "top_left_x": 1178.57568359375,
      "top_left_y": 177.78277587890625,
      "bottom_right_x": 1211.82421875,
      "bottom_right_y": 217.14068603515625
    },
    {
      "cls": 1,
      "landing_status": -1,
      "top_left_x": 1835.3575439453125,
      "top_left_y": 670.3461303710938,
      "bottom_right_x": 1877.5550537109375,
      "bottom_right_y": 701.3621215820312
    }
  ],
  "detected_translations": [
    {
      "translation_x": -0.3883026123046875,
      "translation_y": 1.6017929077148438
    }
  ]
}