{
  "id": "frame_676",
  "user": "NPC-A\u0130",
  "frame": "frame_676",
  "detected_objects": [
    {
      "cls": 1.0,
      "top_left_x": 1105.50927734375,
      "top_left_y": 0.0,
      "bottom_right_x": 1144.6884765625,
      "bottom_right_y": 32.35933303833008
    }
  ],
  "detected_translations": [
    {
      "translation_x": -2.971728515625,
      "translation_y": 99.6063850402832
    }
  ]
}