{
  "id": "frame_711",
  "user": "NPC-A\u0130",
  "frame": "frame_711",
  "detected_objects": [
    {
      "cls": 1.0,
      "top_left_x": 1035.288330078125,
      "top_left_y": 306.24749755859375,
      "bottom_right_x": 1075.488037109375,
      "bottom_right_y": 334.69781494140625
    }
  ],
  "detected_translations": [
    {
      "translation_x": -3.1845947265625,
      "translation_y": 107.79608459472657
    }
  ]
}