{
  "id": "frame_2012",
  "user": "NPC-AI",
  "frame": "frame_2012",
  "detected_objects": [
    {
      "cls": 0,
      "landing_status": -1,
      "top_left_x": 14.431671142578125,
      "top_left_y": 930.698974609375,
      "bottom_right_x": 213.83084106445312,
      "bottom_right_y": 1018.09716796875
    },
    {
      "cls": 0,
      "landing_status": -1,
      "top_left_x": 876.3526611328125,
      "top_left_y": 959.087890625,
      "bottom_right_x": 1093.1474609375,
      "bottom_right_y": 1055.0859375
    },
    {
      "cls": 0,
      "landing_status": -1,
      "top_left_x": 650.9124755859375,
      "top_left_y": 958.188720703125,
      "bottom_right_x": 841.0716552734375,
      "bottom_right_y": 1053.19384765625
    }
  ],
  "detected_translations": [
    {
      "translation_x": -1.4911792755126954,
      "translation_y": -57.66357650756836
    }
  ]
}