{
  "id": "frame_2684",
  "user": "NPC-A\u0130",
  "frame": "frame_2684",
  "detected_objects": [
    {
      "cls": 1.0,
      "top_left_x": 1860.251220703125,
      "top_left_y": 146.39910888671875,
      "bottom_right_x": 1905.934326171875,
      "bottom_right_y": 182.07757568359375
    }
  ],
  "detected_translations": [
    {
      "translation_x": -77.08730506896973,
      "translation_y": -28.9583984375
    }
  ]
}