{
  "id": "frame_198",
  "user": "NPC-A\u0130",
  "frame": "frame_198",
  "detected_objects": [
    {
      "cls": 1.0,
      "top_left_x": 1349.19140625,
      "top_left_y": 665.337890625,
      "bottom_right_x": 1386.849609375,
      "bottom_right_y": 694.9345703125
    }
  ],
  "detected_translations": [
    {
      "translation_x": 0.13094482421875,
      "translation_y": 9.716497802734375
    }
  ]
}