{
  "id": "frame_1145",
  "user": "NPC-A\u0130",
  "frame": "frame_1145",
  "detected_objects": [
    {
      "cls": 0.0,
      "top_left_x": 320.52313232421875,
      "top_left_y": 10.983497619628906,
      "bottom_right_x": 420.891357421875,
      "bottom_right_y": 239.18905639648438
    }
  ],
  "detected_translations": [
    {
      "translation_x": 81.47376174926758,
      "translation_y": 96.67209091186524
    }
  ]
}