{
  "id": "frame_1564",
  "user": "NPC-AI",
  "frame": "frame_1564",
  "detected_objects": [
    {
      "cls": 1,
      "landing_status": -1,
      "top_left_x": 1786.1951904296875,
      "top_left_y": 989.6732177734375,
      "bottom_right_x": 1847.1202392578125,
      "bottom_right_y": 1031.2481689453125
    },
    {
      "cls": 1,
      "landing_status": -1,
      "top_left_x": 1562.23046875,
      "top_left_y": 1046.014892578125,
      "bottom_right_x": 1611.6640625,
      "bottom_right_y": 1080.0
    },
    {
      "cls": 1,
      "landing_status": -1,
      "top_left_x": 558.7171630859375,
      "top_left_y": 564.9229125976562,
      "bottom_right_x": 593.1866455078125,
      "bottom_right_y": 599.8413696289062
    }
  ],
  "detected_translations": [
    {
      "translation_x": 78.25111656188965,
      "translation_y": -57.141326904296875
    }
  ]
}