{
  "id": "frame_1456",
  "user": "NPC-A\u0130",
  "frame": "frame_1456",
  "detected_objects": [
    {
      "cls": 1.0,
      "top_left_x": 419.1513671875,
      "top_left_y": 425.551025390625,
      "bottom_right_x": 458.186279296875,
      "bottom_right_y": 453.96673583984375
    }
  ],
  "detected_translations": [
    {
      "translation_x": 77.88211402893066,
      "translation_y": -18.597923278808594
    }
  ]
}