{
  "id": "frame_3291",
  "user": "NPC-A\u0130",
  "frame": "frame_3291",
  "detected_objects": [
    {
      "cls": 1.0,
      "top_left_x": 1093.0152587890625,
      "top_left_y": 218.997802734375,
      "bottom_right_x": 1126.3048095703125,
      "bottom_right_y": 264.58111572265625
    }
  ],
  "detected_translations": [
    {
      "translation_x": 22.886277389526366,
      "translation_y": -36.425332641601564
    }
  ]
}