{
  "id": "frame_544",
  "user": "NPC-AI",
  "frame": "frame_544",
  "detected_objects": [
    {
      "cls": 0,
      "landing_status": -1,
      "top_left_x": 1777.422119140625,
      "top_left_y": 306.3095397949219,
      "bottom_right_x": 1920.0,
      "bottom_right_y": 390.6033630371094
    }
  ],
  "detected_translations": [
    {
      "translation_x": -1.7381103515625,
      "translation_y": 69.15797500610351
    }
  ]
}