{
  "id": "frame_114",
  "user": "NPC-AI",
  "frame": "frame_114",
  "detected_objects": [
    {
      "cls": 1,
      "landing_status": -1,
      "top_left_x": 1716.647216796875,
      "top_left_y": 992.1212158203125,
      "bottom_right_x": 1773.006103515625,
      "bottom_right_y": 1036.0633544921875
    }
  ],
  "detected_translations": [
    {
      "translation_x": 0.2278839111328125,
      "translation_y": 2.1028518676757812
    }
  ]
}