{
  "id": "frame_1116",
  "user": "NPC-AI",
  "frame": "frame_1116",
  "detected_objects": [
    {
      "cls": 0,
      "landing_status": -1,
      "top_left_x": 321.79620361328125,
      "top_left_y": 313.42803955078125,
      "bottom_right_x": 423.67041015625,
      "bottom_right_y": 544.5697021484375
    },
    {
      "cls": 0,
      "landing_status": -1,
      "top_left_x": 149.5489501953125,
      "top_left_y": 28.96786880493164,
      "bottom_right_x": 364.97674560546875,
      "bottom_right_y": 131.9815673828125
    },
    {
      "cls": 0,
      "landing_status": -1,
      "top_left_x": 1690.21630859375,
      "top_left_y": 0.0,
      "bottom_right_x": 1920.0,
      "bottom_right_y": 26.780750274658203
    },
    {
      "cls": 0,
      "landing_status": -1,
      "top_left_x": 921.861083984375,
      "top_left_y": 0.0,
      "bottom_right_x": 1114.71142578125,
      "bottom_right_y": 20.626163482666016
    }
  ],
  "detected_translations": [
    {
      "translation_x": 82.01355056762695,
      "translation_y": 104.70567016601562
    }
  ]
}