{
  "id": "frame_2012",
  "user": "NPC-A\u0130",
  "frame": "frame_2012",
  "detected_objects": [
    {
      "cls": 0.0,
      "top_left_x": 1887.5150146484375,
      "top_left_y": 1041.6640625,
      "bottom_right_x": 1920.0,
      "bottom_right_y": 1078.91748046875
    }
  ],
  "detected_translations": [
    {
      "translation_x": -1.4911792755126954,
      "translation_y": -57.66357650756836
    }
  ]
}