{
  "id": "frame_710",
  "user": "NPC-AI",
  "frame": "frame_710",
  "detected_objects": [
    {
      "cls": 1,
      "landing_status": -1,
      "top_left_x": 1037.29931640625,
      "top_left_y": 299.70831298828125,
      "bottom_right_x": 1076.5615234375,
      "bottom_right_y": 327.88555908203125
    },
    {
      "cls": 1,
      "landing_status": -1,
      "top_left_x": 941.0426635742188,
      "top_left_y": 321.845458984375,
      "bottom_right_x": 981.6041870117188,
      "bottom_right_y": 346.7489013671875
    },
    {
      "cls": 1,
      "landing_status": -1,
      "top_left_x": 934.7420654296875,
      "top_left_y": 287.93292236328125,
      "bottom_right_x": 975.1346435546875,
      "bottom_right_y": 316.68951416015625
    }
  ],
  "detected_translations": [
    {
      "translation_x": -3.090081787109375,
      "translation_y": 107.64480438232422
    }
  ]
}