{
  "id": "frame_1469",
  "user": "NPC-A\u0130",
  "frame": "frame_1469",
  "detected_objects": [
    {
      "cls": 1.0,
      "top_left_x": 389.2112121582031,
      "top_left_y": 219.9039306640625,
      "bottom_right_x": 431.8110656738281,
      "bottom_right_y": 254.1688232421875
    }
  ],
  "detected_translations": [
    {
      "translation_x": 77.89338645935058,
      "translation_y": -23.643951416015625
    }
  ]
}