{
  "id": "frame_1435",
  "user": "NPC-AI",
  "frame": "frame_1435",
  "detected_objects": [
    {
      "cls": 1,
      "landing_status": -1,
      "top_left_x": 460.0191650390625,
      "top_left_y": 755.512939453125,
      "bottom_right_x": 505.33984375,
      "bottom_right_y": 782.5439453125
    },
    {
      "cls": 1,
      "landing_status": -1,
      "top_left_x": 464.22723388671875,
      "top_left_y": 779.4784545898438,
      "bottom_right_x": 505.64910888671875,
      "bottom_right_y": 809.2837524414062
    }
  ],
  "detected_translations": [
    {
      "translation_x": 78.15238227844239,
      "translation_y": -10.605799865722656
    }
  ]
}