{
  "id": "frame_546",
  "user": "NPC-AI",
  "frame": "frame_546",
  "detected_objects": [
    {
      "cls": 0,
      "landing_status": -1,
      "top_left_x": 1777.0423583984375,
      "top_left_y": 328.840087890625,
      "bottom_right_x": 1920.0,
      "bottom_right_y": 413.60009765625
    }
  ],
  "detected_translations": [
    {
      "translation_x": -1.9876113891601563,
      "translation_y": 69.4106689453125
    }
  ]
}