{
  "id": "frame_3255",
  "user": "NPC-A\u0130",
  "frame": "frame_3255",
  "detected_objects": [
    {
      "cls": 1.0,
      "top_left_x": 1656.3773193359375,
      "top_left_y": 103.68817138671875,
      "bottom_right_x": 1707.9478759765625,
      "bottom_right_y": 142.184814453125
    }
  ],
  "detected_translations": [
    {
      "translation_x": 10.534118270874023,
      "translation_y": -37.63556137084961
    }
  ]
}