{
  "id": "frame_241",
  "user": "NPC-A\u0130",
  "frame": "frame_241",
  "detected_objects": [
    {
      "cls": 1.0,
      "top_left_x": 1358.804443359375,
      "top_left_y": 823.3535766601562,
      "bottom_right_x": 1393.775146484375,
      "bottom_right_y": 855.2922973632812
    }
  ],
  "detected_translations": [
    {
      "translation_x": -0.7227325439453125,
      "translation_y": 13.165398406982423
    }
  ]
}