{
  "id": "frame_722",
  "user": "NPC-AI",
  "frame": "frame_722",
  "detected_objects": [
    {
      "cls": 1,
      "landing_status": -1,
      "top_left_x": 1018.5382080078125,
      "top_left_y": 367.048583984375,
      "bottom_right_x": 1052.4681396484375,
      "bottom_right_y": 393.122314453125
    },
    {
      "cls": 1,
      "landing_status": -1,
      "top_left_x": 913.1566162109375,
      "top_left_y": 354.86676025390625,
      "bottom_right_x": 950.6754150390625,
      "bottom_right_y": 381.8115234375
    },
    {
      "cls": 1,
      "landing_status": -1,
      "top_left_x": 924.8104248046875,
      "top_left_y": 385.94866943359375,
      "bottom_right_x": 953.8106689453125,
      "bottom_right_y": 411.95880126953125
    }
  ],
  "detected_translations": [
    {
      "translation_x": -3.2473876953125,
      "translation_y": 109.3242904663086
    }
  ]
}