{
  "id": "frame_900",
  "user": "NPC-AI",
  "frame": "frame_900",
  "detected_objects": [
    {
      "cls": 0,
      "landing_status": -1,
      "top_left_x": 654.5111083984375,
      "top_left_y": 0.0,
      "bottom_right_x": 741.6888427734375,
      "bottom_right_y": 163.5716552734375
    },
    {
      "cls": 0,
      "landing_status": -1,
      "top_left_x": 0.0,
      "top_left_y": 305.7779541015625,
      "bottom_right_x": 139.33010864257812,
      "bottom_right_y": 394.89154052734375
    },
    {
      "cls": 0,
      "landing_status": -1,
      "top_left_x": 727.3126220703125,
      "top_left_y": 995.8870849609375,
      "bottom_right_x": 808.7559814453125,
      "bottom_right_y": 1077.2701416015625
    },
    {
      "cls": 1,
      "landing_status": -1,
      "top_left_x": 931.21044921875,
      "top_left_y": 235.0977783203125,
      "bottom_right_x": 964.822021484375,
      "bottom_right_y": 269.90118408203125
    }
  ],
  "detected_translations": [
    {
      "translation_x": 31.374253845214845,
      "translation_y": 115.00285949707032
    }
  ]
}