{
  "id": "frame_1458",
  "user": "NPC-AI",
  "frame": "frame_1458",
  "detected_objects": [
    {
      "cls": 1,
      "landing_status": -1,
      "top_left_x": 417.46319580078125,
      "top_left_y": 416.020751953125,
      "bottom_right_x": 467.10736083984375,
      "bottom_right_y": 451.0106201171875
    },
    {
      "cls": 1,
      "landing_status": -1,
      "top_left_x": 414.58587646484375,
      "top_left_y": 392.755859375,
      "bottom_right_x": 456.24273681640625,
      "bottom_right_y": 421.2930908203125
    }
  ],
  "detected_translations": [
    {
      "translation_x": 77.85243873596191,
      "translation_y": -19.393783569335938
    }
  ]
}