{
  "id": "frame_183",
  "user": "NPC-A\u0130",
  "frame": "frame_183",
  "detected_objects": [
    {
      "cls": 1.0,
      "top_left_x": 1345.264404296875,
      "top_left_y": 605.52880859375,
      "bottom_right_x": 1382.460205078125,
      "bottom_right_y": 634.9378662109375
    }
  ],
  "detected_translations": [
    {
      "translation_x": 0.0249053955078125,
      "translation_y": 8.581083679199219
    }
  ]
}