{
  "id": "frame_1302",
  "user": "NPC-AI",
  "frame": "frame_1302",
  "detected_objects": [
    {
      "cls": 1,
      "landing_status": -1,
      "top_left_x": 1651.593017578125,
      "top_left_y": 369.86065673828125,
      "bottom_right_x": 1695.280517578125,
      "bottom_right_y": 398.11383056640625
    }
  ],
  "detected_translations": [
    {
      "translation_x": 79.46014137268067,
      "translation_y": 37.04336776733398
    }
  ]
}