{
  "id": "frame_3258",
  "user": "NPC-AI",
  "frame": "frame_3258",
  "detected_objects": [
    {
      "cls": 1,
      "landing_status": -1,
      "top_left_x": 1608.837890625,
      "top_left_y": 112.53971862792969,
      "bottom_right_x": 1658.25634765625,
      "bottom_right_y": 150.57179260253906
    }
  ],
  "detected_translations": [
    {
      "translation_x": 11.319848251342773,
      "translation_y": -37.533695983886716
    }
  ]
}