{
  "id": "frame_893",
  "user": "NPC-AI",
  "frame": "frame_893",
  "detected_objects": [
    {
      "cls": 0,
      "landing_status": -1,
      "top_left_x": 108.85448455810547,
      "top_left_y": 305.8236083984375,
      "bottom_right_x": 296.237060546875,
      "bottom_right_y": 392.44097900390625
    },
    {
      "cls": 0,
      "landing_status": -1,
      "top_left_x": 741.8185424804688,
      "top_left_y": 0.0,
      "bottom_right_x": 827.4063110351562,
      "bottom_right_y": 158.3738555908203
    },
    {
      "cls": 0,
      "landing_status": -1,
      "top_left_x": 814.708984375,
      "top_left_y": 993.9365234375,
      "bottom_right_x": 895.331298828125,
      "bottom_right_y": 1077.786376953125
    },
    {
      "cls": 1,
      "landing_status": -1,
      "top_left_x": 1005.1566772460938,
      "top_left_y": 231.5419921875,
      "bottom_right_x": 1045.26806640625,
      "bottom_right_y": 265.8170166015625
    }
  ],
  "detected_translations": [
    {
      "translation_x": 29.040008544921875,
      "translation_y": 114.5768539428711
    }
  ]
}