{
  "id": "frame_125",
  "user": "NPC-A\u0130",
  "frame": "frame_125",
  "detected_objects": [
    {
      "cls": 1.0,
      "top_left_x": 1328.8648681640625,
      "top_left_y": 359.5653076171875,
      "bottom_right_x": 1365.4625244140625,
      "bottom_right_y": 390.045654296875
    }
  ],
  "detected_translations": [
    {
      "translation_x": 0.372711181640625,
      "translation_y": 3.227338409423828
    }
  ]
}