{
  "id": "frame_1218",
  "user": "NPC-AI",
  "frame": "frame_1218",
  "detected_objects": [
    {
      "cls": 0,
      "landing_status": -1,
      "top_left_x": 436.3133544921875,
      "top_left_y": 939.6055908203125,
      "bottom_right_x": 469.065185546875,
      "bottom_right_y": 1004.6580810546875
    }
  ],
  "detected_translations": [
    {
      "translation_x": 81.08050346374512,
      "translation_y": 68.52668228149415
    }
  ]
}