{
  "id": "frame_144",
  "user": "NPC-A\u0130",
  "frame": "frame_144",
  "detected_objects": [
    {
      "cls": 1.0,
      "top_left_x": 1334.3336181640625,
      "top_left_y": 440.22857666015625,
      "bottom_right_x": 1372.4442138671875,
      "bottom_right_y": 469.34027099609375
    }
  ],
  "detected_translations": [
    {
      "translation_x": 0.213702392578125,
      "translation_y": 5.163410186767578
    }
  ]
}