{
  "id": "frame_144",
  "user": "NPC-AI",
  "frame": "frame_144",
  "detected_objects": [
    {
      "cls": 1,
      "landing_status": -1,
      "top_left_x": 1334.6883544921875,
      "top_left_y": 440.22998046875,
      "bottom_right_x": 1372.2647705078125,
      "bottom_right_y": 470.00384521484375
    }
  ],
  "detected_translations": [
    {
      "translation_x": 0.213702392578125,
      "translation_y": 5.163410186767578
    }
  ]
}