{
  "id": "frame_1147",
  "user": "NPC-AI",
  "frame": "frame_1147",
  "detected_objects": [
    {
      "cls": 0,
      "landing_status": -1,
      "top_left_x": 320.9776306152344,
      "top_left_y": 0.0,
      "bottom_right_x": 417.5473937988281,
      "bottom_right_y": 216.36439514160156
    }
  ],
  "detected_translations": [
    {
      "translation_x": 81.40472946166992,
      "translation_y": 96.08779678344726
    }
  ]
}