{
  "id": "frame_1457",
  "user": "NPC-AI",
  "frame": "frame_1457",
  "detected_objects": [
    {
      "cls": 1,
      "landing_status": -1,
      "top_left_x": 420.3695068359375,
      "top_left_y": 433.282958984375,
      "bottom_right_x": 467.35400390625,
      "bottom_right_y": 463.215576171875
    },
    {
      "cls": 1,
      "landing_status": -1,
      "top_left_x": 416.84222412109375,
      "top_left_y": 408.70452880859375,
      "bottom_right_x": 455.52032470703125,
      "bottom_right_y": 436.4368896484375
    }
  ],
  "detected_translations": [
    {
      "translation_x": 77.89197044372558,
      "translation_y": -19.003256225585936
    }
  ]
}