{
  "id": "frame_977",
  "user": "NPC-A\u0130",
  "frame": "frame_977",
  "detected_objects": [
    {
      "cls": 0.0,
      "top_left_x": 496.26190185546875,
      "top_left_y": 410.94134521484375,
      "bottom_right_x": 680.6423950195312,
      "bottom_right_y": 503.20294189453125
    },
    {
      "cls": 0.0,
      "top_left_x": 1171.027587890625,
      "top_left_y": 811.4068603515625,
      "bottom_right_x": 1271.103759765625,
      "bottom_right_y": 1041.8555908203125
    },
    {
      "cls": 1.0,
      "top_left_x": 1639.3837890625,
      "top_left_y": 324.94305419921875,
      "bottom_right_x": 1699.7138671875,
      "bottom_right_y": 357.55084228515625
    },
    {
      "cls": 1.0,
      "top_left_x": 1763.322998046875,
      "top_left_y": 332.3700256347656,
      "bottom_right_x": 1838.463623046875,
      "bottom_right_y": 365.0679016113281
    }
  ],
  "detected_translations": [
    {
      "translation_x": 59.30071258544922,
      "translation_y": 116.92502136230469
    }
  ]
}