{
  "id": "frame_882",
  "user": "NPC-AI",
  "frame": "frame_882",
  "detected_objects": [
    {
      "cls": 0,
      "landing_status": -1,
      "top_left_x": 874.207763671875,
      "top_left_y": 0.0,
      "bottom_right_x": 958.535888671875,
      "bottom_right_y": 151.20046997070312
    },
    {
      "cls": 0,
      "landing_status": -1,
      "top_left_x": 354.1636962890625,
      "top_left_y": 307.278076171875,
      "bottom_right_x": 539.0050659179688,
      "bottom_right_y": 391.471923828125
    },
    {
      "cls": 1,
      "landing_status": -1,
      "top_left_x": 1108.1953125,
      "top_left_y": 226.0869140625,
      "bottom_right_x": 1148.592041015625,
      "bottom_right_y": 259.7578125
    },
    {
      "cls": 0,
      "landing_status": -1,
      "top_left_x": 947.6654052734375,
      "top_left_y": 990.489013671875,
      "bottom_right_x": 1029.334716796875,
      "bottom_right_y": 1079.16748046875
    }
  ],
  "detected_translations": [
    {
      "translation_x": 25.293000793457033,
      "translation_y": 114.45010375976562
    }
  ]
}