{
  "id": "frame_1372",
  "user": "NPC-A\u0130",
  "frame": "frame_1372",
  "detected_objects": [
    {
      "cls": 1.0,
      "top_left_x": 1252.96142578125,
      "top_left_y": 810.099609375,
      "bottom_right_x": 1284.4833984375,
      "bottom_right_y": 840.40234375
    }
  ],
  "detected_translations": [
    {
      "translation_x": 78.93301429748536,
      "translation_y": 13.82845230102539
    }
  ]
}