{
  "id": "frame_1099",
  "user": "NPC-A\u0130",
  "frame": "frame_1099",
  "detected_objects": [
    {
      "cls": 0.0,
      "top_left_x": 1058.719482421875,
      "top_left_y": 72.844482421875,
      "bottom_right_x": 1275.857666015625,
      "bottom_right_y": 186.59500122070312
    },
    {
      "cls": 0.0,
      "top_left_x": 327.33221435546875,
      "top_left_y": 471.5256042480469,
      "bottom_right_x": 435.04998779296875,
      "bottom_right_y": 708.5595703125
    },
    {
      "cls": 0.0,
      "top_left_x": 0.12451171875,
      "top_left_y": 180.87338256835938,
      "bottom_right_x": 145.81094360351562,
      "bottom_right_y": 279.641357421875
    },
    {
      "cls": 1.0,
      "top_left_x": 1517.63916015625,
      "top_left_y": 450.0060119628906,
      "bottom_right_x": 1575.4501953125,
      "bottom_right_y": 475.3605651855469
    }
  ],
  "detected_translations": [
    {
      "translation_x": 81.80517578125,
      "translation_y": 108.60946655273438
    }
  ]
}