{
  "id": "frame_454",
  "user": "NPC-A\u0130",
  "frame": "frame_454",
  "detected_objects": [
    {
      "cls": 1.0,
      "top_left_x": 1627.372802734375,
      "top_left_y": 889.1968994140625,
      "bottom_right_x": 1676.163818359375,
      "bottom_right_y": 917.4844970703125
    }
  ],
  "detected_translations": [
    {
      "translation_x": -1.2569366455078126,
      "translation_y": 47.13207855224609
    }
  ]
}