{
  "id": "frame_534",
  "user": "NPC-A\u0130",
  "frame": "frame_534",
  "detected_objects": [
    {
      "cls": 0.0,
      "top_left_x": 1780.169921875,
      "top_left_y": 193.00857543945312,
      "bottom_right_x": 1920.0,
      "bottom_right_y": 280.791748046875
    }
  ],
  "detected_translations": [
    {
      "translation_x": -2.026751708984375,
      "translation_y": 67.12679595947266
    }
  ]
}