{
  "id": "frame_986",
  "user": "NPC-A\u0130",
  "frame": "frame_986",
  "detected_objects": [
    {
      "cls": 0.0,
      "top_left_x": 237.80186462402344,
      "top_left_y": 413.3656005859375,
      "bottom_right_x": 421.7078857421875,
      "bottom_right_y": 503.1693115234375
    },
    {
      "cls": 0.0,
      "top_left_x": 1031.28076171875,
      "top_left_y": 817.99951171875,
      "bottom_right_x": 1134.48779296875,
      "bottom_right_y": 1051.986083984375
    },
    {
      "cls": 1.0,
      "top_left_x": 1630.5870361328125,
      "top_left_y": 341.3487854003906,
      "bottom_right_x": 1704.8958740234375,
      "bottom_right_y": 373.5302429199219
    },
    {
      "cls": 1.0,
      "top_left_x": 1505.882568359375,
      "top_left_y": 329.6943359375,
      "bottom_right_x": 1571.144287109375,
      "bottom_right_y": 364.501708984375
    }
  ],
  "detected_translations": [
    {
      "translation_x": 62.84556121826172,
      "translation_y": 117.26595764160156
    }
  ]
}