{
  "id": "frame_680",
  "user": "NPC-AI",
  "frame": "frame_680",
  "detected_objects": [
    {
      "cls": 1,
      "landing_status": -1,
      "top_left_x": 1098.7779541015625,
      "top_left_y": 35.625396728515625,
      "bottom_right_x": 1137.3294677734375,
      "bottom_right_y": 72.53901672363281
    },
    {
      "cls": 1,
      "landing_status": -1,
      "top_left_x": 1003.22216796875,
      "top_left_y": 63.24479675292969,
      "bottom_right_x": 1044.910888671875,
      "bottom_right_y": 94.98744201660156
    },
    {
      "cls": 1,
      "landing_status": -1,
      "top_left_x": 999.6380615234375,
      "top_left_y": 29.00041961669922,
      "bottom_right_x": 1039.9791259765625,
      "bottom_right_y": 68.6793441772461
    }
  ],
  "detected_translations": [
    {
      "translation_x": -3.25150146484375,
      "translation_y": 100.58983306884765
    }
  ]
}