{
  "id": "frame_700",
  "user": "NPC-AI",
  "frame": "frame_700",
  "detected_objects": [
    {
      "cls": 1,
      "landing_status": -1,
      "top_left_x": 1066.6484375,
      "top_left_y": 224.6810302734375,
      "bottom_right_x": 1092.47705078125,
      "bottom_right_y": 253.50872802734375
    },
    {
      "cls": 1,
      "landing_status": -1,
      "top_left_x": 964.638427734375,
      "top_left_y": 216.3865966796875,
      "bottom_right_x": 990.048828125,
      "bottom_right_y": 245.6331787109375
    },
    {
      "cls": 1,
      "landing_status": -1,
      "top_left_x": 969.48095703125,
      "top_left_y": 248.37179565429688,
      "bottom_right_x": 997.07958984375,
      "bottom_right_y": 275.3352355957031
    }
  ],
  "detected_translations": [
    {
      "translation_x": -3.1329315185546873,
      "translation_y": 105.86233367919922
    }
  ]
}