{
  "id": "frame_1024",
  "user": "NPC-A\u0130",
  "frame": "frame_1024",
  "detected_objects": [
    {
      "cls": 0.0,
      "top_left_x": 558.6717529296875,
      "top_left_y": 823.6697998046875,
      "bottom_right_x": 663.586669921875,
      "bottom_right_y": 1060.2841796875
    },
    {
      "cls": 1.0,
      "top_left_x": 1202.9078369140625,
      "top_left_y": 355.15447998046875,
      "bottom_right_x": 1254.1092529296875,
      "bottom_right_y": 387.70623779296875
    },
    {
      "cls": 1.0,
      "top_left_x": 1212.8883056640625,
      "top_left_y": 831.625,
      "bottom_right_x": 1260.3895263671875,
      "bottom_right_y": 868.2489013671875
    },
    {
      "cls": 1.0,
      "top_left_x": 1111.216552734375,
      "top_left_y": 342.8057861328125,
      "bottom_right_x": 1143.255126953125,
      "bottom_right_y": 374.882080078125
    }
  ],
  "detected_translations": [
    {
      "translation_x": 75.26212463378906,
      "translation_y": 117.74583129882812
    }
  ]
}