{
  "id": "frame_220",
  "user": "NPC-AI",
  "frame": "frame_220",
  "detected_objects": [
    {
      "cls": 1,
      "landing_status": -1,
      "top_left_x": 1354.0673828125,
      "top_left_y": 747.5292358398438,
      "bottom_right_x": 1390.610107421875,
      "bottom_right_y": 779.5866088867188
    }
  ],
  "detected_translations": [
    {
      "translation_x": -0.757220458984375,
      "translation_y": 11.174036407470703
    }
  ]
}