{
  "id": "frame_870",
  "user": "NPC-A\u0130",
  "frame": "frame_870",
  "detected_objects": [
    {
      "cls": 0.0,
      "top_left_x": 610.6578369140625,
      "top_left_y": 306.52764892578125,
      "bottom_right_x": 800.61279296875,
      "bottom_right_y": 390.86785888671875
    },
    {
      "cls": 0.0,
      "top_left_x": 1015.5452270507812,
      "top_left_y": 0.0,
      "bottom_right_x": 1097.690673828125,
      "bottom_right_y": 144.39682006835938
    }
  ],
  "detected_translations": [
    {
      "translation_x": 21.52684326171875,
      "translation_y": 114.01709594726563
    }
  ]
}