{
  "id": "frame_940",
  "user": "NPC-A\u0130",
  "frame": "frame_940",
  "detected_objects": [
    {
      "cls": 0.0,
      "top_left_x": 1596.4375,
      "top_left_y": 404.1658020019531,
      "bottom_right_x": 1805.69775390625,
      "bottom_right_y": 497.0379943847656
    },
    {
      "cls": 0.0,
      "top_left_x": 122.47824096679688,
      "top_left_y": 17.473312377929688,
      "bottom_right_x": 226.3001708984375,
      "bottom_right_y": 197.06178283691406
    },
    {
      "cls": 1.0,
      "top_left_x": 720.5762939453125,
      "top_left_y": 829.62109375,
      "bottom_right_x": 761.6439208984375,
      "bottom_right_y": 878.0098876953125
    }
  ],
  "detected_translations": [
    {
      "translation_x": 44.64769592285156,
      "translation_y": 116.19801177978516
    }
  ]
}