{
  "id": "frame_591",
  "user": "NPC-AI",
  "frame": "frame_591",
  "detected_objects": [
    {
      "cls": 0,
      "landing_status": -1,
      "top_left_x": 1766.177734375,
      "top_left_y": 826.069091796875,
      "bottom_right_x": 1920.0,
      "bottom_right_y": 911.793701171875
    }
  ],
  "detected_translations": [
    {
      "translation_x": -2.029246520996094,
      "translation_y": 79.43814849853516
    }
  ]
}