{
  "id": "frame_727",
  "user": "NPC-A\u0130",
  "frame": "frame_727",
  "detected_objects": [
    {
      "cls": 1.0,
      "top_left_x": 1012.0740966796875,
      "top_left_y": 386.7026672363281,
      "bottom_right_x": 1047.8907470703125,
      "bottom_right_y": 413.6260070800781
    }
  ],
  "detected_translations": [
    {
      "translation_x": -2.6537261962890626,
      "translation_y": 109.73617553710938
    }
  ]
}