{
  "id": "frame_3254",
  "user": "NPC-AI",
  "frame": "frame_3254",
  "detected_objects": [
    {
      "cls": 1,
      "landing_status": -1,
      "top_left_x": 1670.83544921875,
      "top_left_y": 100.37614440917969,
      "bottom_right_x": 1724.3427734375,
      "bottom_right_y": 144.90528869628906
    }
  ],
  "detected_translations": [
    {
      "translation_x": 10.110100936889648,
      "translation_y": -37.66997756958008
    }
  ]
}