{
  "id": "frame_3275",
  "user": "NPC-AI",
  "frame": "frame_3275",
  "detected_objects": [
    {
      "cls": 1,
      "landing_status": -1,
      "top_left_x": 1340.5052490234375,
      "top_left_y": 170.08914184570312,
      "bottom_right_x": 1382.4005126953125,
      "bottom_right_y": 210.16802978515625
    }
  ],
  "detected_translations": [
    {
      "translation_x": 16.674526596069335,
      "translation_y": -36.89581451416016
    }
  ]
}