{
  "id": "frame_762",
  "user": "NPC-AI",
  "frame": "frame_762",
  "detected_objects": [
    {
      "cls": 1,
      "landing_status": -1,
      "top_left_x": 532.2864990234375,
      "top_left_y": 79.9998779296875,
      "bottom_right_x": 561.8509521484375,
      "bottom_right_y": 108.92068481445312
    },
    {
      "cls": 1,
      "landing_status": -1,
      "top_left_x": 539.33984375,
      "top_left_y": 52.408607482910156,
      "bottom_right_x": 574.8917236328125,
      "bottom_right_y": 81.41045379638672
    },
    {
      "cls": 1,
      "landing_status": -1,
      "top_left_x": 927.422119140625,
      "top_left_y": 472.61639404296875,
      "bottom_right_x": 951.0926513671875,
      "bottom_right_y": 498.26873779296875
    }
  ],
  "detected_translations": [
    {
      "translation_x": -1.842681884765625,
      "translation_y": 111.90184478759765
    }
  ]
}