{
  "id": "frame_277",
  "user": "NPC-A\u0130",
  "frame": "frame_277",
  "detected_objects": [
    {
      "cls": 1.0,
      "top_left_x": 1365.061279296875,
      "top_left_y": 951.4598388671875,
      "bottom_right_x": 1400.00390625,
      "bottom_right_y": 987.1856689453125
    }
  ],
  "detected_translations": [
    {
      "translation_x": -0.5040191650390625,
      "translation_y": 15.938011169433594
    }
  ]
}