{
  "id": "frame_2694",
  "user": "NPC-AI",
  "frame": "frame_2694",
  "detected_objects": [
    {
      "cls": 1,
      "landing_status": -1,
      "top_left_x": 1876.973388671875,
      "top_left_y": 96.34066772460938,
      "bottom_right_x": 1920.0,
      "bottom_right_y": 131.91696166992188
    },
    {
      "cls": 1,
      "landing_status": -1,
      "top_left_x": 1053.9498291015625,
      "top_left_y": 40.15904998779297,
      "bottom_right_x": 1083.6988525390625,
      "bottom_right_y": 68.54219055175781
    },
    {
      "cls": 1,
      "landing_status": -1,
      "top_left_x": 1074.732421875,
      "top_left_y": 5.7394866943359375,
      "bottom_right_x": 1101.2470703125,
      "bottom_right_y": 40.339630126953125
    }
  ],
  "detected_translations": [
    {
      "translation_x": -76.85004463195801,
      "translation_y": -30.207843017578124
    }
  ]
}