{
  "id": "frame_2087",
  "user": "NPC-AI",
  "frame": "frame_2087",
  "detected_objects": [
    {
      "cls": 1,
      "landing_status": -1,
      "top_left_x": 1800.616455078125,
      "top_left_y": 26.008453369140625,
      "bottom_right_x": 1856.56103515625,
      "bottom_right_y": 72.46119689941406
    }
  ],
  "detected_translations": [
    {
      "translation_x": -1.3201847076416016,
      "translation_y": -41.730926513671875
    }
  ]
}