{
  "id": "frame_3250",
  "user": "NPC-AI",
  "frame": "frame_3250",
  "detected_objects": [
    {
      "cls": 1,
      "landing_status": -1,
      "top_left_x": 1736.04931640625,
      "top_left_y": 87.78010559082031,
      "bottom_right_x": 1790.993896484375,
      "bottom_right_y": 136.65240478515625
    }
  ],
  "detected_translations": [
    {
      "translation_x": 8.633410263061524,
      "translation_y": -37.68836288452148
    }
  ]
}