{
  "id": "frame_515",
  "user": "NPC-AI",
  "frame": "frame_515",
  "detected_objects": [
    {
      "cls": 0,
      "landing_status": -1,
      "top_left_x": 1782.4091796875,
      "top_left_y": 0.0,
      "bottom_right_x": 1920.0,
      "bottom_right_y": 69.50650024414062
    }
  ],
  "detected_translations": [
    {
      "translation_x": -2.1189239501953123,
      "translation_y": 62.79582824707031
    }
  ]
}