{
  "id": "frame_3268",
  "user": "NPC-A\u0130",
  "frame": "frame_3268",
  "detected_objects": [
    {
      "cls": 1.0,
      "top_left_x": 1454.9896240234375,
      "top_left_y": 148.39071655273438,
      "bottom_right_x": 1493.7386474609375,
      "bottom_right_y": 190.62387084960938
    }
  ],
  "detected_translations": [
    {
      "translation_x": 14.561449813842774,
      "translation_y": -37.28275909423828
    }
  ]
}