{
  "id": "frame_1007",
  "user": "NPC-A\u0130",
  "frame": "frame_1007",
  "detected_objects": [
    {
      "cls": 0.0,
      "top_left_x": 730.553466796875,
      "top_left_y": 823.8961181640625,
      "bottom_right_x": 834.0078125,
      "bottom_right_y": 1058.9622802734375
    },
    {
      "cls": 1.0,
      "top_left_x": 1348.6025390625,
      "top_left_y": 353.02679443359375,
      "bottom_right_x": 1410.68359375,
      "bottom_right_y": 385.19317626953125
    },
    {
      "cls": 1.0,
      "top_left_x": 1369.939208984375,
      "top_left_y": 820.8032836914062,
      "bottom_right_x": 1425.74951171875,
      "bottom_right_y": 861.1769409179688
    },
    {
      "cls": 1.0,
      "top_left_x": 1255.1083984375,
      "top_left_y": 345.7921142578125,
      "bottom_right_x": 1291.462890625,
      "bottom_right_y": 377.446533203125
    }
  ],
  "detected_translations": [
    {
      "translation_x": 70.73904266357422,
      "translation_y": 117.81922302246093
    }
  ]
}