{
  "id": "frame_2",
  "user": "NPC-AI",
  "frame": "frame_2",
  "detected_objects": [
    {
      "cls": 1,
      "landing_status": -1,
      "top_left_x": 1270.160888671875,
      "top_left_y": 194.6221160888672,
      "bottom_right_x": 1303.030517578125,
      "bottom_right_y": 228.91456604003906
    },
    {
      "cls": 1,
      "landing_status": -1,
      "top_left_x": 1674.811767578125,
      "top_left_y": 618.861328125,
      "bottom_right_x": 1728.450439453125,
      "bottom_right_y": 659.614501953125
    }
  ],
  "detected_translations": [
    {
      "translation_x": 0.0100921630859375,
      "translation_y": 0.1038787841796875
    }
  ]
}