{
  "id": "frame_958",
  "user": "NPC-AI",
  "frame": "frame_958",
  "detected_objects": [
    {
      "cls": 0,
      "landing_status": -1,
      "top_left_x": 1059.316650390625,
      "top_left_y": 410.7911376953125,
      "bottom_right_x": 1244.894775390625,
      "bottom_right_y": 498.8682861328125
    },
    {
      "cls": 0,
      "landing_status": -1,
      "top_left_x": 1443.5401611328125,
      "top_left_y": 797.32421875,
      "bottom_right_x": 1560.2100830078125,
      "bottom_right_y": 1012.41455078125
    },
    {
      "cls": 1,
      "landing_status": -1,
      "top_left_x": 255.49337768554688,
      "top_left_y": 282.90301513671875,
      "bottom_right_x": 313.5397644042969,
      "bottom_right_y": 316.2142333984375
    },
    {
      "cls": 1,
      "landing_status": -1,
      "top_left_x": 1881.248046875,
      "top_left_y": 310.58746337890625,
      "bottom_right_x": 1920.0,
      "bottom_right_y": 339.49200439453125
    }
  ],
  "detected_translations": [
    {
      "translation_x": 52.16301574707031,
      "translation_y": 116.62361297607421
    }
  ]
}