{
  "id": "frame_891",
  "user": "NPC-AI",
  "frame": "frame_891",
  "detected_objects": [
    {
      "cls": 0,
      "landing_status": -1,
      "top_left_x": 153.99224853515625,
      "top_left_y": 307.9389953613281,
      "bottom_right_x": 340.64910888671875,
      "bottom_right_y": 392.0278015136719
    },
    {
      "cls": 0,
      "landing_status": -1,
      "top_left_x": 767.1656494140625,
      "top_left_y": 0.0,
      "bottom_right_x": 850.979736328125,
      "bottom_right_y": 156.9441680908203
    },
    {
      "cls": 0,
      "landing_status": -1,
      "top_left_x": 838.9190673828125,
      "top_left_y": 992.4886474609375,
      "bottom_right_x": 919.829833984375,
      "bottom_right_y": 1077.8836669921875
    },
    {
      "cls": 1,
      "landing_status": -1,
      "top_left_x": 1026.697998046875,
      "top_left_y": 230.20782470703125,
      "bottom_right_x": 1058.660888671875,
      "bottom_right_y": 265.1116027832031
    }
  ],
  "detected_translations": [
    {
      "translation_x": 28.217227172851562,
      "translation_y": 114.62193450927734
    }
  ]
}