{
  "id": "frame_573",
  "user": "NPC-A\u0130",
  "frame": "frame_573",
  "detected_objects": [
    {
      "cls": 0.0,
      "top_left_x": 1773.029052734375,
      "top_left_y": 630.2261962890625,
      "bottom_right_x": 1920.0,
      "bottom_right_y": 716.2296142578125
    }
  ],
  "detected_translations": [
    {
      "translation_x": -1.6741775512695312,
      "translation_y": 75.32147216796875
    }
  ]
}