{
  "id": "frame_2534",
  "user": "NPC-A\u0130",
  "frame": "frame_2534",
  "detected_objects": [
    {
      "cls": 1.0,
      "top_left_x": 802.248291015625,
      "top_left_y": 744.1701049804688,
      "bottom_right_x": 839.19091796875,
      "bottom_right_y": 778.8191528320312
    },
    {
      "cls": 1.0,
      "top_left_x": 590.6783447265625,
      "top_left_y": 536.4934692382812,
      "bottom_right_x": 613.5811767578125,
      "bottom_right_y": 561.0471801757812
    },
    {
      "cls": 1.0,
      "top_left_x": 1542.4305419921875,
      "top_left_y": 799.687744140625,
      "bottom_right_x": 1573.2032470703125,
      "bottom_right_y": 831.40966796875
    },
    {
      "cls": 3.0,
      "top_left_x": 0.0,
      "top_left_y": 912.68896484375,
      "bottom_right_x": 379.831787109375,
      "bottom_right_y": 1080.0
    }
  ],
  "detected_translations": [
    {
      "translation_x": -65.14388923645019,
      "translation_y": -12.684680938720703
    }
  ]
}