{
  "id": "frame_822",
  "user": "NPC-A\u0130",
  "frame": "frame_822",
  "detected_objects": [
    {
      "cls": 0.0,
      "top_left_x": 1598.169189453125,
      "top_left_y": 294.5951232910156,
      "bottom_right_x": 1819.423583984375,
      "bottom_right_y": 390.5461730957031
    },
    {
      "cls": 1.0,
      "top_left_x": 457.66619873046875,
      "top_left_y": 536.2776489257812,
      "bottom_right_x": 513.4834594726562,
      "bottom_right_y": 562.2340698242188
    },
    {
      "cls": 0.0,
      "top_left_x": 1578.29638671875,
      "top_left_y": 958.60009765625,
      "bottom_right_x": 1665.92138671875,
      "bottom_right_y": 1079.2291259765625
    },
    {
      "cls": 1.0,
      "top_left_x": 296.09814453125,
      "top_left_y": 120.83935546875,
      "bottom_right_x": 332.123291015625,
      "bottom_right_y": 147.48956298828125
    }
  ],
  "detected_translations": [
    {
      "translation_x": 7.614755249023437,
      "translation_y": 113.32713470458984
    }
  ]
}