{
  "id": "frame_2303",
  "user": "NPC-A\u0130",
  "frame": "frame_2303",
  "detected_objects": [
    {
      "cls": 1.0,
      "top_left_x": 34.08502960205078,
      "top_left_y": 153.7364501953125,
      "bottom_right_x": 57.03321838378906,
      "bottom_right_y": 173.40765380859375
    }
  ],
  "detected_translations": [
    {
      "translation_x": -9.159663772583007,
      "translation_y": -14.44103775024414
    }
  ]
}