{
  "id": "frame_1460",
  "user": "NPC-A\u0130",
  "frame": "frame_1460",
  "detected_objects": [
    {
      "cls": 1.0,
      "top_left_x": 410.7012939453125,
      "top_left_y": 361.3092041015625,
      "bottom_right_x": 456.7615966796875,
      "bottom_right_y": 390.8873291015625
    }
  ],
  "detected_translations": [
    {
      "translation_x": 77.87271842956542,
      "translation_y": -20.19823303222656
    }
  ]
}