{
  "id": "frame_858",
  "user": "NPC-A\u0130",
  "frame": "frame_858",
  "detected_objects": [
    {
      "cls": 0.0,
      "top_left_x": 864.701416015625,
      "top_left_y": 297.3455810546875,
      "bottom_right_x": 1059.85986328125,
      "bottom_right_y": 390.6051025390625
    },
    {
      "cls": 0.0,
      "top_left_x": 1151.4776611328125,
      "top_left_y": 0.50628662109375,
      "bottom_right_x": 1233.1470947265625,
      "bottom_right_y": 137.8849334716797
    },
    {
      "cls": 1.0,
      "top_left_x": 18.52075958251953,
      "top_left_y": 136.74530029296875,
      "bottom_right_x": 72.57748413085938,
      "bottom_right_y": 165.151611328125
    },
    {
      "cls": 1.0,
      "top_left_x": 35.859703063964844,
      "top_left_y": 551.1881103515625,
      "bottom_right_x": 102.10112762451172,
      "bottom_right_y": 577.0838623046875
    }
  ],
  "detected_translations": [
    {
      "translation_x": 17.642434692382814,
      "translation_y": 113.63308715820312
    }
  ]
}