{
  "id": "frame_1434",
  "user": "NPC-A\u0130",
  "frame": "frame_1434",
  "detected_objects": [
    {
      "cls": 1.0,
      "top_left_x": 462.371826171875,
      "top_left_y": 773.0543212890625,
      "bottom_right_x": 506.7548828125,
      "bottom_right_y": 798.4892578125
    }
  ],
  "detected_translations": [
    {
      "translation_x": 78.16153755187989,
      "translation_y": -10.226979064941407
    }
  ]
}