{
  "id": "frame_566",
  "user": "NPC-A\u0130",
  "frame": "frame_566",
  "detected_objects": [
    {
      "cls": 0.0,
      "top_left_x": 1773.455078125,
      "top_left_y": 552.7684936523438,
      "bottom_right_x": 1920.0,
      "bottom_right_y": 636.9572143554688
    }
  ],
  "detected_translations": [
    {
      "translation_x": -1.636859130859375,
      "translation_y": 73.81289825439453
    }
  ]
}