{
  "id": "frame_1453",
  "user": "NPC-AI",
  "frame": "frame_1453",
  "detected_objects": [
    {
      "cls": 1,
      "landing_status": -1,
      "top_left_x": 424.115234375,
      "top_left_y": 472.1705322265625,
      "bottom_right_x": 465.9609375,
      "bottom_right_y": 499.192138671875
    },
    {
      "cls": 1,
      "landing_status": -1,
      "top_left_x": 429.27911376953125,
      "top_left_y": 497.61737060546875,
      "bottom_right_x": 468.02508544921875,
      "bottom_right_y": 524.9674682617188
    }
  ],
  "detected_translations": [
    {
      "translation_x": 77.79408760070801,
      "translation_y": -17.36023864746094
    }
  ]
}