{
  "id": "frame_1295",
  "user": "NPC-AI",
  "frame": "frame_1295",
  "detected_objects": [
    {
      "cls": 1,
      "landing_status": -1,
      "top_left_x": 1646.947998046875,
      "top_left_y": 464.2189025878906,
      "bottom_right_x": 1689.871826171875,
      "bottom_right_y": 491.9911193847656
    }
  ],
  "detected_translations": [
    {
      "translation_x": 79.522945022583,
      "translation_y": 39.32244033813477
    }
  ]
}