{
  "id": "frame_512",
  "user": "NPC-AI",
  "frame": "frame_512",
  "detected_objects": [
    {
      "cls": 0,
      "landing_status": -1,
      "top_left_x": 1783.90869140625,
      "top_left_y": 0.0,
      "bottom_right_x": 1920.0,
      "bottom_right_y": 36.965476989746094
    }
  ],
  "detected_translations": [
    {
      "translation_x": -2.121356201171875,
      "translation_y": 62.149862670898436
    }
  ]
}