{
  "id": "frame_1451",
  "user": "NPC-AI",
  "frame": "frame_1451",
  "detected_objects": [
    {
      "cls": 1,
      "landing_status": -1,
      "top_left_x": 424.826416015625,
      "top_left_y": 503.7943420410156,
      "bottom_right_x": 474.90283203125,
      "bottom_right_y": 529.9554443359375
    },
    {
      "cls": 1,
      "landing_status": -1,
      "top_left_x": 433.13421630859375,
      "top_left_y": 527.7022094726562,
      "bottom_right_x": 474.10284423828125,
      "bottom_right_y": 557.0078735351562
    }
  ],
  "detected_translations": [
    {
      "translation_x": 77.86444435119628,
      "translation_y": -16.535377502441406
    }
  ]
}