{
  "id": "frame_729",
  "user": "NPC-A\u0130",
  "frame": "frame_729",
  "detected_objects": [
    {
      "cls": 1.0,
      "top_left_x": 1012.4322509765625,
      "top_left_y": 393.57977294921875,
      "bottom_right_x": 1041.7191162109375,
      "bottom_right_y": 420.264892578125
    }
  ],
  "detected_translations": [
    {
      "translation_x": -2.4944091796875,
      "translation_y": 110.0435073852539
    }
  ]
}