{
  "id": "frame_777",
  "user": "NPC-A\u0130",
  "frame": "frame_777",
  "detected_objects": [
    {
      "cls": 1.0,
      "top_left_x": 511.73541259765625,
      "top_left_y": 79.95075988769531,
      "bottom_right_x": 545.7833862304688,
      "bottom_right_y": 111.21699523925781
    },
    {
      "cls": 1.0,
      "top_left_x": 847.1181640625,
      "top_left_y": 503.47833251953125,
      "bottom_right_x": 883.1048583984375,
      "bottom_right_y": 529.7162475585938
    },
    {
      "cls": 1.0,
      "top_left_x": 712.475341796875,
      "top_left_y": 479.519287109375,
      "bottom_right_x": 747.594970703125,
      "bottom_right_y": 510.739501953125
    }
  ],
  "detected_translations": [
    {
      "translation_x": -0.355157470703125,
      "translation_y": 113.01003723144531
    }
  ]
}