{
  "id": "frame_190",
  "user": "NPC-A\u0130",
  "frame": "frame_190",
  "detected_objects": [
    {
      "cls": 1.0,
      "top_left_x": 1347.2236328125,
      "top_left_y": 633.3377075195312,
      "bottom_right_x": 1384.9140625,
      "bottom_right_y": 663.1366577148438
    }
  ],
  "detected_translations": [
    {
      "translation_x": 0.2657440185546875,
      "translation_y": 9.104841613769532
    }
  ]
}