{
  "id": "frame_51",
  "user": "NPC-A\u0130",
  "frame": "frame_51",
  "detected_objects": [
    {
      "cls": 1.0,
      "top_left_x": 1294.4287109375,
      "top_left_y": 209.17791748046875,
      "bottom_right_x": 1327.95703125,
      "bottom_right_y": 243.45751953125
    }
  ],
  "detected_translations": [
    {
      "translation_x": 0.0778289794921875,
      "translation_y": 0.47337799072265624
    }
  ]
}