{
  "id": "frame_83",
  "user": "NPC-A\u0130",
  "frame": "frame_83",
  "detected_objects": [
    {
      "cls": 1.0,
      "top_left_x": 1309.726318359375,
      "top_left_y": 225.56048583984375,
      "bottom_right_x": 1344.721435546875,
      "bottom_right_y": 258.46112060546875
    },
    {
      "cls": 1.0,
      "top_left_x": 1705.100830078125,
      "top_left_y": 835.663330078125,
      "bottom_right_x": 1750.269287109375,
      "bottom_right_y": 876.681884765625
    }
  ],
  "detected_translations": [
    {
      "translation_x": 0.1459808349609375,
      "translation_y": 0.8099716186523438
    }
  ]
}