{
  "id": "frame_886",
  "user": "NPC-A\u0130",
  "frame": "frame_886",
  "detected_objects": [
    {
      "cls": 0.0,
      "top_left_x": 823.4585571289062,
      "top_left_y": 0.371429443359375,
      "bottom_right_x": 911.1707153320312,
      "bottom_right_y": 153.30206298828125
    },
    {
      "cls": 0.0,
      "top_left_x": 264.72735595703125,
      "top_left_y": 308.01202392578125,
      "bottom_right_x": 449.94415283203125,
      "bottom_right_y": 392.78472900390625
    }
  ],
  "detected_translations": [
    {
      "translation_x": 26.601420593261718,
      "translation_y": 114.50791015625
    }
  ]
}