{
  "id": "frame_2021",
  "user": "NPC-AI",
  "frame": "frame_2021",
  "detected_objects": [
    {
      "cls": 0,
      "landing_status": -1,
      "top_left_x": 24.363372802734375,
      "top_left_y": 1014.859619140625,
      "bottom_right_x": 221.42556762695312,
      "bottom_right_y": 1079.80810546875
    },
    {
      "cls": 0,
      "landing_status": -1,
      "top_left_x": 883.6104736328125,
      "top_left_y": 1048.280029296875,
      "bottom_right_x": 1092.5574951171875,
      "bottom_right_y": 1080.0
    }
  ],
  "detected_translations": [
    {
      "translation_x": -0.9407459259033203,
      "translation_y": -55.70125503540039
    }
  ]
}