{
  "id": "frame_2383",
  "user": "NPC-AI",
  "frame": "frame_2383",
  "detected_objects": [
    {
      "cls": 1,
      "landing_status": -1,
      "top_left_x": 13.696914672851562,
      "top_left_y": 26.82132339477539,
      "bottom_right_x": 64.61329650878906,
      "bottom_right_y": 55.83047866821289
    },
    {
      "cls": 1,
      "landing_status": -1,
      "top_left_x": 28.8818359375,
      "top_left_y": 500.8943786621094,
      "bottom_right_x": 74.13729858398438,
      "bottom_right_y": 524.2857666015625
    }
  ],
  "detected_translations": [
    {
      "translation_x": -27.69920082092285,
      "translation_y": -14.218169403076171
    }
  ]
}