{
  "id": "frame_527",
  "user": "NPC-A\u0130",
  "frame": "frame_527",
  "detected_objects": [
    {
      "cls": 0.0,
      "top_left_x": 1781.2452392578125,
      "top_left_y": 114.23956298828125,
      "bottom_right_x": 1920.0,
      "bottom_right_y": 202.5322265625
    }
  ],
  "detected_translations": [
    {
      "translation_x": -1.8396331787109375,
      "translation_y": 65.61403045654296
    }
  ]
}