{
  "id": "frame_1122",
  "user": "NPC-AI",
  "frame": "frame_1122",
  "detected_objects": [
    {
      "cls": 0,
      "landing_status": -1,
      "top_left_x": 321.1856689453125,
      "top_left_y": 253.58612060546875,
      "bottom_right_x": 418.6812744140625,
      "bottom_right_y": 489.59124755859375
    },
    {
      "cls": 0,
      "landing_status": -1,
      "top_left_x": 233.1282958984375,
      "top_left_y": 0.0,
      "bottom_right_x": 445.08251953125,
      "bottom_right_y": 74.00765228271484
    }
  ],
  "detected_translations": [
    {
      "translation_x": 82.0142951965332,
      "translation_y": 103.17856674194336
    }
  ]
}