{
  "id": "frame_971",
  "user": "NPC-A\u0130",
  "frame": "frame_971",
  "detected_objects": [
    {
      "cls": 0.0,
      "top_left_x": 671.808349609375,
      "top_left_y": 410.122314453125,
      "bottom_right_x": 859.1356201171875,
      "bottom_right_y": 501.748291015625
    },
    {
      "cls": 0.0,
      "top_left_x": 1260.157470703125,
      "top_left_y": 807.6484985351562,
      "bottom_right_x": 1363.018310546875,
      "bottom_right_y": 1013.7306518554688
    }
  ],
  "detected_translations": [
    {
      "translation_x": 56.86343231201172,
      "translation_y": 116.91853790283203
    }
  ]
}