{
  "id": "frame_529",
  "user": "NPC-AI",
  "frame": "frame_529",
  "detected_objects": [
    {
      "cls": 0,
      "landing_status": -1,
      "top_left_x": 1780.380126953125,
      "top_left_y": 136.1744842529297,
      "bottom_right_x": 1920.0,
      "bottom_right_y": 224.8593292236328
    }
  ],
  "detected_translations": [
    {
      "translation_x": -1.9105239868164063,
      "translation_y": 65.97721862792969
    }
  ]
}