{
  "id": "frame_1995",
  "user": "NPC-A\u0130",
  "frame": "frame_1995",
  "detected_objects": [
    {
      "cls": 0.0,
      "top_left_x": 0.12188720703125,
      "top_left_y": 919.6602172851562,
      "bottom_right_x": 136.1690216064453,
      "bottom_right_y": 1008.3046264648438
    },
    {
      "cls": 0.0,
      "top_left_x": 1874.82421875,
      "top_left_y": 869.97705078125,
      "bottom_right_x": 1920.0,
      "bottom_right_y": 968.55517578125
    }
  ],
  "detected_translations": [
    {
      "translation_x": -1.4732746124267577,
      "translation_y": -61.804036712646486
    }
  ]
}