{
  "id": "frame_1482",
  "user": "NPC-AI",
  "frame": "frame_1482",
  "detected_objects": [
    {
      "cls": 1,
      "landing_status": -1,
      "top_left_x": 359.0234375,
      "top_left_y": 16.771127700805664,
      "bottom_right_x": 410.76019287109375,
      "bottom_right_y": 53.666587829589844
    },
    {
      "cls": 1,
      "landing_status": -1,
      "top_left_x": 366.064208984375,
      "top_left_y": 44.99980926513672,
      "bottom_right_x": 412.7967529296875,
      "bottom_right_y": 82.6120376586914
    }
  ],
  "detected_translations": [
    {
      "translation_x": 78.20339469909668,
      "translation_y": -28.507144165039062
    }
  ]
}