{
  "id": "frame_721",
  "user": "NPC-A\u0130",
  "frame": "frame_721",
  "detected_objects": [
    {
      "cls": 1.0,
      "top_left_x": 915.688720703125,
      "top_left_y": 349.9737243652344,
      "bottom_right_x": 949.0184326171875,
      "bottom_right_y": 379.1151428222656
    },
    {
      "cls": 1.0,
      "top_left_x": 1022.505126953125,
      "top_left_y": 361.84759521484375,
      "bottom_right_x": 1053.898193359375,
      "bottom_right_y": 389.69781494140625
    }
  ],
  "detected_translations": [
    {
      "translation_x": -3.2446380615234376,
      "translation_y": 109.27270812988282
    }
  ]
}