{
  "id": "frame_164",
  "user": "NPC-A\u0130",
  "frame": "frame_164",
  "detected_objects": [
    {
      "cls": 1.0,
      "top_left_x": 1340.4171142578125,
      "top_left_y": 525.3201904296875,
      "bottom_right_x": 1377.4962158203125,
      "bottom_right_y": 554.29638671875
    }
  ],
  "detected_translations": [
    {
      "translation_x": 0.0246795654296875,
      "translation_y": 6.9990699768066404
    }
  ]
}