{
  "id": "frame_559",
  "user": "NPC-A\u0130",
  "frame": "frame_559",
  "detected_objects": [
    {
      "cls": 0.0,
      "top_left_x": 1774.4541015625,
      "top_left_y": 475.3948974609375,
      "bottom_right_x": 1920.0,
      "bottom_right_y": 557.631591796875
    }
  ],
  "detected_translations": [
    {
      "translation_x": -1.548834228515625,
      "translation_y": 72.19076843261719
    }
  ]
}