{
  "id": "frame_728",
  "user": "NPC-AI",
  "frame": "frame_728",
  "detected_objects": [
    {
      "cls": 1,
      "landing_status": -1,
      "top_left_x": 1013.0459594726562,
      "top_left_y": 390.468505859375,
      "bottom_right_x": 1044.4794921875,
      "bottom_right_y": 416.277587890625
    },
    {
      "cls": 1,
      "landing_status": -1,
      "top_left_x": 909.6375732421875,
      "top_left_y": 376.58526611328125,
      "bottom_right_x": 941.0777587890625,
      "bottom_right_y": 404.79022216796875
    },
    {
      "cls": 1,
      "landing_status": -1,
      "top_left_x": 916.0726318359375,
      "top_left_y": 407.839599609375,
      "bottom_right_x": 952.2847900390625,
      "bottom_right_y": 434.06494140625
    }
  ],
  "detected_translations": [
    {
      "translation_x": -2.476837158203125,
      "translation_y": 109.90757751464844
    }
  ]
}