{
  "id": "frame_158",
  "user": "NPC-A\u0130",
  "frame": "frame_158",
  "detected_objects": [
    {
      "cls": 1.0,
      "top_left_x": 1338.4776611328125,
      "top_left_y": 499.8204345703125,
      "bottom_right_x": 1376.6336669921875,
      "bottom_right_y": 529.4117431640625
    }
  ],
  "detected_translations": [
    {
      "translation_x": -0.0639434814453125,
      "translation_y": 6.4253181457519535
    }
  ]
}