{
  "id": "frame_96",
  "user": "NPC-AI",
  "frame": "frame_96",
  "detected_objects": [
    {
      "cls": 1,
      "landing_status": -1,
      "top_left_x": 1317.08740234375,
      "top_left_y": 257.49951171875,
      "bottom_right_x": 1350.609130859375,
      "bottom_right_y": 285.230224609375
    }
  ],
  "detected_translations": [
    {
      "translation_x": 0.3455078125,
      "translation_y": 1.02957763671875
    }
  ]
}