{
  "id": "frame_1540",
  "user": "NPC-AI",
  "frame": "frame_1540",
  "detected_objects": [
    {
      "cls": 1,
      "landing_status": -1,
      "top_left_x": 552.2333984375,
      "top_left_y": 914.9237060546875,
      "bottom_right_x": 592.898681640625,
      "bottom_right_y": 967.9007568359375
    }
  ],
  "detected_translations": [
    {
      "translation_x": 78.1702724456787,
      "translation_y": -48.856910705566406
    }
  ]
}