{
  "id": "frame_2392",
  "user": "NPC-AI",
  "frame": "frame_2392",
  "detected_objects": [
    {
      "cls": 1,
      "landing_status": -1,
      "top_left_x": 85.04852294921875,
      "top_left_y": 31.30756378173828,
      "bottom_right_x": 133.29244995117188,
      "bottom_right_y": 57.344078063964844
    },
    {
      "cls": 1,
      "landing_status": -1,
      "top_left_x": 113.05430603027344,
      "top_left_y": 515.9379272460938,
      "bottom_right_x": 157.66294860839844,
      "bottom_right_y": 538.6522827148438
    }
  ],
  "detected_translations": [
    {
      "translation_x": -30.175778579711913,
      "translation_y": -14.370030212402344
    }
  ]
}