{
  "id": "frame_1325",
  "user": "NPC-AI",
  "frame": "frame_1325",
  "detected_objects": [
    {
      "cls": 1,
      "landing_status": -1,
      "top_left_x": 1159.88134765625,
      "top_left_y": 618.111328125,
      "bottom_right_x": 1186.05224609375,
      "bottom_right_y": 645.8245849609375
    },
    {
      "cls": 1,
      "landing_status": -1,
      "top_left_x": 1672.445556640625,
      "top_left_y": 51.16644287109375,
      "bottom_right_x": 1717.368896484375,
      "bottom_right_y": 91.19136047363281
    },
    {
      "cls": 1,
      "landing_status": -1,
      "top_left_x": 1136.994873046875,
      "top_left_y": 617.3232421875,
      "bottom_right_x": 1160.353759765625,
      "bottom_right_y": 640.608154296875
    }
  ],
  "detected_translations": [
    {
      "translation_x": 78.69985084533691,
      "translation_y": 29.534493255615235
    }
  ]
}