{
  "id": "frame_885",
  "user": "NPC-A\u0130",
  "frame": "frame_885",
  "detected_objects": [
    {
      "cls": 0.0,
      "top_left_x": 835.5227661132812,
      "top_left_y": 0.0632171630859375,
      "bottom_right_x": 922.8755493164062,
      "bottom_right_y": 152.5180206298828
    },
    {
      "cls": 0.0,
      "top_left_x": 286.58111572265625,
      "top_left_y": 307.228271484375,
      "bottom_right_x": 472.68865966796875,
      "bottom_right_y": 392.6904296875
    }
  ],
  "detected_translations": [
    {
      "translation_x": 26.29119110107422,
      "translation_y": 114.52300567626953
    }
  ]
}