{
  "id": "frame_1549",
  "user": "NPC-AI",
  "frame": "frame_1549",
  "detected_objects": [
    {
      "cls": 1,
      "landing_status": -1,
      "top_left_x": 554.4931030273438,
      "top_left_y": 791.6508178710938,
      "bottom_right_x": 592.8746948242188,
      "bottom_right_y": 826.7109985351562
    }
  ],
  "detected_translations": [
    {
      "translation_x": 78.12994194030762,
      "translation_y": -51.965032958984374
    }
  ]
}