{
  "id": "frame_1132",
  "user": "NPC-AI",
  "frame": "frame_1132",
  "detected_objects": [
    {
      "cls": 0,
      "landing_status": -1,
      "top_left_x": 322.6990051269531,
      "top_left_y": 149.50682067871094,
      "bottom_right_x": 418.5752868652344,
      "bottom_right_y": 376.67919921875
    }
  ],
  "detected_translations": [
    {
      "translation_x": 81.8104034423828,
      "translation_y": 100.56642990112304
    }
  ]
}