{
  "id": "frame_3290",
  "user": "NPC-A\u0130",
  "frame": "frame_3290",
  "detected_objects": [
    {
      "cls": 1.0,
      "top_left_x": 1108.9248046875,
      "top_left_y": 216.01434326171875,
      "bottom_right_x": 1141.656005859375,
      "bottom_right_y": 255.15435791015625
    }
  ],
  "detected_translations": [
    {
      "translation_x": 22.547834396362305,
      "translation_y": -36.48098907470703
    }
  ]
}