{
  "id": "frame_520",
  "user": "NPC-AI",
  "frame": "frame_520",
  "detected_objects": [
    {
      "cls": 0,
      "landing_status": -1,
      "top_left_x": 1781.712158203125,
      "top_left_y": 34.061370849609375,
      "bottom_right_x": 1920.0,
      "bottom_right_y": 125.70010375976562
    }
  ],
  "detected_translations": [
    {
      "translation_x": -2.25333251953125,
      "translation_y": 63.965020751953126
    }
  ]
}