{
  "id": "frame_232",
  "user": "NPC-AI",
  "frame": "frame_232",
  "detected_objects": [
    {
      "cls": 1,
      "landing_status": -1,
      "top_left_x": 1356.370849609375,
      "top_left_y": 790.2586669921875,
      "bottom_right_x": 1392.843505859375,
      "bottom_right_y": 823.5369873046875
    }
  ],
  "detected_translations": [
    {
      "translation_x": -0.8112762451171875,
      "translation_y": 12.295555877685548
    }
  ]
}