{
  "id": "frame_1121",
  "user": "NPC-AI",
  "frame": "frame_1121",
  "detected_objects": [
    {
      "cls": 0,
      "landing_status": -1,
      "top_left_x": 321.4632873535156,
      "top_left_y": 263.69921875,
      "bottom_right_x": 419.3008117675781,
      "bottom_right_y": 495.88671875
    },
    {
      "cls": 0,
      "landing_status": -1,
      "top_left_x": 215.9845733642578,
      "top_left_y": 0.0,
      "bottom_right_x": 431.70367431640625,
      "bottom_right_y": 83.945068359375
    }
  ],
  "detected_translations": [
    {
      "translation_x": 82.02111129760742,
      "translation_y": 103.46769714355469
    }
  ]
}