{
  "id": "frame_2518",
  "user": "NPC-A\u0130",
  "frame": "frame_2518",
  "detected_objects": [
    {
      "cls": 1.0,
      "top_left_x": 530.372802734375,
      "top_left_y": 535.31689453125,
      "bottom_right_x": 556.484619140625,
      "bottom_right_y": 554.3828125
    },
    {
      "cls": 1.0,
      "top_left_x": 1252.1190185546875,
      "top_left_y": 192.4766845703125,
      "bottom_right_x": 1273.3509521484375,
      "bottom_right_y": 213.51296997070312
    },
    {
      "cls": 1.0,
      "top_left_x": 741.344970703125,
      "top_left_y": 809.978759765625,
      "bottom_right_x": 770.027099609375,
      "bottom_right_y": 834.216064453125
    }
  ],
  "detected_translations": [
    {
      "translation_x": -62.690742874145506,
      "translation_y": -12.329654693603516
    }
  ]
}