{
  "id": "frame_838",
  "user": "NPC-A\u0130",
  "frame": "frame_838",
  "detected_objects": [
    {
      "cls": 0.0,
      "top_left_x": 1278.8721923828125,
      "top_left_y": 298.00848388671875,
      "bottom_right_x": 1484.5865478515625,
      "bottom_right_y": 391.58697509765625
    },
    {
      "cls": 1.0,
      "top_left_x": 281.75360107421875,
      "top_left_y": 544.360595703125,
      "bottom_right_x": 326.4412841796875,
      "bottom_right_y": 568.69482421875
    },
    {
      "cls": 1.0,
      "top_left_x": 181.94822692871094,
      "top_left_y": 128.00115966796875,
      "bottom_right_x": 225.9230194091797,
      "bottom_right_y": 155.50466918945312
    },
    {
      "cls": 1.0,
      "top_left_x": 144.42330932617188,
      "top_left_y": 518.9983520507812,
      "bottom_right_x": 207.25991821289062,
      "bottom_right_y": 546.1615600585938
    }
  ],
  "detected_translations": [
    {
      "translation_x": 11.717660522460937,
      "translation_y": 113.755712890625
    }
  ]
}