{
  "id": "frame_808",
  "user": "NPC-A\u0130",
  "frame": "frame_808",
  "detected_objects": [
    {
      "cls": 0.0,
      "top_left_x": 1867.6346435546875,
      "top_left_y": 289.73931884765625,
      "bottom_right_x": 1920.0,
      "bottom_right_y": 385.38323974609375
    },
    {
      "cls": 1.0,
      "top_left_x": 599.1414794921875,
      "top_left_y": 533.1220703125,
      "bottom_right_x": 647.4512939453125,
      "bottom_right_y": 558.6455078125
    },
    {
      "cls": 1.0,
      "top_left_x": 381.2737121582031,
      "top_left_y": 112.21073150634766,
      "bottom_right_x": 418.1927795410156,
      "bottom_right_y": 141.73654174804688
    },
    {
      "cls": 0.0,
      "top_left_x": 1693.47509765625,
      "top_left_y": 953.904052734375,
      "bottom_right_x": 1783.35205078125,
      "bottom_right_y": 1079.294189453125
    }
  ],
  "detected_translations": [
    {
      "translation_x": 5.154473876953125,
      "translation_y": 113.19988861083985
    }
  ]
}