{
  "id": "frame_909",
  "user": "NPC-A\u0130",
  "frame": "frame_909",
  "detected_objects": [
    {
      "cls": 0.0,
      "top_left_x": 537.7404174804688,
      "top_left_y": 0.0,
      "bottom_right_x": 630.8123168945312,
      "bottom_right_y": 170.9895782470703
    }
  ],
  "detected_translations": [
    {
      "translation_x": 33.77204132080078,
      "translation_y": 115.7197052001953
    }
  ]
}