{
  "id": "frame_101",
  "user": "NPC-A\u0130",
  "frame": "frame_101",
  "detected_objects": [
    {
      "cls": 1.0,
      "top_left_x": 1737.82470703125,
      "top_left_y": 941.10888671875,
      "bottom_right_x": 1767.419921875,
      "bottom_right_y": 959.40673828125
    },
    {
      "cls": 1.0,
      "top_left_x": 1318.9676513671875,
      "top_left_y": 262.0791015625,
      "bottom_right_x": 1353.3787841796875,
      "bottom_right_y": 299.328369140625
    }
  ],
  "detected_translations": [
    {
      "translation_x": 0.35860595703125,
      "translation_y": 1.2878982543945312
    }
  ]
}