{
  "id": "frame_245",
  "user": "NPC-A\u0130",
  "frame": "frame_245",
  "detected_objects": [
    {
      "cls": 1.0,
      "top_left_x": 1359.646484375,
      "top_left_y": 836.6129150390625,
      "bottom_right_x": 1394.8779296875,
      "bottom_right_y": 869.6236572265625
    }
  ],
  "detected_translations": [
    {
      "translation_x": -0.9706695556640625,
      "translation_y": 13.436052703857422
    }
  ]
}