{
  "id": "frame_731",
  "user": "NPC-A\u0130",
  "frame": "frame_731",
  "detected_objects": [
    {
      "cls": 1.0,
      "top_left_x": 1013.050537109375,
      "top_left_y": 399.9139099121094,
      "bottom_right_x": 1037.92529296875,
      "bottom_right_y": 426.8042907714844
    },
    {
      "cls": 1.0,
      "top_left_x": 907.589599609375,
      "top_left_y": 384.851318359375,
      "bottom_right_x": 930.821044921875,
      "bottom_right_y": 415.823974609375
    }
  ],
  "detected_translations": [
    {
      "translation_x": -2.9232879638671876,
      "translation_y": 110.24380798339844
    }
  ]
}