{
  "id": "frame_2701",
  "user": "NPC-A\u0130",
  "frame": "frame_2701",
  "detected_objects": [
    {
      "cls": 1.0,
      "top_left_x": 1886.6572265625,
      "top_left_y": 61.175376892089844,
      "bottom_right_x": 1920.0,
      "bottom_right_y": 89.29398345947266
    }
  ],
  "detected_translations": [
    {
      "translation_x": -78.13486366271972,
      "translation_y": -31.208763122558594
    }
  ]
}