{
  "id": "frame_1146",
  "user": "NPC-A\u0130",
  "frame": "frame_1146",
  "detected_objects": [
    {
      "cls": 0.0,
      "top_left_x": 320.3954162597656,
      "top_left_y": 0.0,
      "bottom_right_x": 418.2528991699219,
      "bottom_right_y": 228.30935668945312
    }
  ],
  "detected_translations": [
    {
      "translation_x": 81.47479782104492,
      "translation_y": 96.37660598754883
    }
  ]
}