{
  "id": "frame_561",
  "user": "NPC-AI",
  "frame": "frame_561",
  "detected_objects": [
    {
      "cls": 0,
      "landing_status": -1,
      "top_left_x": 1774.4423828125,
      "top_left_y": 496.5545959472656,
      "bottom_right_x": 1920.0,
      "bottom_right_y": 580.5850830078125
    }
  ],
  "detected_translations": [
    {
      "translation_x": -1.6823272705078125,
      "translation_y": 72.8420623779297
    }
  ]
}