{
  "id": "frame_0536",
  "user": "NPC-AI",
  "frame": "frame_0536",
  "detected_objects": [
    {
      "cls": 2,
      "landing_status": 1,
      "top_left_x": 657.9336547851562,
      "top_left_y": 63.823699951171875,
      "bottom_right_x": 788.9368286132812,
      "bottom_right_y": 171.27212524414062
    },
    {
      "cls": 1,
      "landing_status": -1,
      "top_left_x": 1851.63037109375,
      "top_left_y": 734.7828369140625,
      "bottom_right_x": 1894.359130859375,
      "bottom_right_y": 765.2493896484375
    },
    {
      "cls": 1,
      "landing_status": -1,
      "top_left_x": 1165.31884765625,
      "top_left_y": 209.6793975830078,
      "bottom_right_x": 1190.5830078125,
      "bottom_right_y": 251.36802673339844
    }
  ],
  "detected_translations": [
    {
      "translation_x": -0.7537322998046875,
      "translation_y": 2.875447082519531
    }
  ]
}