{
  "id": "frame_2419",
  "user": "NPC-A\u0130",
  "frame": "frame_2419",
  "detected_objects": [
    {
      "cls": 1.0,
      "top_left_x": 400.51983642578125,
      "top_left_y": 576.9190063476562,
      "bottom_right_x": 429.75128173828125,
      "bottom_right_y": 601.1672973632812
    },
    {
      "cls": 1.0,
      "top_left_x": 16.544126510620117,
      "top_left_y": 643.5960693359375,
      "bottom_right_x": 57.52580261230469,
      "bottom_right_y": 664.818359375
    }
  ],
  "detected_translations": [
    {
      "translation_x": -37.69871559143066,
      "translation_y": -13.956406402587891
    }
  ]
}