{
  "id": "frame_584",
  "user": "NPC-A\u0130",
  "frame": "frame_584",
  "detected_objects": [
    {
      "cls": 0.0,
      "top_left_x": 1768.1671142578125,
      "top_left_y": 750.8016357421875,
      "bottom_right_x": 1919.7816162109375,
      "bottom_right_y": 840.040771484375
    }
  ],
  "detected_translations": [
    {
      "translation_x": -1.9787704467773437,
      "translation_y": 77.7121810913086
    }
  ]
}