{
  "id": "frame_1290",
  "user": "NPC-AI",
  "frame": "frame_1290",
  "detected_objects": [
    {
      "cls": 1,
      "landing_status": -1,
      "top_left_x": 1641.28173828125,
      "top_left_y": 532.584228515625,
      "bottom_right_x": 1684.1787109375,
      "bottom_right_y": 559.60546875
    },
    {
      "cls": 1,
      "landing_status": -1,
      "top_left_x": 1585.384521484375,
      "top_left_y": 562.2989501953125,
      "bottom_right_x": 1654.628662109375,
      "bottom_right_y": 594.3221435546875
    }
  ],
  "detected_translations": [
    {
      "translation_x": 79.64356880187988,
      "translation_y": 40.99130783081055
    }
  ]
}