{
  "id": "frame_148",
  "user": "NPC-A\u0130",
  "frame": "frame_148",
  "detected_objects": [
    {
      "cls": 1.0,
      "top_left_x": 1335.4755859375,
      "top_left_y": 457.2242431640625,
      "bottom_right_x": 1373.876953125,
      "bottom_right_y": 487.178955078125
    }
  ],
  "detected_translations": [
    {
      "translation_x": 0.15439453125,
      "translation_y": 5.546556854248047
    }
  ]
}