{
  "id": "frame_547",
  "user": "NPC-AI",
  "frame": "frame_547",
  "detected_objects": [
    {
      "cls": 0,
      "landing_status": -1,
      "top_left_x": 1776.52734375,
      "top_left_y": 340.879638671875,
      "bottom_right_x": 1920.0,
      "bottom_right_y": 423.958251953125
    }
  ],
  "detected_translations": [
    {
      "translation_x": -2.0200286865234376,
      "translation_y": 69.68188018798828
    }
  ]
}