{
  "id": "frame_999",
  "user": "NPC-A\u0130",
  "frame": "frame_999",
  "detected_objects": [
    {
      "cls": 0.0,
      "top_left_x": 836.9964599609375,
      "top_left_y": 823.6553955078125,
      "bottom_right_x": 938.6053466796875,
      "bottom_right_y": 1058.2957763671875
    },
    {
      "cls": 1.0,
      "top_left_x": 1476.503173828125,
      "top_left_y": 820.2086181640625,
      "bottom_right_x": 1533.422119140625,
      "bottom_right_y": 856.306640625
    },
    {
      "cls": 0.0,
      "top_left_x": 0.0,
      "top_left_y": 417.2591552734375,
      "bottom_right_x": 58.302154541015625,
      "bottom_right_y": 504.6297607421875
    },
    {
      "cls": 1.0,
      "top_left_x": 1333.07421875,
      "top_left_y": 342.02044677734375,
      "bottom_right_x": 1389.248046875,
      "bottom_right_y": 373.86712646484375
    }
  ],
  "detected_translations": [
    {
      "translation_x": 68.21132202148438,
      "translation_y": 117.71982421875
    }
  ]
}