{
  "id": "frame_957",
  "user": "NPC-AI",
  "frame": "frame_957",
  "detected_objects": [
    {
      "cls": 0,
      "landing_status": -1,
      "top_left_x": 1089.248291015625,
      "top_left_y": 411.0929870605469,
      "bottom_right_x": 1275.41552734375,
      "bottom_right_y": 498.8151550292969
    },
    {
      "cls": 0,
      "landing_status": -1,
      "top_left_x": 1440.05615234375,
      "top_left_y": 796.364013671875,
      "bottom_right_x": 1576.017578125,
      "bottom_right_y": 1032.5228271484375
    },
    {
      "cls": 1,
      "landing_status": -1,
      "top_left_x": 267.55914306640625,
      "top_left_y": 281.97320556640625,
      "bottom_right_x": 324.06976318359375,
      "bottom_right_y": 315.83050537109375
    }
  ],
  "detected_translations": [
    {
      "translation_x": 51.66359405517578,
      "translation_y": 116.61217193603515
    }
  ]
}