{
  "id": "frame_227",
  "user": "NPC-AI",
  "frame": "frame_227",
  "detected_objects": [
    {
      "cls": 1,
      "landing_status": -1,
      "top_left_x": 1355.330078125,
      "top_left_y": 772.4671020507812,
      "bottom_right_x": 1392.1904296875,
      "bottom_right_y": 805.0944213867188
    }
  ],
  "detected_translations": [
    {
      "translation_x": -0.791534423828125,
      "translation_y": 11.870665740966796
    }
  ]
}