{
  "id": "frame_1563",
  "user": "NPC-A\u0130",
  "frame": "frame_1563",
  "detected_objects": [
    {
      "cls": 1.0,
      "top_left_x": 557.93212890625,
      "top_left_y": 578.117919921875,
      "bottom_right_x": 593.310791015625,
      "bottom_right_y": 615.748779296875
    }
  ],
  "detected_translations": [
    {
      "translation_x": 78.35872611999511,
      "translation_y": -56.81155548095703
    }
  ]
}