{
  "id": "frame_79",
  "user": "NPC-A\u0130",
  "frame": "frame_79",
  "detected_objects": [
    {
      "cls": 1.0,
      "top_left_x": 1307.71875,
      "top_left_y": 221.137451171875,
      "bottom_right_x": 1342.61865234375,
      "bottom_right_y": 254.212646484375
    },
    {
      "cls": 1.0,
      "top_left_x": 1703.9609375,
      "top_left_y": 825.853271484375,
      "bottom_right_x": 1754.94287109375,
      "bottom_right_y": 862.517822265625
    }
  ],
  "detected_translations": [
    {
      "translation_x": -0.0729644775390625,
      "translation_y": 0.7974533081054688
    }
  ]
}