{
  "id": "frame_950",
  "user": "NPC-A\u0130",
  "frame": "frame_950",
  "detected_objects": [
    {
      "cls": 0.0,
      "top_left_x": 0.0,
      "top_left_y": 26.00628662109375,
      "bottom_right_x": 90.31427764892578,
      "bottom_right_y": 203.13156127929688
    },
    {
      "cls": 0.0,
      "top_left_x": 1297.361572265625,
      "top_left_y": 406.97698974609375,
      "bottom_right_x": 1487.573974609375,
      "bottom_right_y": 499.65155029296875
    }
  ],
  "detected_translations": [
    {
      "translation_x": 48.646908569335935,
      "translation_y": 116.58482513427734
    }
  ]
}