{
  "id": "frame_1278",
  "user": "NPC-AI",
  "frame": "frame_1278",
  "detected_objects": [
    {
      "cls": 1,
      "landing_status": -1,
      "top_left_x": 1630.294677734375,
      "top_left_y": 692.1604614257812,
      "bottom_right_x": 1672.790283203125,
      "bottom_right_y": 720.6558227539062
    }
  ],
  "detected_translations": [
    {
      "translation_x": 79.87484626770019,
      "translation_y": 45.28239440917969
    }
  ]
}