{
  "id": "frame_1126",
  "user": "NPC-AI",
  "frame": "frame_1126",
  "detected_objects": [
    {
      "cls": 0,
      "landing_status": -1,
      "top_left_x": 321.9836730957031,
      "top_left_y": 212.5797119140625,
      "bottom_right_x": 418.6431579589844,
      "bottom_right_y": 439.4171142578125
    },
    {
      "cls": 0,
      "landing_status": -1,
      "top_left_x": 296.9512939453125,
      "top_left_y": 0.0,
      "bottom_right_x": 497.3741455078125,
      "bottom_right_y": 33.85578918457031
    }
  ],
  "detected_translations": [
    {
      "translation_x": 81.97642822265625,
      "translation_y": 102.1475212097168
    }
  ]
}