{
  "id": "frame_1277",
  "user": "NPC-AI",
  "frame": "frame_1277",
  "detected_objects": [
    {
      "cls": 1,
      "landing_status": -1,
      "top_left_x": 1629.5013427734375,
      "top_left_y": 705.116455078125,
      "bottom_right_x": 1672.5692138671875,
      "bottom_right_y": 734.2294921875
    }
  ],
  "detected_translations": [
    {
      "translation_x": 79.88587379455566,
      "translation_y": 45.651947021484375
    }
  ]
}