{
  "id": "frame_2677",
  "user": "NPC-AI",
  "frame": "frame_2677",
  "detected_objects": [
    {
      "cls": 1,
      "landing_status": -1,
      "top_left_x": 1845.1947021484375,
      "top_left_y": 184.9443359375,
      "bottom_right_x": 1893.0411376953125,
      "bottom_right_y": 216.8609619140625
    },
    {
      "cls": 1,
      "landing_status": -1,
      "top_left_x": 1448.28466796875,
      "top_left_y": 59.41411590576172,
      "bottom_right_x": 1470.46923828125,
      "bottom_right_y": 87.84374237060547
    },
    {
      "cls": 1,
      "landing_status": -1,
      "top_left_x": 1022.2364501953125,
      "top_left_y": 146.52908325195312,
      "bottom_right_x": 1048.9793701171875,
      "bottom_right_y": 173.98123168945312
    },
    {
      "cls": 1,
      "landing_status": -1,
      "top_left_x": 1004.185302734375,
      "top_left_y": 100.15940856933594,
      "bottom_right_x": 1027.4144287109375,
      "bottom_right_y": 137.94078063964844
    }
  ],
  "detected_translations": [
    {
      "translation_x": -77.26970863342285,
      "translation_y": -28.02104949951172
    }
  ]
}