{
  "id": "frame_226",
  "user": "NPC-A\u0130",
  "frame": "frame_226",
  "detected_objects": [
    {
      "cls": 1.0,
      "top_left_x": 1355.137939453125,
      "top_left_y": 769.634521484375,
      "bottom_right_x": 1393.530029296875,
      "bottom_right_y": 801.01904296875
    }
  ],
  "detected_translations": [
    {
      "translation_x": -0.7798431396484375,
      "translation_y": 11.823651123046876
    }
  ]
}