{
  "id": "frame_1364",
  "user": "NPC-AI",
  "frame": "frame_1364",
  "detected_objects": [
    {
      "cls": 1,
      "landing_status": -1,
      "top_left_x": 1171.8515625,
      "top_left_y": 938.3006591796875,
      "bottom_right_x": 1199.42724609375,
      "bottom_right_y": 974.3321533203125
    },
    {
      "cls": 0,
      "landing_status": -1,
      "top_left_x": 889.3788452148438,
      "top_left_y": 746.3663330078125,
      "bottom_right_x": 918.5160522460938,
      "bottom_right_y": 830.0091552734375
    }
  ],
  "detected_translations": [
    {
      "translation_x": 79.15647926330567,
      "translation_y": 16.485297393798827
    }
  ]
}