{
  "id": "frame_1390",
  "user": "NPC-AI",
  "frame": "frame_1390",
  "detected_objects": [
    {
      "cls": 1,
      "landing_status": -1,
      "top_left_x": 1189.770263671875,
      "top_left_y": 533.9896240234375,
      "bottom_right_x": 1219.631103515625,
      "bottom_right_y": 558.9686279296875
    },
    {
      "cls": 1,
      "landing_status": -1,
      "top_left_x": 1236.6787109375,
      "top_left_y": 550.7845458984375,
      "bottom_right_x": 1264.47412109375,
      "bottom_right_y": 581.3599853515625
    },
    {
      "cls": 1,
      "landing_status": -1,
      "top_left_x": 1264.368408203125,
      "top_left_y": 531.8153076171875,
      "bottom_right_x": 1293.384521484375,
      "bottom_right_y": 552.9698486328125
    },
    {
      "cls": 0,
      "landing_status": -1,
      "top_left_x": 907.9471435546875,
      "top_left_y": 391.7576599121094,
      "bottom_right_x": 936.1824951171875,
      "bottom_right_y": 477.9311828613281
    }
  ],
  "detected_translations": [
    {
      "translation_x": 78.86990242004394,
      "translation_y": 7.015705108642578
    }
  ]
}