{
  "id": "frame_3277",
  "user": "NPC-AI",
  "frame": "frame_3277",
  "detected_objects": [
    {
      "cls": 1,
      "landing_status": -1,
      "top_left_x": 1308.74072265625,
      "top_left_y": 176.03472900390625,
      "bottom_right_x": 1350.05810546875,
      "bottom_right_y": 222.83450317382812
    }
  ],
  "detected_translations": [
    {
      "translation_x": 17.427541732788086,
      "translation_y": -36.907049560546874
    }
  ]
}