{
  "id": "frame_1462",
  "user": "NPC-AI",
  "frame": "frame_1462",
  "detected_objects": [
    {
      "cls": 1,
      "landing_status": -1,
      "top_left_x": 406.40850830078125,
      "top_left_y": 328.9449462890625,
      "bottom_right_x": 456.52581787109375,
      "bottom_right_y": 359.73272705078125
    },
    {
      "cls": 1,
      "landing_status": -1,
      "top_left_x": 410.12640380859375,
      "top_left_y": 353.81414794921875,
      "bottom_right_x": 463.43939208984375,
      "bottom_right_y": 384.35205078125
    }
  ],
  "detected_translations": [
    {
      "translation_x": 77.90706520080566,
      "translation_y": -21.0089111328125
    }
  ]
}