{
  "id": "frame_1416",
  "user": "NPC-A\u0130",
  "frame": "frame_1416",
  "detected_objects": [
    {
      "cls": 1.0,
      "top_left_x": 1279.38330078125,
      "top_left_y": 98.13883972167969,
      "bottom_right_x": 1313.103515625,
      "bottom_right_y": 138.39503479003906
    },
    {
      "cls": 1.0,
      "top_left_x": 1214.152099609375,
      "top_left_y": 101.80485534667969,
      "bottom_right_x": 1241.108154296875,
      "bottom_right_y": 147.3350067138672
    },
    {
      "cls": 1.0,
      "top_left_x": 1248.3935546875,
      "top_left_y": 121.96300506591797,
      "bottom_right_x": 1281.4404296875,
      "bottom_right_y": 160.46490478515625
    }
  ],
  "detected_translations": [
    {
      "translation_x": 78.27086067199707,
      "translation_y": -3.268036651611328
    }
  ]
}