{
  "id": "frame_1394",
  "user": "NPC-AI",
  "frame": "frame_1394",
  "detected_objects": [
    {
      "cls": 1,
      "landing_status": -1,
      "top_left_x": 1238.315673828125,
      "top_left_y": 486.4544677734375,
      "bottom_right_x": 1267.66650390625,
      "bottom_right_y": 515.8441162109375
    },
    {
      "cls": 1,
      "landing_status": -1,
      "top_left_x": 1194.144775390625,
      "top_left_y": 471.3740234375,
      "bottom_right_x": 1222.579345703125,
      "bottom_right_y": 497.854248046875
    },
    {
      "cls": 1,
      "landing_status": -1,
      "top_left_x": 1267.322998046875,
      "top_left_y": 468.52239990234375,
      "bottom_right_x": 1294.347900390625,
      "bottom_right_y": 489.71514892578125
    },
    {
      "cls": 0,
      "landing_status": -1,
      "top_left_x": 910.2968139648438,
      "top_left_y": 335.329833984375,
      "bottom_right_x": 938.6481323242188,
      "bottom_right_y": 422.180419921875
    }
  ],
  "detected_translations": [
    {
      "translation_x": 78.557368850708,
      "translation_y": 5.520915985107422
    }
  ]
}