{
  "id": "frame_2639",
  "user": "NPC-A\u0130",
  "frame": "frame_2639",
  "detected_objects": [
    {
      "cls": 1.0,
      "top_left_x": 1775.1986083984375,
      "top_left_y": 384.710693359375,
      "bottom_right_x": 1827.3438720703125,
      "bottom_right_y": 408.823486328125
    },
    {
      "cls": 1.0,
      "top_left_x": 760.5424194335938,
      "top_left_y": 205.42324829101562,
      "bottom_right_x": 791.5321655273438,
      "bottom_right_y": 241.86215209960938
    },
    {
      "cls": 1.0,
      "top_left_x": 790.9434814453125,
      "top_left_y": 265.388671875,
      "bottom_right_x": 819.3333740234375,
      "bottom_right_y": 284.226806640625
    }
  ],
  "detected_translations": [
    {
      "translation_x": -72.36577644348145,
      "translation_y": -23.358705139160158
    }
  ]
}