{
  "id": "frame_744",
  "user": "NPC-A\u0130",
  "frame": "frame_744",
  "detected_objects": [
    {
      "cls": 1.0,
      "top_left_x": 982.8099365234375,
      "top_left_y": 436.9035949707031,
      "bottom_right_x": 1013.8426513671875,
      "bottom_right_y": 463.3564758300781
    },
    {
      "cls": 1.0,
      "top_left_x": 875.5166015625,
      "top_left_y": 423.3699951171875,
      "bottom_right_x": 903.0584716796875,
      "bottom_right_y": 450.6903076171875
    }
  ],
  "detected_translations": [
    {
      "translation_x": -2.6375579833984375,
      "translation_y": 111.16963653564453
    }
  ]
}