{
  "id": "frame_883",
  "user": "NPC-A\u0130",
  "frame": "frame_883",
  "detected_objects": [
    {
      "cls": 0.0,
      "top_left_x": 858.69775390625,
      "top_left_y": 0.0,
      "bottom_right_x": 947.4854736328125,
      "bottom_right_y": 150.91702270507812
    },
    {
      "cls": 0.0,
      "top_left_x": 331.88848876953125,
      "top_left_y": 306.73883056640625,
      "bottom_right_x": 516.9804077148438,
      "bottom_right_y": 392.6019287109375
    }
  ],
  "detected_translations": [
    {
      "translation_x": 25.64795684814453,
      "translation_y": 114.46374816894532
    }
  ]
}