{
  "id": "frame_142",
  "user": "NPC-AI",
  "frame": "frame_142",
  "detected_objects": [
    {
      "cls": 1,
      "landing_status": -1,
      "top_left_x": 1333.9095458984375,
      "top_left_y": 432.0504150390625,
      "bottom_right_x": 1371.5904541015625,
      "bottom_right_y": 461.5609130859375
    }
  ],
  "detected_translations": [
    {
      "translation_x": 0.1796112060546875,
      "translation_y": 4.971985626220703
    }
  ]
}