{
  "id": "frame_781",
  "user": "NPC-A\u0130",
  "frame": "frame_781",
  "detected_objects": [
    {
      "cls": 1.0,
      "top_left_x": 819.6932983398438,
      "top_left_y": 510.72735595703125,
      "bottom_right_x": 850.3357543945312,
      "bottom_right_y": 537.0267944335938
    },
    {
      "cls": 0.0,
      "top_left_x": 1868.48681640625,
      "top_left_y": 928.3858642578125,
      "bottom_right_x": 1920.0,
      "bottom_right_y": 1079.619873046875
    },
    {
      "cls": 1.0,
      "top_left_x": 684.6175537109375,
      "top_left_y": 485.70404052734375,
      "bottom_right_x": 727.7598876953125,
      "bottom_right_y": 515.9468383789062
    },
    {
      "cls": 1.0,
      "top_left_x": 500.27191162109375,
      "top_left_y": 86.26617431640625,
      "bottom_right_x": 543.7813110351562,
      "bottom_right_y": 115.215576171875
    }
  ],
  "detected_translations": [
    {
      "translation_x": -0.0801971435546875,
      "translation_y": 113.32689056396484
    }
  ]
}