{
  "id": "frame_679",
  "user": "NPC-A\u0130",
  "frame": "frame_679",
  "detected_objects": [
    {
      "cls": 1.0,
      "top_left_x": 1099.7979736328125,
      "top_left_y": 25.462417602539062,
      "bottom_right_x": 1139.9315185546875,
      "bottom_right_y": 61.67517852783203
    }
  ],
  "detected_translations": [
    {
      "translation_x": -3.161602783203125,
      "translation_y": 100.3245018005371
    }
  ]
}