{
  "id": "frame_3288",
  "user": "NPC-A\u0130",
  "frame": "frame_3288",
  "detected_objects": [
    {
      "cls": 1.0,
      "top_left_x": 1139.755615234375,
      "top_left_y": 210.59725952148438,
      "bottom_right_x": 1172.651123046875,
      "bottom_right_y": 242.91342163085938
    }
  ],
  "detected_translations": [
    {
      "translation_x": 21.617043685913085,
      "translation_y": -36.55673522949219
    }
  ]
}