{
  "id": "frame_968",
  "user": "NPC-A\u0130",
  "frame": "frame_968",
  "detected_objects": [
    {
      "cls": 0.0,
      "top_left_x": 760.6044921875,
      "top_left_y": 409.775146484375,
      "bottom_right_x": 946.6114501953125,
      "bottom_right_y": 501.73016357421875
    },
    {
      "cls": 0.0,
      "top_left_x": 1303.949462890625,
      "top_left_y": 805.1392822265625,
      "bottom_right_x": 1408.519775390625,
      "bottom_right_y": 1012.2781982421875
    }
  ],
  "detected_translations": [
    {
      "translation_x": 55.63502197265625,
      "translation_y": 116.90291290283203
    }
  ]
}