{
  "id": "frame_1361",
  "user": "NPC-AI",
  "frame": "frame_1361",
  "detected_objects": [
    {
      "cls": 1,
      "landing_status": -1,
      "top_left_x": 1177.3375244140625,
      "top_left_y": 20.86022186279297,
      "bottom_right_x": 1217.4088134765625,
      "bottom_right_y": 76.39839172363281
    },
    {
      "cls": 1,
      "landing_status": -1,
      "top_left_x": 1150.9599609375,
      "top_left_y": 40.01343536376953,
      "bottom_right_x": 1181.05810546875,
      "bottom_right_y": 81.9603500366211
    }
  ],
  "detected_translations": [
    {
      "translation_x": 79.44317970275878,
      "translation_y": 17.22865524291992
    }
  ]
}