{
  "id": "frame_1329",
  "user": "NPC-A\u0130",
  "frame": "frame_1329",
  "detected_objects": [
    {
      "cls": 1.0,
      "top_left_x": 1162.397705078125,
      "top_left_y": 547.1717529296875,
      "bottom_right_x": 1190.643310546875,
      "bottom_right_y": 582.6534423828125
    }
  ],
  "detected_translations": [
    {
      "translation_x": 78.67558937072754,
      "translation_y": 28.198172760009765
    }
  ]
}