{
  "id": "frame_538",
  "user": "NPC-A\u0130",
  "frame": "frame_538",
  "detected_objects": [
    {
      "cls": 0.0,
      "top_left_x": 1778.990234375,
      "top_left_y": 239.94189453125,
      "bottom_right_x": 1920.0,
      "bottom_right_y": 325.647216796875
    }
  ],
  "detected_translations": [
    {
      "translation_x": -2.1187744140625,
      "translation_y": 67.9553207397461
    }
  ]
}