{
  "id": "frame_1143",
  "user": "NPC-A\u0130",
  "frame": "frame_1143",
  "detected_objects": [
    {
      "cls": 0.0,
      "top_left_x": 318.44744873046875,
      "top_left_y": 32.08935546875,
      "bottom_right_x": 420.90960693359375,
      "bottom_right_y": 260.1524963378906
    }
  ],
  "detected_translations": [
    {
      "translation_x": 81.5240364074707,
      "translation_y": 97.37069320678711
    }
  ]
}