{
  "id": "frame_1547",
  "user": "NPC-AI",
  "frame": "frame_1547",
  "detected_objects": [
    {
      "cls": 1,
      "landing_status": -1,
      "top_left_x": 554.3335571289062,
      "top_left_y": 818.9078369140625,
      "bottom_right_x": 592.9805297851562,
      "bottom_right_y": 857.4090576171875
    }
  ],
  "detected_translations": [
    {
      "translation_x": 78.06036949157715,
      "translation_y": -51.263482666015626
    }
  ]
}