{
  "id": "frame_556",
  "user": "NPC-AI",
  "frame": "frame_556",
  "detected_objects": [
    {
      "cls": 0,
      "landing_status": -1,
      "top_left_x": 1774.8043212890625,
      "top_left_y": 440.9075927734375,
      "bottom_right_x": 1920.0,
      "bottom_right_y": 525.0509033203125
    }
  ],
  "detected_translations": [
    {
      "translation_x": -1.7542709350585937,
      "translation_y": 71.63585205078125
    }
  ]
}