{
  "id": "frame_125",
  "user": "NPC-AI",
  "frame": "frame_125",
  "detected_objects": [
    {
      "cls": 1,
      "landing_status": -1,
      "top_left_x": 1329.315673828125,
      "top_left_y": 359.40704345703125,
      "bottom_right_x": 1364.610107421875,
      "bottom_right_y": 389.85650634765625
    }
  ],
  "detected_translations": [
    {
      "translation_x": 0.372711181640625,
      "translation_y": 3.227338409423828
    }
  ]
}