{
  "id": "frame_1125",
  "user": "NPC-A\u0130",
  "frame": "frame_1125",
  "detected_objects": [
    {
      "cls": 0.0,
      "top_left_x": 319.8134765625,
      "top_left_y": 222.04449462890625,
      "bottom_right_x": 422.20849609375,
      "bottom_right_y": 468.42083740234375
    }
  ],
  "detected_translations": [
    {
      "translation_x": 81.97220001220703,
      "translation_y": 102.4157615661621
    }
  ]
}