{
  "id": "frame_1150",
  "user": "NPC-A\u0130",
  "frame": "frame_1150",
  "detected_objects": [
    {
      "cls": 0.0,
      "top_left_x": 320.2806396484375,
      "top_left_y": 0.0,
      "bottom_right_x": 416.9176025390625,
      "bottom_right_y": 185.74484252929688
    }
  ],
  "detected_translations": [
    {
      "translation_x": 81.39468307495117,
      "translation_y": 94.91859970092773
    }
  ]
}