{
  "id": "frame_874",
  "user": "NPC-AI",
  "frame": "frame_874",
  "detected_objects": [
    {
      "cls": 0,
      "landing_status": -1,
      "top_left_x": 968.68017578125,
      "top_left_y": 0.0,
      "bottom_right_x": 1052.39453125,
      "bottom_right_y": 147.25814819335938
    },
    {
      "cls": 0,
      "landing_status": -1,
      "top_left_x": 527.123291015625,
      "top_left_y": 309.072509765625,
      "bottom_right_x": 713.95068359375,
      "bottom_right_y": 390.7803955078125
    },
    {
      "cls": 1,
      "landing_status": -1,
      "top_left_x": 1194.041015625,
      "top_left_y": 221.27731323242188,
      "bottom_right_x": 1227.57080078125,
      "bottom_right_y": 256.1446228027344
    },
    {
      "cls": 0,
      "landing_status": -1,
      "top_left_x": 1040.7918701171875,
      "top_left_y": 986.254638671875,
      "bottom_right_x": 1121.5037841796875,
      "bottom_right_y": 1079.1064453125
    }
  ],
  "detected_translations": [
    {
      "translation_x": 22.58020935058594,
      "translation_y": 114.19100036621094
    }
  ]
}