{
  "id": "frame_120",
  "user": "NPC-AI",
  "frame": "frame_120",
  "detected_objects": [
    {
      "cls": 1,
      "landing_status": -1,
      "top_left_x": 1326.700439453125,
      "top_left_y": 338.02703857421875,
      "bottom_right_x": 1362.204833984375,
      "bottom_right_y": 368.93182373046875
    }
  ],
  "detected_translations": [
    {
      "translation_x": 0.2639556884765625,
      "translation_y": 2.7070846557617188
    }
  ]
}