{
  "id": "frame_1345",
  "user": "NPC-A\u0130",
  "frame": "frame_1345",
  "detected_objects": [
    {
      "cls": 1.0,
      "top_left_x": 1174.66748046875,
      "top_left_y": 288.3337097167969,
      "bottom_right_x": 1207.2109375,
      "bottom_right_y": 332.0220642089844
    }
  ],
  "detected_translations": [
    {
      "translation_x": 78.74740486145019,
      "translation_y": 22.780623626708984
    }
  ]
}