{
  "id": "frame_2524",
  "user": "NPC-A\u0130",
  "frame": "frame_2524",
  "detected_objects": [
    {
      "cls": 1.0,
      "top_left_x": 553.206298828125,
      "top_left_y": 538.2227783203125,
      "bottom_right_x": 584.843994140625,
      "bottom_right_y": 557.8428955078125
    }
  ],
  "detected_translations": [
    {
      "translation_x": -63.53412971496582,
      "translation_y": -12.402896881103516
    }
  ]
}