{
  "id": "frame_2625",
  "user": "NPC-A\u0130",
  "frame": "frame_2625",
  "detected_objects": [
    {
      "cls": 1.0,
      "top_left_x": 720.0296020507812,
      "top_left_y": 299.98956298828125,
      "bottom_right_x": 740.3267211914062,
      "bottom_right_y": 330.27728271484375
    },
    {
      "cls": 1.0,
      "top_left_x": 1755.472900390625,
      "top_left_y": 465.0997314453125,
      "bottom_right_x": 1805.246826171875,
      "bottom_right_y": 487.2384033203125
    }
  ],
  "detected_translations": [
    {
      "translation_x": -71.179487991333,
      "translation_y": -21.703223419189452
    }
  ]
}