{
  "id": "frame_1477",
  "user": "NPC-AI",
  "frame": "frame_1477",
  "detected_objects": [
    {
      "cls": 1,
      "landing_status": -1,
      "top_left_x": 376.56683349609375,
      "top_left_y": 120.30601501464844,
      "bottom_right_x": 429.91680908203125,
      "bottom_right_y": 158.66514587402344
    },
    {
      "cls": 1,
      "landing_status": -1,
      "top_left_x": 371.11309814453125,
      "top_left_y": 94.09922790527344,
      "bottom_right_x": 424.15283203125,
      "bottom_right_y": 129.5120086669922
    }
  ],
  "detected_translations": [
    {
      "translation_x": 78.04763221740723,
      "translation_y": -26.614137268066408
    }
  ]
}