{
  "id": "frame_90",
  "user": "NPC-A\u0130",
  "frame": "frame_90",
  "detected_objects": [
    {
      "cls": 1.0,
      "top_left_x": 1313.719482421875,
      "top_left_y": 237.56443786621094,
      "bottom_right_x": 1348.263671875,
      "bottom_right_y": 270.1326904296875
    }
  ],
  "detected_translations": [
    {
      "translation_x": 0.2849151611328125,
      "translation_y": 0.7133346557617187
    }
  ]
}