{
  "id": "frame_122",
  "user": "NPC-A\u0130",
  "frame": "frame_122",
  "detected_objects": [
    {
      "cls": 1.0,
      "top_left_x": 1327.62744140625,
      "top_left_y": 346.7577819824219,
      "bottom_right_x": 1364.0751953125,
      "bottom_right_y": 377.2826232910156
    }
  ],
  "detected_translations": [
    {
      "translation_x": 0.4288055419921875,
      "translation_y": 2.9332923889160156
    }
  ]
}