{
  "id": "frame_0",
  "user": "NPC-A\u0130",
  "frame": "frame_0",
  "detected_objects": [
    {
      "cls": 1.0,
      "top_left_x": 1672.56884765625,
      "top_left_y": 617.7742919921875,
      "bottom_right_x": 1726.61328125,
      "bottom_right_y": 651.1185302734375
    },
    {
      "cls": 1.0,
      "top_left_x": 1268.062255859375,
      "top_left_y": 194.479248046875,
      "bottom_right_x": 1301.802001953125,
      "bottom_right_y": 228.66378784179688
    }
  ],
  "detected_translations": [
    {
      "translation_x": 0.0,
      "translation_y": 0.0
    }
  ]
}