{
  "id": "frame_1149",
  "user": "NPC-A\u0130",
  "frame": "frame_1149",
  "detected_objects": [
    {
      "cls": 0.0,
      "top_left_x": 318.75897216796875,
      "top_left_y": 0.4092559814453125,
      "bottom_right_x": 416.8502197265625,
      "bottom_right_y": 195.54483032226562
    }
  ],
  "detected_translations": [
    {
      "translation_x": 81.46088790893555,
      "translation_y": 95.27836380004882
    }
  ]
}