{
  "id": "frame_24",
  "user": "NPC-A\u0130",
  "frame": "frame_24",
  "detected_objects": [
    {
      "cls": 1.0,
      "top_left_x": 1708.3997802734375,
      "top_left_y": 697.3126220703125,
      "bottom_right_x": 1735.2554931640625,
      "bottom_right_y": 715.4066162109375
    },
    {
      "cls": 1.0,
      "top_left_x": 1282.018310546875,
      "top_left_y": 204.3087615966797,
      "bottom_right_x": 1315.353271484375,
      "bottom_right_y": 235.0048065185547
    }
  ],
  "detected_translations": [
    {
      "translation_x": -0.075152587890625,
      "translation_y": 0.0426666259765625
    }
  ]
}