{
  "id": "frame_132",
  "user": "NPC-AI",
  "frame": "frame_132",
  "detected_objects": [
    {
      "cls": 1,
      "landing_status": -1,
      "top_left_x": 1331.3712158203125,
      "top_left_y": 389.26556396484375,
      "bottom_right_x": 1367.7777099609375,
      "bottom_right_y": 419.014892578125
    }
  ],
  "detected_translations": [
    {
      "translation_x": 0.52076416015625,
      "translation_y": 3.8606101989746096
    }
  ]
}