{
  "id": "frame_568",
  "user": "NPC-AI",
  "frame": "frame_568",
  "detected_objects": [
    {
      "cls": 0,
      "landing_status": -1,
      "top_left_x": 1772.639892578125,
      "top_left_y": 574.8515014648438,
      "bottom_right_x": 1920.0,
      "bottom_right_y": 659.2879028320312
    }
  ],
  "detected_translations": [
    {
      "translation_x": -1.5865325927734375,
      "translation_y": 74.09789123535157
    }
  ]
}