{
  "id": "frame_1337",
  "user": "NPC-A\u0130",
  "frame": "frame_1337",
  "detected_objects": [
    {
      "cls": 1.0,
      "top_left_x": 1169.65087890625,
      "top_left_y": 417.5059814453125,
      "bottom_right_x": 1199.64013671875,
      "bottom_right_y": 449.884521484375
    }
  ],
  "detected_translations": [
    {
      "translation_x": 78.69732551574707,
      "translation_y": 25.43391342163086
    }
  ]
}