{
  "id": "frame_1398",
  "user": "NPC-AI",
  "frame": "frame_1398",
  "detected_objects": [
    {
      "cls": 1,
      "landing_status": -1,
      "top_left_x": 1197.1416015625,
      "top_left_y": 405.77752685546875,
      "bottom_right_x": 1225.025390625,
      "bottom_right_y": 437.62310791015625
    },
    {
      "cls": 1,
      "landing_status": -1,
      "top_left_x": 1238.423828125,
      "top_left_y": 420.40045166015625,
      "bottom_right_x": 1270.77587890625,
      "bottom_right_y": 451.50347900390625
    },
    {
      "cls": 1,
      "landing_status": -1,
      "top_left_x": 1271.27099609375,
      "top_left_y": 400.0304260253906,
      "bottom_right_x": 1297.6962890625,
      "bottom_right_y": 430.8677062988281
    },
    {
      "cls": 0,
      "landing_status": -1,
      "top_left_x": 913.152099609375,
      "top_left_y": 278.87469482421875,
      "bottom_right_x": 942.800048828125,
      "bottom_right_y": 366.48175048828125
    }
  ],
  "detected_translations": [
    {
      "translation_x": 78.49315528869629,
      "translation_y": 3.885118865966797
    }
  ]
}