{
  "id": "frame_593",
  "user": "NPC-AI",
  "frame": "frame_593",
  "detected_objects": [
    {
      "cls": 0,
      "landing_status": -1,
      "top_left_x": 1766.587158203125,
      "top_left_y": 848.04833984375,
      "bottom_right_x": 1920.0,
      "bottom_right_y": 933.41455078125
    }
  ],
  "detected_translations": [
    {
      "translation_x": -2.2141708374023437,
      "translation_y": 79.81124267578124
    }
  ]
}