{
  "id": "frame_904",
  "user": "NPC-A\u0130",
  "frame": "frame_904",
  "detected_objects": [
    {
      "cls": 0.0,
      "top_left_x": 600.777099609375,
      "top_left_y": 0.0,
      "bottom_right_x": 692.78955078125,
      "bottom_right_y": 166.22015380859375
    },
    {
      "cls": 0.0,
      "top_left_x": 0.0,
      "top_left_y": 310.860595703125,
      "bottom_right_x": 49.23780822753906,
      "bottom_right_y": 399.11395263671875
    }
  ],
  "detected_translations": [
    {
      "translation_x": 32.290243530273436,
      "translation_y": 115.42328491210938
    }
  ]
}