{
  "id": "frame_1565",
  "user": "NPC-A\u0130",
  "frame": "frame_1565",
  "detected_objects": [
    {
      "cls": 1.0,
      "top_left_x": 557.869140625,
      "top_left_y": 551.2193603515625,
      "bottom_right_x": 593.171142578125,
      "bottom_right_y": 586.8094482421875
    }
  ],
  "detected_translations": [
    {
      "translation_x": 78.3611873626709,
      "translation_y": -57.445213317871094
    }
  ]
}