{
  "id": "frame_1565",
  "user": "NPC-AI",
  "frame": "frame_1565",
  "detected_objects": [
    {
      "cls": 1,
      "landing_status": -1,
      "top_left_x": 1781.05029296875,
      "top_left_y": 975.7741088867188,
      "bottom_right_x": 1845.869140625,
      "bottom_right_y": 1017.1040649414062
    },
    {
      "cls": 1,
      "landing_status": -1,
      "top_left_x": 1563.6746826171875,
      "top_left_y": 1032.2896728515625,
      "bottom_right_x": 1614.4395751953125,
      "bottom_right_y": 1072.0694580078125
    },
    {
      "cls": 1,
      "landing_status": -1,
      "top_left_x": 70.78414916992188,
      "top_left_y": 992.427001953125,
      "bottom_right_x": 142.85763549804688,
      "bottom_right_y": 1030.080322265625
    },
    {
      "cls": 1,
      "landing_status": -1,
      "top_left_x": 559.0787353515625,
      "top_left_y": 551.0906372070312,
      "bottom_right_x": 593.624755859375,
      "bottom_right_y": 586.1531372070312
    }
  ],
  "detected_translations": [
    {
      "translation_x": 78.3611873626709,
      "translation_y": -57.445213317871094
    }
  ]
}