{
  "id": "frame_821",
  "user": "NPC-A\u0130",
  "frame": "frame_821",
  "detected_objects": [
    {
      "cls": 0.0,
      "top_left_x": 1617.0648193359375,
      "top_left_y": 294.766357421875,
      "bottom_right_x": 1840.4027099609375,
      "bottom_right_y": 390.644287109375
    },
    {
      "cls": 1.0,
      "top_left_x": 469.690185546875,
      "top_left_y": 536.4052734375,
      "bottom_right_x": 522.9505615234375,
      "bottom_right_y": 562.117431640625
    },
    {
      "cls": 0.0,
      "top_left_x": 1587.42529296875,
      "top_left_y": 958.01806640625,
      "bottom_right_x": 1674.322265625,
      "bottom_right_y": 1079.38525390625
    },
    {
      "cls": 1.0,
      "top_left_x": 303.25213623046875,
      "top_left_y": 120.52763366699219,
      "bottom_right_x": 341.5111083984375,
      "bottom_right_y": 147.71812438964844
    }
  ],
  "detected_translations": [
    {
      "translation_x": 7.47021484375,
      "translation_y": 113.31158752441407
    }
  ]
}