{
  "id": "frame_845",
  "user": "NPC-A\u0130",
  "frame": "frame_845",
  "detected_objects": [
    {
      "cls": 0.0,
      "top_left_x": 1135.91259765625,
      "top_left_y": 297.81951904296875,
      "bottom_right_x": 1336.37548828125,
      "bottom_right_y": 390.90899658203125
    },
    {
      "cls": 1.0,
      "top_left_x": 127.20198059082031,
      "top_left_y": 131.21572875976562,
      "bottom_right_x": 181.31895446777344,
      "bottom_right_y": 162.99917602539062
    },
    {
      "cls": 1.0,
      "top_left_x": 196.99359130859375,
      "top_left_y": 546.3645629882812,
      "bottom_right_x": 266.4095764160156,
      "bottom_right_y": 572.6846313476562
    },
    {
      "cls": 0.0,
      "top_left_x": 1359.85791015625,
      "top_left_y": 964.81689453125,
      "bottom_right_x": 1440.6064453125,
      "bottom_right_y": 1079.620361328125
    }
  ],
  "detected_translations": [
    {
      "translation_x": 13.812026977539062,
      "translation_y": 113.92404479980469
    }
  ]
}