{
  "id": "frame_114",
  "user": "NPC-A\u0130",
  "frame": "frame_114",
  "detected_objects": [
    {
      "cls": 1.0,
      "top_left_x": 1324.54150390625,
      "top_left_y": 312.0489196777344,
      "bottom_right_x": 1360.04150390625,
      "bottom_right_y": 345.2582702636719
    }
  ],
  "detected_translations": [
    {
      "translation_x": 0.2278839111328125,
      "translation_y": 2.1028518676757812
    }
  ]
}