{
  "id": "frame_988",
  "user": "NPC-A\u0130",
  "frame": "frame_988",
  "detected_objects": [
    {
      "cls": 0.0,
      "top_left_x": 180.128662109375,
      "top_left_y": 413.67047119140625,
      "bottom_right_x": 364.15692138671875,
      "bottom_right_y": 503.40582275390625
    },
    {
      "cls": 0.0,
      "top_left_x": 999.614990234375,
      "top_left_y": 819.076171875,
      "bottom_right_x": 1104.37353515625,
      "bottom_right_y": 1055.9588623046875
    },
    {
      "cls": 1.0,
      "top_left_x": 1630.3173828125,
      "top_left_y": 816.59521484375,
      "bottom_right_x": 1701.0859375,
      "bottom_right_y": 852.870849609375
    },
    {
      "cls": 1.0,
      "top_left_x": 1599.756103515625,
      "top_left_y": 342.47412109375,
      "bottom_right_x": 1675.188232421875,
      "bottom_right_y": 375.06298828125
    }
  ],
  "detected_translations": [
    {
      "translation_x": 63.76192932128906,
      "translation_y": 117.3640121459961
    }
  ]
}