{
  "id": "frame_717",
  "user": "NPC-A\u0130",
  "frame": "frame_717",
  "detected_objects": [
    {
      "cls": 1.0,
      "top_left_x": 1035.4671630859375,
      "top_left_y": 342.9334716796875,
      "bottom_right_x": 1060.0308837890625,
      "bottom_right_y": 369.8609619140625
    },
    {
      "cls": 1.0,
      "top_left_x": 931.4829711914062,
      "top_left_y": 329.5279846191406,
      "bottom_right_x": 954.4224243164062,
      "bottom_right_y": 358.4161682128906
    }
  ],
  "detected_translations": [
    {
      "translation_x": -3.092828369140625,
      "translation_y": 108.74070587158204
    }
  ]
}