{
  "id": "frame_1471",
  "user": "NPC-A\u0130",
  "frame": "frame_1471",
  "detected_objects": [
    {
      "cls": 1.0,
      "top_left_x": 384.524658203125,
      "top_left_y": 188.75192260742188,
      "bottom_right_x": 424.9091796875,
      "bottom_right_y": 222.95956420898438
    }
  ],
  "detected_translations": [
    {
      "translation_x": 77.94450340270996,
      "translation_y": -24.445771789550783
    }
  ]
}