{
  "id": "frame_2000",
  "user": "NPC-A\u0130",
  "frame": "frame_2000",
  "detected_objects": [
    {
      "cls": 0.0,
      "top_left_x": 0.0,
      "top_left_y": 961.9779052734375,
      "bottom_right_x": 87.62660217285156,
      "bottom_right_y": 1049.9063720703125
    },
    {
      "cls": 0.0,
      "top_left_x": 1878.64453125,
      "top_left_y": 919.4599609375,
      "bottom_right_x": 1920.0,
      "bottom_right_y": 1021.3521728515625
    }
  ],
  "detected_translations": [
    {
      "translation_x": -1.6461017608642579,
      "translation_y": -60.522623443603514
    }
  ]
}