{
  "id": "frame_526",
  "user": "NPC-A\u0130",
  "frame": "frame_526",
  "detected_objects": [
    {
      "cls": 0.0,
      "top_left_x": 1781.513427734375,
      "top_left_y": 103.36084747314453,
      "bottom_right_x": 1920.0,
      "bottom_right_y": 191.9005126953125
    }
  ],
  "detected_translations": [
    {
      "translation_x": -2.0505584716796874,
      "translation_y": 65.46490631103515
    }
  ]
}