{
  "id": "frame_2658",
  "user": "NPC-A\u0130",
  "frame": "frame_2658",
  "detected_objects": [
    {
      "cls": 1.0,
      "top_left_x": 1167.2529296875,
      "top_left_y": 54.77790451049805,
      "bottom_right_x": 1190.37841796875,
      "bottom_right_y": 78.07917785644531
    },
    {
      "cls": 1.0,
      "top_left_x": 1807.216796875,
      "top_left_y": 283.492431640625,
      "bottom_right_x": 1858.2568359375,
      "bottom_right_y": 311.0679931640625
    },
    {
      "cls": 1.0,
      "top_left_x": 864.0186767578125,
      "top_left_y": 79.27816772460938,
      "bottom_right_x": 899.8255615234375,
      "bottom_right_y": 107.6116943359375
    }
  ],
  "detected_translations": [
    {
      "translation_x": -76.09212379455566,
      "translation_y": -25.681986999511718
    }
  ]
}