{
  "id": "frame_251",
  "user": "NPC-A\u0130",
  "frame": "frame_251",
  "detected_objects": [
    {
      "cls": 1.0,
      "top_left_x": 1360.639892578125,
      "top_left_y": 856.5217895507812,
      "bottom_right_x": 1395.840087890625,
      "bottom_right_y": 890.9343872070312
    }
  ],
  "detected_translations": [
    {
      "translation_x": -0.8530548095703125,
      "translation_y": 13.964711761474609
    }
  ]
}