{
  "id": "frame_3226",
  "user": "NPC-AI",
  "frame": "frame_3226",
  "detected_objects": [
    {
      "cls": 1,
      "landing_status": -1,
      "top_left_x": 1686.045654296875,
      "top_left_y": 165.3170166015625,
      "bottom_right_x": 1751.991943359375,
      "bottom_right_y": 201.26959228515625
    }
  ],
  "detected_translations": [
    {
      "translation_x": 1.708498764038086,
      "translation_y": -38.07170028686524
    }
  ]
}