{
  "id": "frame_565",
  "user": "NPC-A\u0130",
  "frame": "frame_565",
  "detected_objects": [
    {
      "cls": 0.0,
      "top_left_x": 1773.599365234375,
      "top_left_y": 542.9896240234375,
      "bottom_right_x": 1920.0,
      "bottom_right_y": 627.1173095703125
    }
  ],
  "detected_translations": [
    {
      "translation_x": -1.5445388793945312,
      "translation_y": 73.57706298828126
    }
  ]
}