{
  "id": "frame_89",
  "user": "NPC-A\u0130",
  "frame": "frame_89",
  "detected_objects": [
    {
      "cls": 1.0,
      "top_left_x": 1312.822509765625,
      "top_left_y": 236.12841796875,
      "bottom_right_x": 1347.508056640625,
      "bottom_right_y": 269.24658203125
    }
  ],
  "detected_translations": [
    {
      "translation_x": 0.0695709228515625,
      "translation_y": 0.8361312866210937
    }
  ]
}