{
  "id": "frame_679",
  "user": "NPC-AI",
  "frame": "frame_679",
  "detected_objects": [
    {
      "cls": 1,
      "landing_status": -1,
      "top_left_x": 1099.9130859375,
      "top_left_y": 24.721677780151367,
      "bottom_right_x": 1139.7919921875,
      "bottom_right_y": 62.682769775390625
    },
    {
      "cls": 1,
      "landing_status": -1,
      "top_left_x": 1001.0302734375,
      "top_left_y": 18.659629821777344,
      "bottom_right_x": 1039.54541015625,
      "bottom_right_y": 59.031463623046875
    },
    {
      "cls": 1,
      "landing_status": -1,
      "top_left_x": 1004.7330932617188,
      "top_left_y": 51.630924224853516,
      "bottom_right_x": 1045.372314453125,
      "bottom_right_y": 85.57925415039062
    }
  ],
  "detected_translations": [
    {
      "translation_x": -3.161602783203125,
      "translation_y": 100.3245018005371
    }
  ]
}