{
  "id": "frame_3299",
  "user": "NPC-AI",
  "frame": "frame_3299",
  "detected_objects": [
    {
      "cls": 1,
      "landing_status": -1,
      "top_left_x": 968.9127197265625,
      "top_left_y": 239.57838439941406,
      "bottom_right_x": 1004.9893798828125,
      "bottom_right_y": 273.091064453125
    }
  ],
  "detected_translations": [
    {
      "translation_x": 25.802187728881837,
      "translation_y": -36.34936370849609
    }
  ]
}