{
  "id": "frame_580",
  "user": "NPC-A\u0130",
  "frame": "frame_580",
  "detected_objects": [
    {
      "cls": 0.0,
      "top_left_x": 1769.07421875,
      "top_left_y": 706.4688720703125,
      "bottom_right_x": 1920.0,
      "bottom_right_y": 795.0152587890625
    }
  ],
  "detected_translations": [
    {
      "translation_x": -1.7667098999023438,
      "translation_y": 76.79598236083984
    }
  ]
}