{
  "id": "frame_730",
  "user": "NPC-A\u0130",
  "frame": "frame_730",
  "detected_objects": [
    {
      "cls": 1.0,
      "top_left_x": 1012.2005615234375,
      "top_left_y": 397.119384765625,
      "bottom_right_x": 1039.6036376953125,
      "bottom_right_y": 423.719970703125
    },
    {
      "cls": 1.0,
      "top_left_x": 909.5369262695312,
      "top_left_y": 382.81976318359375,
      "bottom_right_x": 933.5289916992188,
      "bottom_right_y": 412.07232666015625
    }
  ],
  "detected_translations": [
    {
      "translation_x": -2.6287353515625,
      "translation_y": 110.11271209716797
    }
  ]
}