{
  "id": "frame_850",
  "user": "NPC-A\u0130",
  "frame": "frame_850",
  "detected_objects": [
    {
      "cls": 0.0,
      "top_left_x": 1032.504150390625,
      "top_left_y": 298.15533447265625,
      "bottom_right_x": 1229.656982421875,
      "bottom_right_y": 390.98272705078125
    },
    {
      "cls": 1.0,
      "top_left_x": 86.93583679199219,
      "top_left_y": 133.69061279296875,
      "bottom_right_x": 137.9510498046875,
      "bottom_right_y": 162.62115478515625
    },
    {
      "cls": 1.0,
      "top_left_x": 136.77554321289062,
      "top_left_y": 547.3668212890625,
      "bottom_right_x": 188.86416625976562,
      "bottom_right_y": 573.6495361328125
    }
  ],
  "detected_translations": [
    {
      "translation_x": 15.674093627929688,
      "translation_y": 113.58132476806641
    }
  ]
}