{
  "id": "frame_861",
  "user": "NPC-A\u0130",
  "frame": "frame_861",
  "detected_objects": [
    {
      "cls": 0.0,
      "top_left_x": 801.7095336914062,
      "top_left_y": 303.0496520996094,
      "bottom_right_x": 995.6442260742188,
      "bottom_right_y": 390.2243347167969
    },
    {
      "cls": 0.0,
      "top_left_x": 1118.324951171875,
      "top_left_y": 0.0,
      "bottom_right_x": 1200.420654296875,
      "bottom_right_y": 140.0229034423828
    },
    {
      "cls": 1.0,
      "top_left_x": 1.3891525268554688,
      "top_left_y": 553.3863525390625,
      "bottom_right_x": 50.92491912841797,
      "bottom_right_y": 579.1434326171875
    },
    {
      "cls": 1.0,
      "top_left_x": 0.11397171020507812,
      "top_left_y": 137.93362426757812,
      "bottom_right_x": 50.34359359741211,
      "bottom_right_y": 165.13217163085938
    }
  ],
  "detected_translations": [
    {
      "translation_x": 18.657809448242187,
      "translation_y": 113.81795196533203
    }
  ]
}