{
  "id": "frame_678",
  "user": "NPC-A\u0130",
  "frame": "frame_678",
  "detected_objects": [
    {
      "cls": 1.0,
      "top_left_x": 1100.586669921875,
      "top_left_y": 13.996143341064453,
      "bottom_right_x": 1140.619873046875,
      "bottom_right_y": 52.3838996887207
    }
  ],
  "detected_translations": [
    {
      "translation_x": -2.98125,
      "translation_y": 100.02707443237304
    }
  ]
}