{
  "id": "frame_921",
  "user": "NPC-A\u0130",
  "frame": "frame_921",
  "detected_objects": [
    {
      "cls": 0.0,
      "top_left_x": 379.7845764160156,
      "top_left_y": 3.93450927734375,
      "bottom_right_x": 477.6252136230469,
      "bottom_right_y": 182.4273681640625
    }
  ],
  "detected_translations": [
    {
      "translation_x": 37.763404846191406,
      "translation_y": 116.20208129882812
    }
  ]
}