{
  "id": "frame_922",
  "user": "NPC-A\u0130",
  "frame": "frame_922",
  "detected_objects": [
    {
      "cls": 0.0,
      "top_left_x": 366.13702392578125,
      "top_left_y": 4.59173583984375,
      "bottom_right_x": 464.74041748046875,
      "bottom_right_y": 183.02740478515625
    }
  ],
  "detected_translations": [
    {
      "translation_x": 38.097216796875,
      "translation_y": 116.04403839111328
    }
  ]
}