{
  "id": "frame_261",
  "user": "NPC-A\u0130",
  "frame": "frame_261",
  "detected_objects": [
    {
      "cls": 1.0,
      "top_left_x": 1361.62548828125,
      "top_left_y": 891.4429931640625,
      "bottom_right_x": 1397.427978515625,
      "bottom_right_y": 928.661865234375
    }
  ],
  "detected_translations": [
    {
      "translation_x": -0.5403839111328125,
      "translation_y": 14.69649887084961
    }
  ]
}