{
  "id": "frame_3302",
  "user": "NPC-AI",
  "frame": "frame_3302",
  "detected_objects": [
    {
      "cls": 1,
      "landing_status": -1,
      "top_left_x": 814.084716796875,
      "top_left_y": 971.2142333984375,
      "bottom_right_x": 845.7890625,
      "bottom_right_y": 1003.8818359375
    }
  ],
  "detected_translations": [
    {
      "translation_x": 26.831473922729494,
      "translation_y": -36.366407775878905
    }
  ]
}