{
  "id": "frame_27",
  "user": "NPC-AI",
  "frame": "frame_27",
  "detected_objects": [
    {
      "cls": 1,
      "landing_status": -1,
      "top_left_x": 1283.8837890625,
      "top_left_y": 204.1505126953125,
      "bottom_right_x": 1316.18115234375,
      "bottom_right_y": 237.055908203125
    }
  ],
  "detected_translations": [
    {
      "translation_x": -0.08272705078125,
      "translation_y": 0.105487060546875
    }
  ]
}