{
  "id": "frame_52",
  "user": "NPC-AI",
  "frame": "frame_52",
  "detected_objects": [
    {
      "cls": 1,
      "landing_status": -1,
      "top_left_x": 1295.940673828125,
      "top_left_y": 209.91664123535156,
      "bottom_right_x": 1327.966552734375,
      "bottom_right_y": 244.1984405517578
    },
    {
      "cls": 1,
      "landing_status": -1,
      "top_left_x": 1692.6854248046875,
      "top_left_y": 744.884521484375,
      "bottom_right_x": 1737.9530029296875,
      "bottom_right_y": 786.978271484375
    },
    {
      "cls": 1,
      "landing_status": -1,
      "top_left_x": 1715.049560546875,
      "top_left_y": 768.533935546875,
      "bottom_right_x": 1745.821044921875,
      "bottom_right_y": 786.77294921875
    }
  ],
  "detected_translations": [
    {
      "translation_x": 0.1050994873046875,
      "translation_y": 0.4638824462890625
    }
  ]
}