{
  "id": "frame_1342",
  "user": "NPC-AI",
  "frame": "frame_1342",
  "detected_objects": [
    {
      "cls": 1,
      "landing_status": -1,
      "top_left_x": 1178.481201171875,
      "top_left_y": 337.51904296875,
      "bottom_right_x": 1203.220458984375,
      "bottom_right_y": 380.3990478515625
    },
    {
      "cls": 1,
      "landing_status": -1,
      "top_left_x": 1147.03515625,
      "top_left_y": 345.020263671875,
      "bottom_right_x": 1172.01904296875,
      "bottom_right_y": 376.7213134765625
    },
    {
      "cls": 0,
      "landing_status": -1,
      "top_left_x": 880.14306640625,
      "top_left_y": 1037.842041015625,
      "bottom_right_x": 897.38720703125,
      "bottom_right_y": 1078.394775390625
    }
  ],
  "detected_translations": [
    {
      "translation_x": 78.80159645080566,
      "translation_y": 23.80332260131836
    }
  ]
}