{
  "id": "frame_852",
  "user": "NPC-A\u0130",
  "frame": "frame_852",
  "detected_objects": [
    {
      "cls": 0.0,
      "top_left_x": 990.2827758789062,
      "top_left_y": 297.77227783203125,
      "bottom_right_x": 1187.29638671875,
      "bottom_right_y": 390.97637939453125
    },
    {
      "cls": 1.0,
      "top_left_x": 70.26496887207031,
      "top_left_y": 134.490234375,
      "bottom_right_x": 119.19216918945312,
      "bottom_right_y": 161.87728881835938
    },
    {
      "cls": 1.0,
      "top_left_x": 113.18441772460938,
      "top_left_y": 547.85009765625,
      "bottom_right_x": 164.52349853515625,
      "bottom_right_y": 572.924560546875
    }
  ],
  "detected_translations": [
    {
      "translation_x": 16.27479248046875,
      "translation_y": 113.57907409667969
    }
  ]
}