{
  "id": "frame_3284",
  "user": "NPC-AI",
  "frame": "frame_3284",
  "detected_objects": [
    {
      "cls": 1,
      "landing_status": -1,
      "top_left_x": 1200.035888671875,
      "top_left_y": 199.5518798828125,
      "bottom_right_x": 1236.228271484375,
      "bottom_right_y": 237.254150390625
    }
  ],
  "detected_translations": [
    {
      "translation_x": 19.947048568725585,
      "translation_y": -36.794741821289065
    }
  ]
}