{
  "id": "frame_152",
  "user": "NPC-A\u0130",
  "frame": "frame_152",
  "detected_objects": [
    {
      "cls": 1.0,
      "top_left_x": 1336.720947265625,
      "top_left_y": 474.2947082519531,
      "bottom_right_x": 1374.279541015625,
      "bottom_right_y": 503.3893737792969
    }
  ],
  "detected_translations": [
    {
      "translation_x": 0.1173828125,
      "translation_y": 5.972005462646484
    }
  ]
}