{
  "id": "frame_2301",
  "user": "NPC-AI",
  "frame": "frame_2301",
  "detected_objects": [
    {
      "cls": 1,
      "landing_status": -1,
      "top_left_x": 19.55219268798828,
      "top_left_y": 153.18719482421875,
      "bottom_right_x": 54.95729064941406,
      "bottom_right_y": 186.60842895507812
    }
  ],
  "detected_translations": [
    {
      "translation_x": -9.036394119262695,
      "translation_y": -14.359039306640625
    }
  ]
}