{
  "id": "frame_1114",
  "user": "NPC-AI",
  "frame": "frame_1114",
  "detected_objects": [
    {
      "cls": 0,
      "landing_status": -1,
      "top_left_x": 322.21954345703125,
      "top_left_y": 331.76605224609375,
      "bottom_right_x": 426.78155517578125,
      "bottom_right_y": 570.7432861328125
    },
    {
      "cls": 0,
      "landing_status": -1,
      "top_left_x": 122.52606201171875,
      "top_left_y": 47.51983642578125,
      "bottom_right_x": 338.26556396484375,
      "bottom_right_y": 150.48187255859375
    },
    {
      "cls": 0,
      "landing_status": -1,
      "top_left_x": 1712.6353759765625,
      "top_left_y": 0.0,
      "bottom_right_x": 1919.9068603515625,
      "bottom_right_y": 47.66532897949219
    },
    {
      "cls": 0,
      "landing_status": -1,
      "top_left_x": 929.438720703125,
      "top_left_y": 0.0,
      "bottom_right_x": 1140.27392578125,
      "bottom_right_y": 40.87652587890625
    }
  ],
  "detected_translations": [
    {
      "translation_x": 82.03162994384766,
      "translation_y": 105.23347778320313
    }
  ]
}