{
  "id": "frame_1144",
  "user": "NPC-A\u0130",
  "frame": "frame_1144",
  "detected_objects": [
    {
      "cls": 0.0,
      "top_left_x": 318.1474609375,
      "top_left_y": 22.232223510742188,
      "bottom_right_x": 420.3236083984375,
      "bottom_right_y": 251.1029815673828
    }
  ],
  "detected_translations": [
    {
      "translation_x": 81.50585861206055,
      "translation_y": 96.98566360473633
    }
  ]
}