{
  "id": "frame_563",
  "user": "NPC-AI",
  "frame": "frame_563",
  "detected_objects": [
    {
      "cls": 0,
      "landing_status": -1,
      "top_left_x": 1773.536865234375,
      "top_left_y": 518.893310546875,
      "bottom_right_x": 1920.0,
      "bottom_right_y": 603.07470703125
    }
  ],
  "detected_translations": [
    {
      "translation_x": -1.6423004150390625,
      "translation_y": 73.29805755615234
    }
  ]
}