{
  "id": "frame_714",
  "user": "NPC-AI",
  "frame": "frame_714",
  "detected_objects": [
    {
      "cls": 1,
      "landing_status": -1,
      "top_left_x": 1036.364501953125,
      "top_left_y": 325.94305419921875,
      "bottom_right_x": 1065.731689453125,
      "bottom_right_y": 352.67877197265625
    },
    {
      "cls": 1,
      "landing_status": -1,
      "top_left_x": 939.406494140625,
      "top_left_y": 346.70660400390625,
      "bottom_right_x": 973.257080078125,
      "bottom_right_y": 371.41754150390625
    },
    {
      "cls": 1,
      "landing_status": -1,
      "top_left_x": 932.7342529296875,
      "top_left_y": 312.9732971191406,
      "bottom_right_x": 962.4517822265625,
      "bottom_right_y": 340.8465881347656
    }
  ],
  "detected_translations": [
    {
      "translation_x": -3.1064361572265624,
      "translation_y": 108.22554321289063
    }
  ]
}