{
  "id": "frame_1537",
  "user": "NPC-AI",
  "frame": "frame_1537",
  "detected_objects": [
    {
      "cls": 1,
      "landing_status": -1,
      "top_left_x": 551.0093994140625,
      "top_left_y": 960.4596557617188,
      "bottom_right_x": 593.2781982421875,
      "bottom_right_y": 1015.3353881835938
    }
  ],
  "detected_translations": [
    {
      "translation_x": 78.12884941101075,
      "translation_y": -47.877568054199216
    }
  ]
}