{
  "id": "frame_3253",
  "user": "NPC-AI",
  "frame": "frame_3253",
  "detected_objects": [
    {
      "cls": 1,
      "landing_status": -1,
      "top_left_x": 1686.902587890625,
      "top_left_y": 97.57041931152344,
      "bottom_right_x": 1740.780517578125,
      "bottom_right_y": 144.2301483154297
    }
  ],
  "detected_translations": [
    {
      "translation_x": 9.751723861694336,
      "translation_y": -37.78062133789062
    }
  ]
}