{
  "id": "frame_923",
  "user": "NPC-A\u0130",
  "frame": "frame_923",
  "detected_objects": [
    {
      "cls": 0.0,
      "top_left_x": 354.0314025878906,
      "top_left_y": 5.407928466796875,
      "bottom_right_x": 452.3769226074219,
      "bottom_right_y": 183.91213989257812
    }
  ],
  "detected_translations": [
    {
      "translation_x": 38.369381713867185,
      "translation_y": 115.95775451660157
    }
  ]
}