{
  "id": "frame_60",
  "user": "NPC-A\u0130",
  "frame": "frame_60",
  "detected_objects": [
    {
      "cls": 1.0,
      "top_left_x": 1298.59130859375,
      "top_left_y": 210.743896484375,
      "bottom_right_x": 1332.01904296875,
      "bottom_right_y": 245.13043212890625
    },
    {
      "cls": 1.0,
      "top_left_x": 1717.71484375,
      "top_left_y": 793.82568359375,
      "bottom_right_x": 1745.685546875,
      "bottom_right_y": 808.12255859375
    }
  ],
  "detected_translations": [
    {
      "translation_x": 0.2237030029296875,
      "translation_y": 0.5180633544921875
    }
  ]
}