{
  "id": "frame_1422",
  "user": "NPC-AI",
  "frame": "frame_1422",
  "detected_objects": [
    {
      "cls": 1,
      "landing_status": -1,
      "top_left_x": 1253.310791015625,
      "top_left_y": 17.788848876953125,
      "bottom_right_x": 1285.987060546875,
      "bottom_right_y": 67.21639251708984
    },
    {
      "cls": 1,
      "landing_status": -1,
      "top_left_x": 1215.8966064453125,
      "top_left_y": 0.0,
      "bottom_right_x": 1246.3382568359375,
      "bottom_right_y": 38.18231201171875
    },
    {
      "cls": 1,
      "landing_status": -1,
      "top_left_x": 1282.8564453125,
      "top_left_y": 0.0,
      "bottom_right_x": 1315.50830078125,
      "bottom_right_y": 38.71318054199219
    },
    {
      "cls": 1,
      "landing_status": -1,
      "top_left_x": 481.3643798828125,
      "top_left_y": 950.8274536132812,
      "bottom_right_x": 519.902587890625,
      "bottom_right_y": 988.4042358398438
    }
  ],
  "detected_translations": [
    {
      "translation_x": 78.14577217102051,
      "translation_y": -5.618821716308593
    }
  ]
}