{
  "id": "frame_274",
  "user": "NPC-A\u0130",
  "frame": "frame_274",
  "detected_objects": [
    {
      "cls": 1.0,
      "top_left_x": 1363.9884033203125,
      "top_left_y": 939.0975341796875,
      "bottom_right_x": 1399.7796630859375,
      "bottom_right_y": 976.6004638671875
    }
  ],
  "detected_translations": [
    {
      "translation_x": -0.4381378173828125,
      "translation_y": 15.802200317382812
    }
  ]
}