{
  "id": "frame_764",
  "user": "NPC-A\u0130",
  "frame": "frame_764",
  "detected_objects": [
    {
      "cls": 1.0,
      "top_left_x": 537.0151977539062,
      "top_left_y": 56.57903289794922,
      "bottom_right_x": 579.9583129882812,
      "bottom_right_y": 84.3207015991211
    },
    {
      "cls": 1.0,
      "top_left_x": 791.5386352539062,
      "top_left_y": 458.4465637207031,
      "bottom_right_x": 821.6203002929688,
      "bottom_right_y": 486.7645568847656
    }
  ],
  "detected_translations": [
    {
      "translation_x": -1.736029052734375,
      "translation_y": 111.98201141357421
    }
  ]
}