{
  "id": "frame_57",
  "user": "NPC-AI",
  "frame": "frame_57",
  "detected_objects": [
    {
      "cls": 1,
      "landing_status": -1,
      "top_left_x": 1298.6474609375,
      "top_left_y": 213.0264892578125,
      "bottom_right_x": 1330.3681640625,
      "bottom_right_y": 245.82745361328125
    },
    {
      "cls": 1,
      "landing_status": -1,
      "top_left_x": 1693.76513671875,
      "top_left_y": 753.1852416992188,
      "bottom_right_x": 1743.845703125,
      "bottom_right_y": 798.9380493164062
    }
  ],
  "detected_translations": [
    {
      "translation_x": 0.118841552734375,
      "translation_y": 0.43757781982421873
    }
  ]
}