{
  "id": "frame_237",
  "user": "NPC-A\u0130",
  "frame": "frame_237",
  "detected_objects": [
    {
      "cls": 1.0,
      "top_left_x": 1358.315185546875,
      "top_left_y": 809.07861328125,
      "bottom_right_x": 1393.131103515625,
      "bottom_right_y": 841.003173828125
    }
  ],
  "detected_translations": [
    {
      "translation_x": -0.859173583984375,
      "translation_y": 12.680569458007813
    }
  ]
}