{
  "id": "frame_531",
  "user": "NPC-AI",
  "frame": "frame_531",
  "detected_objects": [
    {
      "cls": 0,
      "landing_status": -1,
      "top_left_x": 1780.2529296875,
      "top_left_y": 158.20559692382812,
      "bottom_right_x": 1920.0,
      "bottom_right_y": 246.68209838867188
    }
  ],
  "detected_translations": [
    {
      "translation_x": -1.9811981201171875,
      "translation_y": 66.4225860595703
    }
  ]
}