{
  "id": "frame_1129",
  "user": "NPC-AI",
  "frame": "frame_1129",
  "detected_objects": [
    {
      "cls": 0,
      "landing_status": -1,
      "top_left_x": 322.3524169921875,
      "top_left_y": 181.3975067138672,
      "bottom_right_x": 418.073486328125,
      "bottom_right_y": 407.62200927734375
    }
  ],
  "detected_translations": [
    {
      "translation_x": 81.92790069580079,
      "translation_y": 101.32491302490234
    }
  ]
}