{
  "id": "frame_88",
  "user": "NPC-A\u0130",
  "frame": "frame_88",
  "detected_objects": [
    {
      "cls": 1.0,
      "top_left_x": 1312.7421875,
      "top_left_y": 234.79339599609375,
      "bottom_right_x": 1347.3935546875,
      "bottom_right_y": 266.6884765625
    }
  ],
  "detected_translations": [
    {
      "translation_x": 0.045306396484375,
      "translation_y": 0.8342132568359375
    }
  ]
}