{
  "id": "frame_1986",
  "user": "NPC-A\u0130",
  "frame": "frame_1986",
  "detected_objects": [
    {
      "cls": 0.0,
      "top_left_x": 45.56535339355469,
      "top_left_y": 841.80419921875,
      "bottom_right_x": 224.2492218017578,
      "bottom_right_y": 931.9000244140625
    },
    {
      "cls": 0.0,
      "top_left_x": 1394.32275390625,
      "top_left_y": 736.1656494140625,
      "bottom_right_x": 1601.9697265625,
      "bottom_right_y": 825.8543701171875
    },
    {
      "cls": 0.0,
      "top_left_x": 1867.70947265625,
      "top_left_y": 782.3326416015625,
      "bottom_right_x": 1920.0,
      "bottom_right_y": 879.1329345703125
    }
  ],
  "detected_translations": [
    {
      "translation_x": -1.8874988555908203,
      "translation_y": -63.59329605102539
    }
  ]
}