{
  "id": "frame_23",
  "user": "NPC-A\u0130",
  "frame": "frame_23",
  "detected_objects": [
    {
      "cls": 1.0,
      "top_left_x": 1708.1597900390625,
      "top_left_y": 694.3065185546875,
      "bottom_right_x": 1733.6016845703125,
      "bottom_right_y": 713.8629150390625
    }
  ],
  "detected_translations": [
    {
      "translation_x": -0.0949615478515625,
      "translation_y": 0.20639495849609374
    }
  ]
}