{
  "id": "frame_26",
  "user": "NPC-AI",
  "frame": "frame_26",
  "detected_objects": [
    {
      "cls": 1,
      "landing_status": -1,
      "top_left_x": 1283.4093017578125,
      "top_left_y": 204.41107177734375,
      "bottom_right_x": 1315.7813720703125,
      "bottom_right_y": 236.77606201171875
    }
  ],
  "detected_translations": [
    {
      "translation_x": -0.08514404296875,
      "translation_y": 0.1097198486328125
    }
  ]
}