{
  "id": "frame_976",
  "user": "NPC-A\u0130",
  "frame": "frame_976",
  "detected_objects": [
    {
      "cls": 0.0,
      "top_left_x": 525.2552490234375,
      "top_left_y": 411.0084228515625,
      "bottom_right_x": 710.3043212890625,
      "bottom_right_y": 502.955810546875
    },
    {
      "cls": 0.0,
      "top_left_x": 1186.972900390625,
      "top_left_y": 810.7838134765625,
      "bottom_right_x": 1285.916748046875,
      "bottom_right_y": 1021.4735107421875
    },
    {
      "cls": 1.0,
      "top_left_x": 1774.8330078125,
      "top_left_y": 331.3170166015625,
      "bottom_right_x": 1850.47607421875,
      "bottom_right_y": 364.2374267578125
    },
    {
      "cls": 1.0,
      "top_left_x": 1654.1805419921875,
      "top_left_y": 324.36566162109375,
      "bottom_right_x": 1713.9459228515625,
      "bottom_right_y": 356.7568359375
    }
  ],
  "detected_translations": [
    {
      "translation_x": 58.83577270507813,
      "translation_y": 116.94083251953126
    }
  ]
}