{
  "id": "frame_2379",
  "user": "NPC-AI",
  "frame": "frame_2379",
  "detected_objects": [
    {
      "cls": 1,
      "landing_status": -1,
      "top_left_x": 0.2142181396484375,
      "top_left_y": 493.49267578125,
      "bottom_right_x": 41.09454345703125,
      "bottom_right_y": 520.48876953125
    },
    {
      "cls": 1,
      "landing_status": -1,
      "top_left_x": 0.0376739501953125,
      "top_left_y": 24.222454071044922,
      "bottom_right_x": 36.7470703125,
      "bottom_right_y": 55.372371673583984
    }
  ],
  "detected_translations": [
    {
      "translation_x": -26.743906021118164,
      "translation_y": -14.373213195800782
    }
  ]
}