{
  "id": "frame_1009",
  "user": "NPC-A\u0130",
  "frame": "frame_1009",
  "detected_objects": [
    {
      "cls": 0.0,
      "top_left_x": 707.2957153320312,
      "top_left_y": 824.1456298828125,
      "bottom_right_x": 810.0109252929688,
      "bottom_right_y": 1060.0352783203125
    },
    {
      "cls": 1.0,
      "top_left_x": 1328.6279296875,
      "top_left_y": 354.2510986328125,
      "bottom_right_x": 1388.77490234375,
      "bottom_right_y": 386.825439453125
    },
    {
      "cls": 1.0,
      "top_left_x": 1350.35888671875,
      "top_left_y": 822.6129150390625,
      "bottom_right_x": 1402.07861328125,
      "bottom_right_y": 863.1329345703125
    },
    {
      "cls": 1.0,
      "top_left_x": 1230.6446533203125,
      "top_left_y": 346.00592041015625,
      "bottom_right_x": 1268.7186279296875,
      "bottom_right_y": 377.4737548828125
    }
  ],
  "detected_translations": [
    {
      "translation_x": 71.37153625488281,
      "translation_y": 117.8767333984375
    }
  ]
}