{
  "id": "frame_186",
  "user": "NPC-AI",
  "frame": "frame_186",
  "detected_objects": [
    {
      "cls": 1,
      "landing_status": -1,
      "top_left_x": 1346.92041015625,
      "top_left_y": 616.9083862304688,
      "bottom_right_x": 1383.72802734375,
      "bottom_right_y": 646.4005737304688
    }
  ],
  "detected_translations": [
    {
      "translation_x": 0.27381591796875,
      "translation_y": 8.825753784179687
    }
  ]
}