{
  "id": "frame_1418",
  "user": "NPC-AI",
  "frame": "frame_1418",
  "detected_objects": [
    {
      "cls": 1,
      "landing_status": -1,
      "top_left_x": 1281.29931640625,
      "top_left_y": 63.10516357421875,
      "bottom_right_x": 1313.95654296875,
      "bottom_right_y": 106.16603088378906
    },
    {
      "cls": 1,
      "landing_status": -1,
      "top_left_x": 1250.480224609375,
      "top_left_y": 86.61753845214844,
      "bottom_right_x": 1283.423583984375,
      "bottom_right_y": 130.14630126953125
    },
    {
      "cls": 1,
      "landing_status": -1,
      "top_left_x": 1214.4312744140625,
      "top_left_y": 65.96012878417969,
      "bottom_right_x": 1242.7806396484375,
      "bottom_right_y": 111.75181579589844
    },
    {
      "cls": 1,
      "landing_status": -1,
      "top_left_x": 485.52313232421875,
      "top_left_y": 1011.8668823242188,
      "bottom_right_x": 534.580322265625,
      "bottom_right_y": 1049.690673828125
    }
  ],
  "detected_translations": [
    {
      "translation_x": 78.20580024719239,
      "translation_y": -4.078667449951172
    }
  ]
}