{
  "id": "frame_1328",
  "user": "NPC-AI",
  "frame": "frame_1328",
  "detected_objects": [
    {
      "cls": 1,
      "landing_status": -1,
      "top_left_x": 1161.96826171875,
      "top_left_y": 561.845703125,
      "bottom_right_x": 1189.49169921875,
      "bottom_right_y": 599.304443359375
    },
    {
      "cls": 1,
      "landing_status": -1,
      "top_left_x": 1137.462890625,
      "top_left_y": 561.393310546875,
      "bottom_right_x": 1161.87744140625,
      "bottom_right_y": 594.4017333984375
    },
    {
      "cls": 1,
      "landing_status": -1,
      "top_left_x": 1676.30810546875,
      "top_left_y": 9.349861145019531,
      "bottom_right_x": 1720.3818359375,
      "bottom_right_y": 49.850975036621094
    }
  ],
  "detected_translations": [
    {
      "translation_x": 78.65844459533692,
      "translation_y": 28.492494964599608
    }
  ]
}