{
  "id": "frame_246",
  "user": "NPC-A\u0130",
  "frame": "frame_246",
  "detected_objects": [
    {
      "cls": 1.0,
      "top_left_x": 1360.704833984375,
      "top_left_y": 840.73974609375,
      "bottom_right_x": 1395.15380859375,
      "bottom_right_y": 873.02587890625
    }
  ],
  "detected_translations": [
    {
      "translation_x": -0.957305908203125,
      "translation_y": 13.57663803100586
    }
  ]
}