{
  "id": "frame_1455",
  "user": "NPC-AI",
  "frame": "frame_1455",
  "detected_objects": [
    {
      "cls": 1,
      "landing_status": -1,
      "top_left_x": 420.9336242675781,
      "top_left_y": 440.7088623046875,
      "bottom_right_x": 458.0823059082031,
      "bottom_right_y": 467.4111328125
    },
    {
      "cls": 1,
      "landing_status": -1,
      "top_left_x": 424.9899597167969,
      "top_left_y": 464.8794860839844,
      "bottom_right_x": 467.8275451660156,
      "bottom_right_y": 493.7661437988281
    }
  ],
  "detected_translations": [
    {
      "translation_x": 77.88101997375489,
      "translation_y": -18.205043029785156
    }
  ]
}