{
  "id": "frame_841",
  "user": "NPC-A\u0130",
  "frame": "frame_841",
  "detected_objects": [
    {
      "cls": 0.0,
      "top_left_x": 1218.49267578125,
      "top_left_y": 297.92901611328125,
      "bottom_right_x": 1421.33642578125,
      "bottom_right_y": 391.0093994140625
    },
    {
      "cls": 1.0,
      "top_left_x": 158.2831268310547,
      "top_left_y": 128.69137573242188,
      "bottom_right_x": 207.06044006347656,
      "bottom_right_y": 158.90750122070312
    },
    {
      "cls": 1.0,
      "top_left_x": 245.4076690673828,
      "top_left_y": 545.7191772460938,
      "bottom_right_x": 300.54583740234375,
      "bottom_right_y": 571.3910522460938
    },
    {
      "cls": 0.0,
      "top_left_x": 1400.829833984375,
      "top_left_y": 964.2728271484375,
      "bottom_right_x": 1481.689697265625,
      "bottom_right_y": 1079.5089111328125
    }
  ],
  "detected_translations": [
    {
      "translation_x": 12.75872802734375,
      "translation_y": 113.7974136352539
    }
  ]
}