{
  "id": "frame_2382",
  "user": "NPC-A\u0130",
  "frame": "frame_2382",
  "detected_objects": [
    {
      "cls": 1.0,
      "top_left_x": 17.660858154296875,
      "top_left_y": 500.16058349609375,
      "bottom_right_x": 68.02398681640625,
      "bottom_right_y": 522.4929809570312
    }
  ],
  "detected_translations": [
    {
      "translation_x": -27.544330215454103,
      "translation_y": -14.188670349121093
    }
  ]
}