{
  "id": "frame_205",
  "user": "NPC-AI",
  "frame": "frame_205",
  "detected_objects": [
    {
      "cls": 1,
      "landing_status": -1,
      "top_left_x": 1350.712646484375,
      "top_left_y": 691.7742919921875,
      "bottom_right_x": 1388.097900390625,
      "bottom_right_y": 722.0709228515625
    }
  ],
  "detected_translations": [
    {
      "translation_x": -0.2774749755859375,
      "translation_y": 10.255361175537109
    }
  ]
}