{
  "id": "frame_862",
  "user": "NPC-A\u0130",
  "frame": "frame_862",
  "detected_objects": [
    {
      "cls": 0.0,
      "top_left_x": 780.295654296875,
      "top_left_y": 303.93096923828125,
      "bottom_right_x": 973.32421875,
      "bottom_right_y": 390.33099365234375
    },
    {
      "cls": 0.0,
      "top_left_x": 1106.430419921875,
      "top_left_y": 0.2141265869140625,
      "bottom_right_x": 1188.545166015625,
      "bottom_right_y": 140.46292114257812
    },
    {
      "cls": 1.0,
      "top_left_x": 0.441314697265625,
      "top_left_y": 554.1063232421875,
      "bottom_right_x": 39.52766418457031,
      "bottom_right_y": 579.9874267578125
    }
  ],
  "detected_translations": [
    {
      "translation_x": 18.921649169921874,
      "translation_y": 113.8411376953125
    }
  ]
}