{
  "id": "frame_64",
  "user": "NPC-A\u0130",
  "frame": "frame_64",
  "detected_objects": [
    {
      "cls": 1.0,
      "top_left_x": 1300.28125,
      "top_left_y": 211.267578125,
      "bottom_right_x": 1334.641357421875,
      "bottom_right_y": 245.80685424804688
    }
  ],
  "detected_translations": [
    {
      "translation_x": 0.1235321044921875,
      "translation_y": 0.6132766723632812
    }
  ]
}