{
  "id": "frame_1131",
  "user": "NPC-AI",
  "frame": "frame_1131",
  "detected_objects": [
    {
      "cls": 0,
      "landing_status": -1,
      "top_left_x": 322.5709228515625,
      "top_left_y": 159.9982452392578,
      "bottom_right_x": 418.10345458984375,
      "bottom_right_y": 387.27838134765625
    }
  ],
  "detected_translations": [
    {
      "translation_x": 81.85422210693359,
      "translation_y": 100.85455474853515
    }
  ]
}