{
  "id": "frame_1028",
  "user": "NPC-A\u0130",
  "frame": "frame_1028",
  "detected_objects": [
    {
      "cls": 0.0,
      "top_left_x": 527.1072387695312,
      "top_left_y": 820.410888671875,
      "bottom_right_x": 632.3378295898438,
      "bottom_right_y": 1054.677734375
    },
    {
      "cls": 1.0,
      "top_left_x": 1186.7821044921875,
      "top_left_y": 828.3165283203125,
      "bottom_right_x": 1232.5574951171875,
      "bottom_right_y": 863.9532470703125
    },
    {
      "cls": 1.0,
      "top_left_x": 1183.18994140625,
      "top_left_y": 350.5235595703125,
      "bottom_right_x": 1227.674560546875,
      "bottom_right_y": 382.73687744140625
    },
    {
      "cls": 1.0,
      "top_left_x": 1079.6806640625,
      "top_left_y": 340.0246276855469,
      "bottom_right_x": 1129.38134765625,
      "bottom_right_y": 372.6497497558594
    }
  ],
  "detected_translations": [
    {
      "translation_x": 76.13064270019531,
      "translation_y": 117.65995788574219
    }
  ]
}