{
  "id": "frame_227",
  "user": "NPC-A\u0130",
  "frame": "frame_227",
  "detected_objects": [
    {
      "cls": 1.0,
      "top_left_x": 1355.8173828125,
      "top_left_y": 773.3612670898438,
      "bottom_right_x": 1392.4013671875,
      "bottom_right_y": 805.2074584960938
    }
  ],
  "detected_translations": [
    {
      "translation_x": -0.791534423828125,
      "translation_y": 11.870665740966796
    }
  ]
}