{
  "id": "frame_1427",
  "user": "NPC-AI",
  "frame": "frame_1427",
  "detected_objects": [
    {
      "cls": 1,
      "landing_status": -1,
      "top_left_x": 473.1600341796875,
      "top_left_y": 878.0186767578125,
      "bottom_right_x": 514.3140869140625,
      "bottom_right_y": 911.3748779296875
    },
    {
      "cls": 1,
      "landing_status": -1,
      "top_left_x": 474.07830810546875,
      "top_left_y": 904.0604858398438,
      "bottom_right_x": 521.5337524414062,
      "bottom_right_y": 937.8576049804688
    }
  ],
  "detected_translations": [
    {
      "translation_x": 78.13430061340333,
      "translation_y": -7.540487670898438
    }
  ]
}