{
  "id": "frame_1533",
  "user": "NPC-AI",
  "frame": "frame_1533",
  "detected_objects": [
    {
      "cls": 1,
      "landing_status": -1,
      "top_left_x": 549.8493041992188,
      "top_left_y": 1034.536376953125,
      "bottom_right_x": 589.9535522460938,
      "bottom_right_y": 1076.350830078125
    }
  ],
  "detected_translations": [
    {
      "translation_x": 78.17709617614746,
      "translation_y": -46.341593170166014
    }
  ]
}