{
  "id": "frame_870",
  "user": "NPC-AI",
  "frame": "frame_870",
  "detected_objects": [
    {
      "cls": 0,
      "landing_status": -1,
      "top_left_x": 1016.13818359375,
      "top_left_y": 0.0,
      "bottom_right_x": 1096.842041015625,
      "bottom_right_y": 145.09127807617188
    },
    {
      "cls": 0,
      "landing_status": -1,
      "top_left_x": 610.134521484375,
      "top_left_y": 305.2236328125,
      "bottom_right_x": 800.942138671875,
      "bottom_right_y": 390.4669189453125
    },
    {
      "cls": 1,
      "landing_status": -1,
      "top_left_x": 1229.47119140625,
      "top_left_y": 219.68179321289062,
      "bottom_right_x": 1267.58349609375,
      "bottom_right_y": 255.52395629882812
    },
    {
      "cls": 0,
      "landing_status": -1,
      "top_left_x": 1087.42138671875,
      "top_left_y": 977.839599609375,
      "bottom_right_x": 1168.05810546875,
      "bottom_right_y": 1078.531005859375
    }
  ],
  "detected_translations": [
    {
      "translation_x": 21.52684326171875,
      "translation_y": 114.01709594726563
    }
  ]
}