{
  "id": "frame_1561",
  "user": "NPC-A\u0130",
  "frame": "frame_1561",
  "detected_objects": [
    {
      "cls": 1.0,
      "top_left_x": 557.4829711914062,
      "top_left_y": 606.1341552734375,
      "bottom_right_x": 593.5512084960938,
      "bottom_right_y": 643.9490966796875
    }
  ],
  "detected_translations": [
    {
      "translation_x": 78.31969261169434,
      "translation_y": -56.09097747802734
    }
  ]
}