{
  "id": "frame_2525",
  "user": "NPC-A\u0130",
  "frame": "frame_2525",
  "detected_objects": [
    {
      "cls": 1.0,
      "top_left_x": 557.0616455078125,
      "top_left_y": 539.5192260742188,
      "bottom_right_x": 586.4239501953125,
      "bottom_right_y": 558.0850219726562
    },
    {
      "cls": 1.0,
      "top_left_x": 841.1787109375,
      "top_left_y": 588.2698364257812,
      "bottom_right_x": 872.1502685546875,
      "bottom_right_y": 650.1123657226562
    },
    {
      "cls": 1.0,
      "top_left_x": 1278.9786376953125,
      "top_left_y": 184.5848846435547,
      "bottom_right_x": 1314.0872802734375,
      "bottom_right_y": 211.06373596191406
    }
  ],
  "detected_translations": [
    {
      "translation_x": -63.75530891418457,
      "translation_y": -12.414392852783203
    }
  ]
}