{
  "id": "frame_2529",
  "user": "NPC-A\u0130",
  "frame": "frame_2529",
  "detected_objects": [
    {
      "cls": 1.0,
      "top_left_x": 571.1767578125,
      "top_left_y": 538.7862548828125,
      "bottom_right_x": 596.720947265625,
      "bottom_right_y": 560.4471435546875
    },
    {
      "cls": 1.0,
      "top_left_x": 1516.109375,
      "top_left_y": 806.5794677734375,
      "bottom_right_x": 1550.767578125,
      "bottom_right_y": 838.031494140625
    },
    {
      "cls": 1.0,
      "top_left_x": 1299.1103515625,
      "top_left_y": 180.6552276611328,
      "bottom_right_x": 1331.11865234375,
      "bottom_right_y": 205.97047424316406
    }
  ],
  "detected_translations": [
    {
      "translation_x": -64.33039741516113,
      "translation_y": -12.48508071899414
    }
  ]
}