{
  "id": "frame_53",
  "user": "NPC-A\u0130",
  "frame": "frame_53",
  "detected_objects": [
    {
      "cls": 1.0,
      "top_left_x": 1295.97900390625,
      "top_left_y": 209.05357360839844,
      "bottom_right_x": 1328.81982421875,
      "bottom_right_y": 244.49061584472656
    }
  ],
  "detected_translations": [
    {
      "translation_x": 0.0481842041015625,
      "translation_y": 0.4694000244140625
    }
  ]
}