{
  "id": "frame_1330",
  "user": "NPC-A\u0130",
  "frame": "frame_1330",
  "detected_objects": [
    {
      "cls": 1.0,
      "top_left_x": 1163.732177734375,
      "top_left_y": 533.753173828125,
      "bottom_right_x": 1191.990478515625,
      "bottom_right_y": 564.42529296875
    }
  ],
  "detected_translations": [
    {
      "translation_x": 78.68687171936035,
      "translation_y": 27.800479888916016
    }
  ]
}