{
  "id": "frame_1448",
  "user": "NPC-A\u0130",
  "frame": "frame_1448",
  "detected_objects": [
    {
      "cls": 1.0,
      "top_left_x": 432.9952392578125,
      "top_left_y": 553.3641967773438,
      "bottom_right_x": 472.6533203125,
      "bottom_right_y": 578.8806762695312
    }
  ],
  "detected_translations": [
    {
      "translation_x": 77.86595191955567,
      "translation_y": -15.342681884765625
    }
  ]
}