{
  "id": "frame_2669",
  "user": "NPC-A\u0130",
  "frame": "frame_2669",
  "detected_objects": [
    {
      "cls": 1.0,
      "top_left_x": 1827.533203125,
      "top_left_y": 224.04925537109375,
      "bottom_right_x": 1878.205078125,
      "bottom_right_y": 252.67465209960938
    },
    {
      "cls": 1.0,
      "top_left_x": 1429.1669921875,
      "top_left_y": 98.89483642578125,
      "bottom_right_x": 1450.8486328125,
      "bottom_right_y": 132.80126953125
    }
  ],
  "detected_translations": [
    {
      "translation_x": -76.9105670928955,
      "translation_y": -26.909307861328124
    }
  ]
}