{
  "id": "frame_2705",
  "user": "NPC-A\u0130",
  "frame": "frame_2705",
  "detected_objects": [
    {
      "cls": 1.0,
      "top_left_x": 1887.841796875,
      "top_left_y": 42.90215301513672,
      "bottom_right_x": 1920.0,
      "bottom_right_y": 68.72992706298828
    }
  ],
  "detected_translations": [
    {
      "translation_x": -78.74828987121582,
      "translation_y": -31.966567993164062
    }
  ]
}