{
  "id": "frame_1452",
  "user": "NPC-AI",
  "frame": "frame_1452",
  "detected_objects": [
    {
      "cls": 1,
      "landing_status": -1,
      "top_left_x": 424.64117431640625,
      "top_left_y": 487.8387451171875,
      "bottom_right_x": 470.33831787109375,
      "bottom_right_y": 514.640869140625
    },
    {
      "cls": 1,
      "landing_status": -1,
      "top_left_x": 431.9814453125,
      "top_left_y": 512.7171630859375,
      "bottom_right_x": 471.1920166015625,
      "bottom_right_y": 541.1065673828125
    }
  ],
  "detected_translations": [
    {
      "translation_x": 77.79354438781738,
      "translation_y": -16.985450744628906
    }
  ]
}