{
  "id": "frame_2386",
  "user": "NPC-A\u0130",
  "frame": "frame_2386",
  "detected_objects": [
    {
      "cls": 1.0,
      "top_left_x": 54.99662780761719,
      "top_left_y": 507.74609375,
      "bottom_right_x": 98.51925659179688,
      "bottom_right_y": 526.9183349609375
    },
    {
      "cls": 1.0,
      "top_left_x": 37.44329833984375,
      "top_left_y": 29.877723693847656,
      "bottom_right_x": 81.67593383789062,
      "bottom_right_y": 54.21392822265625
    }
  ],
  "detected_translations": [
    {
      "translation_x": -28.566528701782225,
      "translation_y": -14.238615417480469
    }
  ]
}