{
  "id": "frame_195",
  "user": "NPC-A\u0130",
  "frame": "frame_195",
  "detected_objects": [
    {
      "cls": 1.0,
      "top_left_x": 1348.8218994140625,
      "top_left_y": 653.7093505859375,
      "bottom_right_x": 1385.6773681640625,
      "bottom_right_y": 683.3587646484375
    }
  ],
  "detected_translations": [
    {
      "translation_x": 0.0470001220703125,
      "translation_y": 9.573021697998048
    }
  ]
}