{
  "id": "frame_548",
  "user": "NPC-AI",
  "frame": "frame_548",
  "detected_objects": [
    {
      "cls": 0,
      "landing_status": -1,
      "top_left_x": 1776.411376953125,
      "top_left_y": 350.9132080078125,
      "bottom_right_x": 1920.0,
      "bottom_right_y": 436.133544921875
    }
  ],
  "detected_translations": [
    {
      "translation_x": -1.99591064453125,
      "translation_y": 69.99364166259765
    }
  ]
}