{
  "id": "frame_895",
  "user": "NPC-AI",
  "frame": "frame_895",
  "detected_objects": [
    {
      "cls": 0,
      "landing_status": -1,
      "top_left_x": 716.9713745117188,
      "top_left_y": 0.0,
      "bottom_right_x": 803.5217895507812,
      "bottom_right_y": 159.36038208007812
    },
    {
      "cls": 0,
      "landing_status": -1,
      "top_left_x": 64.45314025878906,
      "top_left_y": 306.94769287109375,
      "bottom_right_x": 251.61732482910156,
      "bottom_right_y": 392.70062255859375
    },
    {
      "cls": 0,
      "landing_status": -1,
      "top_left_x": 789.8687744140625,
      "top_left_y": 994.4285888671875,
      "bottom_right_x": 870.8372802734375,
      "bottom_right_y": 1077.4815673828125
    },
    {
      "cls": 1,
      "landing_status": -1,
      "top_left_x": 981.5582275390625,
      "top_left_y": 232.8123779296875,
      "bottom_right_x": 1023.3970947265625,
      "bottom_right_y": 266.75555419921875
    }
  ],
  "detected_translations": [
    {
      "translation_x": 29.738650512695312,
      "translation_y": 114.6862075805664
    }
  ]
}