{
  "id": "frame_40",
  "user": "NPC-A\u0130",
  "frame": "frame_40",
  "detected_objects": [
    {
      "cls": 1.0,
      "top_left_x": 1289.61572265625,
      "top_left_y": 209.08560180664062,
      "bottom_right_x": 1323.03515625,
      "bottom_right_y": 240.83151245117188
    }
  ],
  "detected_translations": [
    {
      "translation_x": -0.037701416015625,
      "translation_y": 0.3905059814453125
    }
  ]
}