{
  "id": "frame_1329",
  "user": "NPC-AI",
  "frame": "frame_1329",
  "detected_objects": [
    {
      "cls": 1,
      "landing_status": -1,
      "top_left_x": 1162.7738037109375,
      "top_left_y": 548.3145751953125,
      "bottom_right_x": 1190.6417236328125,
      "bottom_right_y": 581.4525146484375
    },
    {
      "cls": 1,
      "landing_status": -1,
      "top_left_x": 1138.2039794921875,
      "top_left_y": 545.9068603515625,
      "bottom_right_x": 1162.5926513671875,
      "bottom_right_y": 579.3662109375
    }
  ],
  "detected_translations": [
    {
      "translation_x": 78.67558937072754,
      "translation_y": 28.198172760009765
    }
  ]
}