{
  "id": "frame_513",
  "user": "NPC-A\u0130",
  "frame": "frame_513",
  "detected_objects": [
    {
      "cls": 0.0,
      "top_left_x": 1782.9625244140625,
      "top_left_y": 0.0,
      "bottom_right_x": 1920.0,
      "bottom_right_y": 47.954132080078125
    }
  ],
  "detected_translations": [
    {
      "translation_x": -2.1385955810546875,
      "translation_y": 62.38758850097656
    }
  ]
}