{
  "id": "frame_1548",
  "user": "NPC-AI",
  "frame": "frame_1548",
  "detected_objects": [
    {
      "cls": 1,
      "landing_status": -1,
      "top_left_x": 554.5126953125,
      "top_left_y": 805.4136962890625,
      "bottom_right_x": 593.031005859375,
      "bottom_right_y": 842.0924072265625
    }
  ],
  "detected_translations": [
    {
      "translation_x": 78.13379020690918,
      "translation_y": -51.644866943359375
    }
  ]
}