{
  "id": "frame_35",
  "user": "NPC-AI",
  "frame": "frame_35",
  "detected_objects": [
    {
      "cls": 1,
      "landing_status": -1,
      "top_left_x": 1287.984130859375,
      "top_left_y": 206.31065368652344,
      "bottom_right_x": 1320.169189453125,
      "bottom_right_y": 238.55381774902344
    },
    {
      "cls": 1,
      "landing_status": -1,
      "top_left_x": 1695.7303466796875,
      "top_left_y": 718.35546875,
      "bottom_right_x": 1737.1986083984375,
      "bottom_right_y": 744.379150390625
    }
  ],
  "detected_translations": [
    {
      "translation_x": 0.0655242919921875,
      "translation_y": 0.2862213134765625
    }
  ]
}