{
  "id": "frame_3308",
  "user": "NPC-A\u0130",
  "frame": "frame_3308",
  "detected_objects": [
    {
      "cls": 1.0,
      "top_left_x": 836.5449829101562,
      "top_left_y": 261.477783203125,
      "bottom_right_x": 871.3989868164062,
      "bottom_right_y": 302.11029052734375
    }
  ],
  "detected_translations": [
    {
      "translation_x": 28.946891403198244,
      "translation_y": -36.447669982910156
    }
  ]
}