{
  "id": "frame_1412",
  "user": "NPC-A\u0130",
  "frame": "frame_1412",
  "detected_objects": [
    {
      "cls": 1.0,
      "top_left_x": 1278.698974609375,
      "top_left_y": 167.35711669921875,
      "bottom_right_x": 1311.459716796875,
      "bottom_right_y": 199.48199462890625
    }
  ],
  "detected_translations": [
    {
      "translation_x": 78.23763313293458,
      "translation_y": -1.6434532165527345
    }
  ]
}