{
  "id": "frame_211",
  "user": "NPC-A\u0130",
  "frame": "frame_211",
  "detected_objects": [
    {
      "cls": 1.0,
      "top_left_x": 1351.95556640625,
      "top_left_y": 715.2078857421875,
      "bottom_right_x": 1389.4462890625,
      "bottom_right_y": 744.7449951171875
    }
  ],
  "detected_translations": [
    {
      "translation_x": -0.5728271484375,
      "translation_y": 10.625677490234375
    }
  ]
}