{
  "id": "frame_930",
  "user": "NPC-AI",
  "frame": "frame_930",
  "detected_objects": [
    {
      "cls": 0,
      "landing_status": -1,
      "top_left_x": 260.1383056640625,
      "top_left_y": 9.482681274414062,
      "bottom_right_x": 359.78411865234375,
      "bottom_right_y": 190.15060424804688
    },
    {
      "cls": 1,
      "landing_status": -1,
      "top_left_x": 597.0933837890625,
      "top_left_y": 263.4710693359375,
      "bottom_right_x": 640.6058349609375,
      "bottom_right_y": 297.0809326171875
    },
    {
      "cls": 0,
      "landing_status": -1,
      "top_left_x": 1862.8597412109375,
      "top_left_y": 777.763671875,
      "bottom_right_x": 1920.0,
      "bottom_right_y": 995.1483154296875
    },
    {
      "cls": 1,
      "landing_status": -1,
      "top_left_x": 288.3386535644531,
      "top_left_y": 203.33416748046875,
      "bottom_right_x": 339.9845275878906,
      "bottom_right_y": 240.31552124023438
    }
  ],
  "detected_translations": [
    {
      "translation_x": 41.16730651855469,
      "translation_y": 116.1063217163086
    }
  ]
}