{
  "id": "frame_2342",
  "user": "NPC-A\u0130",
  "frame": "frame_2342",
  "detected_objects": [
    {
      "cls": 1.0,
      "top_left_x": 362.86944580078125,
      "top_left_y": 177.56851196289062,
      "bottom_right_x": 387.65606689453125,
      "bottom_right_y": 196.64846801757812
    }
  ],
  "detected_translations": [
    {
      "translation_x": -17.52736701965332,
      "translation_y": -14.298590850830077
    }
  ]
}