{
  "id": "frame_522",
  "user": "NPC-A\u0130",
  "frame": "frame_522",
  "detected_objects": [
    {
      "cls": 0.0,
      "top_left_x": 1781.671630859375,
      "top_left_y": 51.967071533203125,
      "bottom_right_x": 1920.0,
      "bottom_right_y": 147.75672912597656
    }
  ],
  "detected_translations": [
    {
      "translation_x": -2.2620819091796873,
      "translation_y": 64.47102661132813
    }
  ]
}