{
  "id": "frame_1297",
  "user": "NPC-AI",
  "frame": "frame_1297",
  "detected_objects": [
    {
      "cls": 1,
      "landing_status": -1,
      "top_left_x": 1647.5433349609375,
      "top_left_y": 437.6656188964844,
      "bottom_right_x": 1691.5177001953125,
      "bottom_right_y": 464.9953918457031
    }
  ],
  "detected_translations": [
    {
      "translation_x": 79.53592414855957,
      "translation_y": 38.65570755004883
    }
  ]
}