{
  "id": "frame_680",
  "user": "NPC-A\u0130",
  "frame": "frame_680",
  "detected_objects": [
    {
      "cls": 1.0,
      "top_left_x": 1099.0546875,
      "top_left_y": 35.946929931640625,
      "bottom_right_x": 1137.56494140625,
      "bottom_right_y": 71.7165756225586
    }
  ],
  "detected_translations": [
    {
      "translation_x": -3.25150146484375,
      "translation_y": 100.58983306884765
    }
  ]
}