{
  "id": "frame_549",
  "user": "NPC-A\u0130",
  "frame": "frame_549",
  "detected_objects": [
    {
      "cls": 0.0,
      "top_left_x": 1776.28955078125,
      "top_left_y": 363.3520812988281,
      "bottom_right_x": 1920.0,
      "bottom_right_y": 448.7657165527344
    }
  ],
  "detected_translations": [
    {
      "translation_x": -2.0266082763671873,
      "translation_y": 70.21388092041016
    }
  ]
}