{
  "id": "frame_2399",
  "user": "NPC-AI",
  "frame": "frame_2399",
  "detected_objects": [
    {
      "cls": 1,
      "landing_status": -1,
      "top_left_x": 37.356712341308594,
      "top_left_y": 447.58642578125,
      "bottom_right_x": 85.82720947265625,
      "bottom_right_y": 472.1829833984375
    },
    {
      "cls": 1,
      "landing_status": -1,
      "top_left_x": 144.6356658935547,
      "top_left_y": 34.325714111328125,
      "bottom_right_x": 183.5505828857422,
      "bottom_right_y": 59.75849151611328
    },
    {
      "cls": 1,
      "landing_status": -1,
      "top_left_x": 179.26922607421875,
      "top_left_y": 527.164794921875,
      "bottom_right_x": 216.66146850585938,
      "bottom_right_y": 550.852294921875
    }
  ],
  "detected_translations": [
    {
      "translation_x": -32.05639381408692,
      "translation_y": -14.375005340576172
    }
  ]
}