{
  "id": "frame_535",
  "user": "NPC-A\u0130",
  "frame": "frame_535",
  "detected_objects": [
    {
      "cls": 0.0,
      "top_left_x": 1780.0560302734375,
      "top_left_y": 204.07357788085938,
      "bottom_right_x": 1920.0,
      "bottom_right_y": 292.2668762207031
    }
  ],
  "detected_translations": [
    {
      "translation_x": -2.083326721191406,
      "translation_y": 67.42646789550781
    }
  ]
}