{
  "id": "frame_215",
  "user": "NPC-AI",
  "frame": "frame_215",
  "detected_objects": [
    {
      "cls": 1,
      "landing_status": -1,
      "top_left_x": 1353.1923828125,
      "top_left_y": 729.4900512695312,
      "bottom_right_x": 1390.07177734375,
      "bottom_right_y": 760.8366088867188
    }
  ],
  "detected_translations": [
    {
      "translation_x": -0.4232940673828125,
      "translation_y": 11.013585662841797
    }
  ]
}