{
  "id": "frame_14",
  "user": "NPC-AI",
  "frame": "frame_14",
  "detected_objects": [
    {
      "cls": 1,
      "landing_status": -1,
      "top_left_x": 1277.306884765625,
      "top_left_y": 198.86785888671875,
      "bottom_right_x": 1309.980224609375,
      "bottom_right_y": 232.18917846679688
    }
  ],
  "detected_translations": [
    {
      "translation_x": 0.1857086181640625,
      "translation_y": 0.07490386962890624
    }
  ]
}