{
  "id": "frame_3247",
  "user": "NPC-A\u0130",
  "frame": "frame_3247",
  "detected_objects": [
    {
      "cls": 1.0,
      "top_left_x": 1824.087646484375,
      "top_left_y": 77.9265365600586,
      "bottom_right_x": 1842.334716796875,
      "bottom_right_y": 117.82622528076172
    }
  ],
  "detected_translations": [
    {
      "translation_x": 7.718972396850586,
      "translation_y": -37.80543823242188
    }
  ]
}