{
  "id": "frame_1401",
  "user": "NPC-A\u0130",
  "frame": "frame_1401",
  "detected_objects": [
    {
      "cls": 1.0,
      "top_left_x": 1199.847412109375,
      "top_left_y": 359.0235595703125,
      "bottom_right_x": 1227.830810546875,
      "bottom_right_y": 387.0029296875
    },
    {
      "cls": 1.0,
      "top_left_x": 1272.6142578125,
      "top_left_y": 354.32049560546875,
      "bottom_right_x": 1301.643310546875,
      "bottom_right_y": 388.4041748046875
    }
  ],
  "detected_translations": [
    {
      "translation_x": 78.33675880432129,
      "translation_y": 2.6746566772460936
    }
  ]
}