{
  "id": "frame_696",
  "user": "NPC-AI",
  "frame": "frame_696",
  "detected_objects": [
    {
      "cls": 1,
      "landing_status": -1,
      "top_left_x": 970.7893676757812,
      "top_left_y": 215.0640869140625,
      "bottom_right_x": 1010.6403198242188,
      "bottom_right_y": 243.1441650390625
    },
    {
      "cls": 1,
      "landing_status": -1,
      "top_left_x": 966.391357421875,
      "top_left_y": 182.36148071289062,
      "bottom_right_x": 1005.8736572265625,
      "bottom_right_y": 213.96401977539062
    },
    {
      "cls": 1,
      "landing_status": -1,
      "top_left_x": 1068.0185546875,
      "top_left_y": 190.62646484375,
      "bottom_right_x": 1105.7041015625,
      "bottom_right_y": 220.64715576171875
    }
  ],
  "detected_translations": [
    {
      "translation_x": -3.2580108642578125,
      "translation_y": 104.85548858642578
    }
  ]
}