{
  "id": "frame_97",
  "user": "NPC-A\u0130",
  "frame": "frame_97",
  "detected_objects": [
    {
      "cls": 1.0,
      "top_left_x": 1710.873779296875,
      "top_left_y": 898.36669921875,
      "bottom_right_x": 1743.845947265625,
      "bottom_right_y": 938.383056640625
    }
  ],
  "detected_translations": [
    {
      "translation_x": 0.280450439453125,
      "translation_y": 1.083685302734375
    }
  ]
}