{
  "id": "frame_1334",
  "user": "NPC-A\u0130",
  "frame": "frame_1334",
  "detected_objects": [
    {
      "cls": 1.0,
      "top_left_x": 1165.9508056640625,
      "top_left_y": 470.2015380859375,
      "bottom_right_x": 1196.8878173828125,
      "bottom_right_y": 497.8875732421875
    }
  ],
  "detected_translations": [
    {
      "translation_x": 78.83378944396972,
      "translation_y": 26.32236251831055
    }
  ]
}