{
  "id": "frame_1425",
  "user": "NPC-A\u0130",
  "frame": "frame_1425",
  "detected_objects": [
    {
      "cls": 1.0,
      "top_left_x": 476.33544921875,
      "top_left_y": 907.2767333984375,
      "bottom_right_x": 520.9942626953125,
      "bottom_right_y": 947.1881103515625
    }
  ],
  "detected_translations": [
    {
      "translation_x": 78.12904853820801,
      "translation_y": -6.7711326599121096
    }
  ]
}