{
  "id": "frame_193",
  "user": "NPC-A\u0130",
  "frame": "frame_193",
  "detected_objects": [
    {
      "cls": 1.0,
      "top_left_x": 1348.4072265625,
      "top_left_y": 645.5064086914062,
      "bottom_right_x": 1385.74658203125,
      "bottom_right_y": 675.4929809570312
    }
  ],
  "detected_translations": [
    {
      "translation_x": 0.25601806640625,
      "translation_y": 9.435274505615235
    }
  ]
}