{
  "id": "frame_3274",
  "user": "NPC-A\u0130",
  "frame": "frame_3274",
  "detected_objects": [
    {
      "cls": 1.0,
      "top_left_x": 1356.4578857421875,
      "top_left_y": 166.7694854736328,
      "bottom_right_x": 1398.0306396484375,
      "bottom_right_y": 203.7230987548828
    }
  ],
  "detected_translations": [
    {
      "translation_x": 16.35927391052246,
      "translation_y": -36.881588745117185
    }
  ]
}