{
  "id": "frame_1341",
  "user": "NPC-A\u0130",
  "frame": "frame_1341",
  "detected_objects": [
    {
      "cls": 1.0,
      "top_left_x": 1174.20068359375,
      "top_left_y": 350.81097412109375,
      "bottom_right_x": 1202.89111328125,
      "bottom_right_y": 394.28143310546875
    }
  ],
  "detected_translations": [
    {
      "translation_x": 78.76349983215331,
      "translation_y": 24.145337677001955
    }
  ]
}