{
  "id": "frame_2405",
  "user": "NPC-A\u0130",
  "frame": "frame_2405",
  "detected_objects": [
    {
      "cls": 1.0,
      "top_left_x": 241.49896240234375,
      "top_left_y": 533.5662841796875,
      "bottom_right_x": 273.6507568359375,
      "bottom_right_y": 568.9102783203125
    }
  ],
  "detected_translations": [
    {
      "translation_x": -33.902072525024415,
      "translation_y": -14.293975830078125
    }
  ]
}