{
  "id": "frame_774",
  "user": "NPC-A\u0130",
  "frame": "frame_774",
  "detected_objects": [
    {
      "cls": 1.0,
      "top_left_x": 864.0460815429688,
      "top_left_y": 496.93389892578125,
      "bottom_right_x": 899.4688110351562,
      "bottom_right_y": 523.3032836914062
    },
    {
      "cls": 1.0,
      "top_left_x": 519.72802734375,
      "top_left_y": 75.31881713867188,
      "bottom_right_x": 554.640380859375,
      "bottom_right_y": 103.23876953125
    },
    {
      "cls": 1.0,
      "top_left_x": 732.53466796875,
      "top_left_y": 474.48858642578125,
      "bottom_right_x": 763.864501953125,
      "bottom_right_y": 506.4132080078125
    },
    {
      "cls": 1.0,
      "top_left_x": 747.4517211914062,
      "top_left_y": 507.637939453125,
      "bottom_right_x": 779.3175659179688,
      "bottom_right_y": 532.9356689453125
    }
  ],
  "detected_translations": [
    {
      "translation_x": -0.6919586181640625,
      "translation_y": 112.80810852050782
    }
  ]
}