{
  "id": "frame_2418",
  "user": "NPC-A\u0130",
  "frame": "frame_2418",
  "detected_objects": [
    {
      "cls": 1.0,
      "top_left_x": 388.79290771484375,
      "top_left_y": 574.263427734375,
      "bottom_right_x": 419.59912109375,
      "bottom_right_y": 598.659912109375
    },
    {
      "cls": 1.0,
      "top_left_x": 218.244873046875,
      "top_left_y": 454.33599853515625,
      "bottom_right_x": 264.5971984863281,
      "bottom_right_y": 486.19427490234375
    }
  ],
  "detected_translations": [
    {
      "translation_x": -37.49369239807129,
      "translation_y": -13.969464874267578
    }
  ]
}