{
  "id": "frame_59",
  "user": "NPC-A\u0130",
  "frame": "frame_59",
  "detected_objects": [
    {
      "cls": 1.0,
      "top_left_x": 1298.0906982421875,
      "top_left_y": 210.32778930664062,
      "bottom_right_x": 1331.7498779296875,
      "bottom_right_y": 245.51763916015625
    },
    {
      "cls": 1.0,
      "top_left_x": 1717.513427734375,
      "top_left_y": 790.1339721679688,
      "bottom_right_x": 1742.332763671875,
      "bottom_right_y": 804.9412231445312
    }
  ],
  "detected_translations": [
    {
      "translation_x": 0.198858642578125,
      "translation_y": 0.4909149169921875
    }
  ]
}