{
  "id": "frame_569",
  "user": "NPC-A\u0130",
  "frame": "frame_569",
  "detected_objects": [
    {
      "cls": 0.0,
      "top_left_x": 1773.12841796875,
      "top_left_y": 587.2645874023438,
      "bottom_right_x": 1920.0,
      "bottom_right_y": 669.8169555664062
    },
    {
      "cls": 0.0,
      "top_left_x": 1454.4776611328125,
      "top_left_y": 1.0176868438720703,
      "bottom_right_x": 1486.6885986328125,
      "bottom_right_y": 15.685800552368164
    }
  ],
  "detected_translations": [
    {
      "translation_x": -1.6716201782226563,
      "translation_y": 74.35218505859375
    }
  ]
}