{
  "id": "frame_2419",
  "user": "NPC-AI",
  "frame": "frame_2419",
  "detected_objects": [
    {
      "cls": 1,
      "landing_status": -1,
      "top_left_x": 401.5415954589844,
      "top_left_y": 575.91064453125,
      "bottom_right_x": 429.9487609863281,
      "bottom_right_y": 601.303955078125
    },
    {
      "cls": 1,
      "landing_status": -1,
      "top_left_x": 341.6210021972656,
      "top_left_y": 60.37178039550781,
      "bottom_right_x": 372.2878112792969,
      "bottom_right_y": 83.7119140625
    },
    {
      "cls": 1,
      "landing_status": -1,
      "top_left_x": 229.83831787109375,
      "top_left_y": 455.8336181640625,
      "bottom_right_x": 272.39971923828125,
      "bottom_right_y": 483.8428955078125
    },
    {
      "cls": 1,
      "landing_status": -1,
      "top_left_x": 17.39120864868164,
      "top_left_y": 643.6004028320312,
      "bottom_right_x": 56.539310455322266,
      "bottom_right_y": 665.2615356445312
    }
  ],
  "detected_translations": [
    {
      "translation_x": -37.69871559143066,
      "translation_y": -13.956406402587891
    }
  ]
}