{
  "id": "frame_139",
  "user": "NPC-AI",
  "frame": "frame_139",
  "detected_objects": [
    {
      "cls": 1,
      "landing_status": -1,
      "top_left_x": 1333.200927734375,
      "top_left_y": 419.3931579589844,
      "bottom_right_x": 1370.281982421875,
      "bottom_right_y": 448.5697326660156
    }
  ],
  "detected_translations": [
    {
      "translation_x": 0.396392822265625,
      "translation_y": 4.5576332092285154
    }
  ]
}