{
  "id": "frame_131",
  "user": "NPC-AI",
  "frame": "frame_131",
  "detected_objects": [
    {
      "cls": 1,
      "landing_status": -1,
      "top_left_x": 1330.685546875,
      "top_left_y": 384.6522216796875,
      "bottom_right_x": 1367.396484375,
      "bottom_right_y": 414.5286865234375
    }
  ],
  "detected_translations": [
    {
      "translation_x": 0.5704986572265625,
      "translation_y": 3.791858673095703
    }
  ]
}