{
  "id": "frame_1335",
  "user": "NPC-AI",
  "frame": "frame_1335",
  "detected_objects": [
    {
      "cls": 1,
      "landing_status": -1,
      "top_left_x": 1166.6171875,
      "top_left_y": 453.2143249511719,
      "bottom_right_x": 1197.841796875,
      "bottom_right_y": 480.3625183105469
    },
    {
      "cls": 1,
      "landing_status": -1,
      "top_left_x": 1143.660888671875,
      "top_left_y": 459.29656982421875,
      "bottom_right_x": 1167.489501953125,
      "bottom_right_y": 482.70343017578125
    }
  ],
  "detected_translations": [
    {
      "translation_x": 78.71650581359863,
      "translation_y": 26.024042510986327
    }
  ]
}