{
  "id": "frame_2631",
  "user": "NPC-A\u0130",
  "frame": "frame_2631",
  "detected_objects": [
    {
      "cls": 1.0,
      "top_left_x": 1769.821533203125,
      "top_left_y": 430.55816650390625,
      "bottom_right_x": 1814.154541015625,
      "bottom_right_y": 454.0706787109375
    },
    {
      "cls": 1.0,
      "top_left_x": 1136.3311767578125,
      "top_left_y": 165.40585327148438,
      "bottom_right_x": 1162.5704345703125,
      "bottom_right_y": 184.63729858398438
    },
    {
      "cls": 1.0,
      "top_left_x": 1126.985595703125,
      "top_left_y": 109.79417419433594,
      "bottom_right_x": 1147.864990234375,
      "bottom_right_y": 131.4314422607422
    }
  ],
  "detected_translations": [
    {
      "translation_x": -71.59756355285644,
      "translation_y": -22.418051147460936
    }
  ]
}