{
  "id": "frame_1389",
  "user": "NPC-A\u0130",
  "frame": "frame_1389",
  "detected_objects": [
    {
      "cls": 1.0,
      "top_left_x": 1235.8585205078125,
      "top_left_y": 566.5875244140625,
      "bottom_right_x": 1264.2135009765625,
      "bottom_right_y": 597.2764892578125
    },
    {
      "cls": 1.0,
      "top_left_x": 1262.9150390625,
      "top_left_y": 549.2037353515625,
      "bottom_right_x": 1292.349365234375,
      "bottom_right_y": 570.1507568359375
    }
  ],
  "detected_translations": [
    {
      "translation_x": 78.9576587677002,
      "translation_y": 7.468697357177734
    }
  ]
}