{
  "id": "frame_1274",
  "user": "NPC-AI",
  "frame": "frame_1274",
  "detected_objects": [
    {
      "cls": 1,
      "landing_status": -1,
      "top_left_x": 1626.85302734375,
      "top_left_y": 744.9991455078125,
      "bottom_right_x": 1669.690185546875,
      "bottom_right_y": 774.1910400390625
    }
  ],
  "detected_translations": [
    {
      "translation_x": 79.81558723449707,
      "translation_y": 46.768045806884764
    }
  ]
}