{
  "id": "frame_1439",
  "user": "NPC-AI",
  "frame": "frame_1439",
  "detected_objects": [
    {
      "cls": 1,
      "landing_status": -1,
      "top_left_x": 451.6202392578125,
      "top_left_y": 692.2368774414062,
      "bottom_right_x": 492.1962890625,
      "bottom_right_y": 720.5337524414062
    },
    {
      "cls": 1,
      "landing_status": -1,
      "top_left_x": 457.2606201171875,
      "top_left_y": 714.8184814453125,
      "bottom_right_x": 496.8458251953125,
      "bottom_right_y": 746.3704833984375
    }
  ],
  "detected_translations": [
    {
      "translation_x": 78.21515235900878,
      "translation_y": -12.00719757080078
    }
  ]
}