{
  "id": "frame_570",
  "user": "NPC-A\u0130",
  "frame": "frame_570",
  "detected_objects": [
    {
      "cls": 0.0,
      "top_left_x": 1773.5654296875,
      "top_left_y": 597.9676513671875,
      "bottom_right_x": 1920.0,
      "bottom_right_y": 682.3431396484375
    },
    {
      "cls": 0.0,
      "top_left_x": 1452.9658203125,
      "top_left_y": 0.11128616333007812,
      "bottom_right_x": 1487.279296875,
      "bottom_right_y": 27.561038970947266
    }
  ],
  "detected_translations": [
    {
      "translation_x": -1.6688735961914063,
      "translation_y": 74.46322631835938
    }
  ]
}