{
  "id": "frame_35",
  "user": "NPC-A\u0130",
  "frame": "frame_35",
  "detected_objects": [
    {
      "cls": 1.0,
      "top_left_x": 1287.4591064453125,
      "top_left_y": 206.23526000976562,
      "bottom_right_x": 1320.8568115234375,
      "bottom_right_y": 238.34652709960938
    }
  ],
  "detected_translations": [
    {
      "translation_x": 0.0655242919921875,
      "translation_y": 0.2862213134765625
    }
  ]
}