{
  "id": "frame_564",
  "user": "NPC-A\u0130",
  "frame": "frame_564",
  "detected_objects": [
    {
      "cls": 0.0,
      "top_left_x": 1773.8631591796875,
      "top_left_y": 530.4513549804688,
      "bottom_right_x": 1920.0,
      "bottom_right_y": 614.9411010742188
    }
  ],
  "detected_translations": [
    {
      "translation_x": -1.6934219360351563,
      "translation_y": 73.39105834960938
    }
  ]
}