{
  "id": "frame_136",
  "user": "NPC-A\u0130",
  "frame": "frame_136",
  "detected_objects": [
    {
      "cls": 1.0,
      "top_left_x": 1332.17041015625,
      "top_left_y": 406.67181396484375,
      "bottom_right_x": 1370.26708984375,
      "bottom_right_y": 436.8665771484375
    }
  ],
  "detected_translations": [
    {
      "translation_x": 0.440460205078125,
      "translation_y": 4.269519805908203
    }
  ]
}