{
  "id": "frame_837",
  "user": "NPC-A\u0130",
  "frame": "frame_837",
  "detected_objects": [
    {
      "cls": 0.0,
      "top_left_x": 1299.526611328125,
      "top_left_y": 297.4984436035156,
      "bottom_right_x": 1505.864013671875,
      "bottom_right_y": 391.2712707519531
    },
    {
      "cls": 1.0,
      "top_left_x": 190.0486297607422,
      "top_left_y": 127.6751708984375,
      "bottom_right_x": 234.4635772705078,
      "bottom_right_y": 154.42193603515625
    },
    {
      "cls": 1.0,
      "top_left_x": 293.7437744140625,
      "top_left_y": 543.6678466796875,
      "bottom_right_x": 335.296630859375,
      "bottom_right_y": 567.474365234375
    },
    {
      "cls": 1.0,
      "top_left_x": 160.94281005859375,
      "top_left_y": 518.0413818359375,
      "bottom_right_x": 215.73992919921875,
      "bottom_right_y": 545.1671142578125
    }
  ],
  "detected_translations": [
    {
      "translation_x": 11.174969482421876,
      "translation_y": 113.74402618408203
    }
  ]
}