{
  "id": "frame_49",
  "user": "NPC-A\u0130",
  "frame": "frame_49",
  "detected_objects": [
    {
      "cls": 1.0,
      "top_left_x": 1293.326171875,
      "top_left_y": 209.22911071777344,
      "bottom_right_x": 1327.0458984375,
      "bottom_right_y": 242.73121643066406
    },
    {
      "cls": 1.0,
      "top_left_x": 1691.156982421875,
      "top_left_y": 743.10595703125,
      "bottom_right_x": 1731.192626953125,
      "bottom_right_y": 771.230224609375
    },
    {
      "cls": 1.0,
      "top_left_x": 1714.181884765625,
      "top_left_y": 767.0028076171875,
      "bottom_right_x": 1734.542724609375,
      "bottom_right_y": 777.7386474609375
    }
  ],
  "detected_translations": [
    {
      "translation_x": 0.06153564453125,
      "translation_y": 0.5592742919921875
    }
  ]
}