{
  "id": "frame_11",
  "user": "NPC-AI",
  "frame": "frame_11",
  "detected_objects": [
    {
      "cls": 1,
      "landing_status": -1,
      "top_left_x": 1275.883056640625,
      "top_left_y": 197.0257110595703,
      "bottom_right_x": 1308.389892578125,
      "bottom_right_y": 231.03590393066406
    }
  ],
  "detected_translations": [
    {
      "translation_x": 0.1023681640625,
      "translation_y": 0.23112640380859376
    }
  ]
}