{
  "id": "frame_218",
  "user": "NPC-AI",
  "frame": "frame_218",
  "detected_objects": [
    {
      "cls": 1,
      "landing_status": -1,
      "top_left_x": 1353.59423828125,
      "top_left_y": 740.3363647460938,
      "bottom_right_x": 1390.1416015625,
      "bottom_right_y": 771.6520385742188
    }
  ],
  "detected_translations": [
    {
      "translation_x": -0.596893310546875,
      "translation_y": 11.12603759765625
    }
  ]
}