{
  "id": "frame_3300",
  "user": "NPC-A\u0130",
  "frame": "frame_3300",
  "detected_objects": [
    {
      "cls": 1.0,
      "top_left_x": 953.2750854492188,
      "top_left_y": 242.38796997070312,
      "bottom_right_x": 989.1831665039062,
      "bottom_right_y": 274.1939392089844
    },
    {
      "cls": 1.0,
      "top_left_x": 838.8624267578125,
      "top_left_y": 974.04736328125,
      "bottom_right_x": 872.8973388671875,
      "bottom_right_y": 1004.95361328125
    }
  ],
  "detected_translations": [
    {
      "translation_x": 26.179584884643553,
      "translation_y": -36.38743591308594
    }
  ]
}