{
  "id": "frame_1401",
  "user": "NPC-AI",
  "frame": "frame_1401",
  "detected_objects": [
    {
      "cls": 1,
      "landing_status": -1,
      "top_left_x": 1200.200927734375,
      "top_left_y": 357.5248718261719,
      "bottom_right_x": 1227.19189453125,
      "bottom_right_y": 388.5768127441406
    },
    {
      "cls": 1,
      "landing_status": -1,
      "top_left_x": 1274.017333984375,
      "top_left_y": 352.138916015625,
      "bottom_right_x": 1301.674072265625,
      "bottom_right_y": 385.11407470703125
    },
    {
      "cls": 1,
      "landing_status": -1,
      "top_left_x": 1240.4691162109375,
      "top_left_y": 370.8252868652344,
      "bottom_right_x": 1273.5653076171875,
      "bottom_right_y": 404.2972106933594
    },
    {
      "cls": 0,
      "landing_status": -1,
      "top_left_x": 915.031494140625,
      "top_left_y": 235.5116424560547,
      "bottom_right_x": 945.244384765625,
      "bottom_right_y": 324.45074462890625
    }
  ],
  "detected_translations": [
    {
      "translation_x": 78.33675880432129,
      "translation_y": 2.6746566772460936
    }
  ]
}