{
  "id": "frame_2339",
  "user": "NPC-AI",
  "frame": "frame_2339",
  "detected_objects": [
    {
      "cls": 1,
      "landing_status": -1,
      "top_left_x": 299.3033447265625,
      "top_left_y": 196.55288696289062,
      "bottom_right_x": 331.6016845703125,
      "bottom_right_y": 226.58364868164062
    }
  ],
  "detected_translations": [
    {
      "translation_x": -16.756567764282227,
      "translation_y": -14.239701080322266
    }
  ]
}