{
  "id": "frame_61",
  "user": "NPC-A\u0130",
  "frame": "frame_61",
  "detected_objects": [
    {
      "cls": 1.0,
      "top_left_x": 1299.11083984375,
      "top_left_y": 210.46456909179688,
      "bottom_right_x": 1332.69287109375,
      "bottom_right_y": 245.18313598632812
    },
    {
      "cls": 1.0,
      "top_left_x": 1719.138916015625,
      "top_left_y": 796.7733154296875,
      "bottom_right_x": 1745.870849609375,
      "bottom_right_y": 811.0833740234375
    },
    {
      "cls": 1.0,
      "top_left_x": 1694.92724609375,
      "top_left_y": 772.1229858398438,
      "bottom_right_x": 1736.498046875,
      "bottom_right_y": 799.0441284179688
    }
  ],
  "detected_translations": [
    {
      "translation_x": 0.215875244140625,
      "translation_y": 0.5264190673828125
    }
  ]
}