{
  "id": "frame_730",
  "user": "NPC-AI",
  "frame": "frame_730",
  "detected_objects": [
    {
      "cls": 1,
      "landing_status": -1,
      "top_left_x": 1013.1298828125,
      "top_left_y": 397.13531494140625,
      "bottom_right_x": 1039.733154296875,
      "bottom_right_y": 422.74609375
    },
    {
      "cls": 1,
      "landing_status": -1,
      "top_left_x": 916.3170166015625,
      "top_left_y": 415.1402893066406,
      "bottom_right_x": 943.4847412109375,
      "bottom_right_y": 440.5733947753906
    },
    {
      "cls": 1,
      "landing_status": -1,
      "top_left_x": 909.7764892578125,
      "top_left_y": 383.405029296875,
      "bottom_right_x": 933.431640625,
      "bottom_right_y": 412.0341796875
    }
  ],
  "detected_translations": [
    {
      "translation_x": -2.6287353515625,
      "translation_y": 110.11271209716797
    }
  ]
}