{
  "id": "frame_1331",
  "user": "NPC-A\u0130",
  "frame": "frame_1331",
  "detected_objects": [
    {
      "cls": 1.0,
      "top_left_x": 1164.54833984375,
      "top_left_y": 519.311767578125,
      "bottom_right_x": 1193.259765625,
      "bottom_right_y": 546.9176025390625
    }
  ],
  "detected_translations": [
    {
      "translation_x": 78.75454139709473,
      "translation_y": 27.40776138305664
    }
  ]
}