{
  "id": "frame_90",
  "user": "NPC-AI",
  "frame": "frame_90",
  "detected_objects": [
    {
      "cls": 1,
      "landing_status": -1,
      "top_left_x": 1314.08447265625,
      "top_left_y": 237.31076049804688,
      "bottom_right_x": 1347.76904296875,
      "bottom_right_y": 270.9813537597656
    }
  ],
  "detected_translations": [
    {
      "translation_x": 0.2849151611328125,
      "translation_y": 0.7133346557617187
    }
  ]
}