{
  "id": "frame_759",
  "user": "NPC-AI",
  "frame": "frame_759",
  "detected_objects": [
    {
      "cls": 1,
      "landing_status": -1,
      "top_left_x": 536.4189453125,
      "top_left_y": 73.01991271972656,
      "bottom_right_x": 569.704833984375,
      "bottom_right_y": 105.10945129394531
    },
    {
      "cls": 1,
      "landing_status": -1,
      "top_left_x": 937.0789794921875,
      "top_left_y": 467.49884033203125,
      "bottom_right_x": 963.7047119140625,
      "bottom_right_y": 492.525634765625
    },
    {
      "cls": 1,
      "landing_status": -1,
      "top_left_x": 544.2944946289062,
      "top_left_y": 46.08323287963867,
      "bottom_right_x": 573.9673461914062,
      "bottom_right_y": 76.47868347167969
    },
    {
      "cls": 1,
      "landing_status": -1,
      "top_left_x": 815.56640625,
      "top_left_y": 449.504638671875,
      "bottom_right_x": 849.1605224609375,
      "bottom_right_y": 478.0975341796875
    }
  ],
  "detected_translations": [
    {
      "translation_x": -2.2048614501953123,
      "translation_y": 111.77081909179688
    }
  ]
}