{
  "id": "frame_133",
  "user": "NPC-A\u0130",
  "frame": "frame_133",
  "detected_objects": [
    {
      "cls": 1.0,
      "top_left_x": 1331.4451904296875,
      "top_left_y": 393.5129699707031,
      "bottom_right_x": 1369.4552001953125,
      "bottom_right_y": 423.4045104980469
    }
  ],
  "detected_translations": [
    {
      "translation_x": 0.5072540283203125,
      "translation_y": 3.970589447021484
    }
  ]
}