{
  "id": "frame_1124",
  "user": "NPC-A\u0130",
  "frame": "frame_1124",
  "detected_objects": [
    {
      "cls": 0.0,
      "top_left_x": 319.5718688964844,
      "top_left_y": 234.34922790527344,
      "bottom_right_x": 421.0260314941406,
      "bottom_right_y": 479.0849609375
    },
    {
      "cls": 0.0,
      "top_left_x": 261.3463134765625,
      "top_left_y": 0.0,
      "bottom_right_x": 472.8419189453125,
      "bottom_right_y": 54.52351760864258
    }
  ],
  "detected_translations": [
    {
      "translation_x": 82.01501846313477,
      "translation_y": 102.65815734863281
    }
  ]
}