{
  "id": "frame_235",
  "user": "NPC-A\u0130",
  "frame": "frame_235",
  "detected_objects": [
    {
      "cls": 1.0,
      "top_left_x": 1357.494140625,
      "top_left_y": 801.597900390625,
      "bottom_right_x": 1393.48779296875,
      "bottom_right_y": 833.6065673828125
    }
  ],
  "detected_translations": [
    {
      "translation_x": -0.80830078125,
      "translation_y": 12.640399169921874
    }
  ]
}