{
  "id": "frame_98",
  "user": "NPC-AI",
  "frame": "frame_98",
  "detected_objects": [
    {
      "cls": 1,
      "landing_status": -1,
      "top_left_x": 1319.100341796875,
      "top_left_y": 263.9814453125,
      "bottom_right_x": 1351.865234375,
      "bottom_right_y": 290.342041015625
    }
  ],
  "detected_translations": [
    {
      "translation_x": 0.2497161865234375,
      "translation_y": 1.1759384155273438
    }
  ]
}