{
  "id": "frame_531",
  "user": "NPC-A\u0130",
  "frame": "frame_531",
  "detected_objects": [
    {
      "cls": 0.0,
      "top_left_x": 1780.2320556640625,
      "top_left_y": 156.64288330078125,
      "bottom_right_x": 1920.0,
      "bottom_right_y": 247.0264892578125
    }
  ],
  "detected_translations": [
    {
      "translation_x": -1.9811981201171875,
      "translation_y": 66.4225860595703
    }
  ]
}