{
  "id": "frame_973",
  "user": "NPC-A\u0130",
  "frame": "frame_973",
  "detected_objects": [
    {
      "cls": 0.0,
      "top_left_x": 612.38037109375,
      "top_left_y": 410.84185791015625,
      "bottom_right_x": 798.2236328125,
      "bottom_right_y": 502.99456787109375
    },
    {
      "cls": 0.0,
      "top_left_x": 1231.161865234375,
      "top_left_y": 808.61083984375,
      "bottom_right_x": 1332.459716796875,
      "bottom_right_y": 1015.1175537109375
    },
    {
      "cls": 1.0,
      "top_left_x": 1808.66650390625,
      "top_left_y": 328.39361572265625,
      "bottom_right_x": 1895.2265625,
      "bottom_right_y": 360.8570556640625
    }
  ],
  "detected_translations": [
    {
      "translation_x": 57.668278503417966,
      "translation_y": 116.93719787597657
    }
  ]
}