{
  "id": "frame_32",
  "user": "NPC-A\u0130",
  "frame": "frame_32",
  "detected_objects": [
    {
      "cls": 1.0,
      "top_left_x": 1285.5262451171875,
      "top_left_y": 206.59397888183594,
      "bottom_right_x": 1319.4486083984375,
      "bottom_right_y": 237.93751525878906
    },
    {
      "cls": 1.0,
      "top_left_x": 1708.67333984375,
      "top_left_y": 717.135009765625,
      "bottom_right_x": 1738.07421875,
      "bottom_right_y": 733.968017578125
    }
  ],
  "detected_translations": [
    {
      "translation_x": 0.020867919921875,
      "translation_y": 0.1675933837890625
    }
  ]
}