{
  "id": "frame_560",
  "user": "NPC-A\u0130",
  "frame": "frame_560",
  "detected_objects": [
    {
      "cls": 0.0,
      "top_left_x": 1774.2955322265625,
      "top_left_y": 485.9298095703125,
      "bottom_right_x": 1920.0,
      "bottom_right_y": 569.8502197265625
    }
  ],
  "detected_translations": [
    {
      "translation_x": -1.6175064086914062,
      "translation_y": 72.46700897216797
    }
  ]
}