{
  "id": "frame_191",
  "user": "NPC-A\u0130",
  "frame": "frame_191",
  "detected_objects": [
    {
      "cls": 1.0,
      "top_left_x": 1347.267333984375,
      "top_left_y": 637.6605224609375,
      "bottom_right_x": 1384.901611328125,
      "bottom_right_y": 667.2926025390625
    }
  ],
  "detected_translations": [
    {
      "translation_x": 0.2758819580078125,
      "translation_y": 9.222304534912109
    }
  ]
}