{
  "id": "frame_134",
  "user": "NPC-AI",
  "frame": "frame_134",
  "detected_objects": [
    {
      "cls": 1,
      "landing_status": -1,
      "top_left_x": 1331.77783203125,
      "top_left_y": 398.0674743652344,
      "bottom_right_x": 1368.650146484375,
      "bottom_right_y": 427.7046203613281
    }
  ],
  "detected_translations": [
    {
      "translation_x": 0.4573150634765625,
      "translation_y": 4.049059295654297
    }
  ]
}