{
  "id": "frame_1430",
  "user": "NPC-A\u0130",
  "frame": "frame_1430",
  "detected_objects": [
    {
      "cls": 1.0,
      "top_left_x": 469.23394775390625,
      "top_left_y": 834.16650390625,
      "bottom_right_x": 512.1737670898438,
      "bottom_right_y": 862.7244873046875
    }
  ],
  "detected_translations": [
    {
      "translation_x": 78.09151344299316,
      "translation_y": -8.682600402832032
    }
  ]
}