{
  "id": "frame_22",
  "user": "NPC-AI",
  "frame": "frame_22",
  "detected_objects": [
    {
      "cls": 1,
      "landing_status": -1,
      "top_left_x": 1281.9442138671875,
      "top_left_y": 202.93887329101562,
      "bottom_right_x": 1314.0738525390625,
      "bottom_right_y": 235.25064086914062
    },
    {
      "cls": 1,
      "landing_status": -1,
      "top_left_x": 1708.4072265625,
      "top_left_y": 692.0509033203125,
      "bottom_right_x": 1735.79345703125,
      "bottom_right_y": 712.0626220703125
    }
  ],
  "detected_translations": [
    {
      "translation_x": -0.034375,
      "translation_y": 0.10087432861328124
    }
  ]
}