{
  "id": "frame_897",
  "user": "NPC-AI",
  "frame": "frame_897",
  "detected_objects": [
    {
      "cls": 0,
      "landing_status": -1,
      "top_left_x": 692.9745483398438,
      "top_left_y": 0.0,
      "bottom_right_x": 778.8966674804688,
      "bottom_right_y": 161.1044158935547
    },
    {
      "cls": 0,
      "landing_status": -1,
      "top_left_x": 19.774078369140625,
      "top_left_y": 306.14678955078125,
      "bottom_right_x": 207.11227416992188,
      "bottom_right_y": 393.4273681640625
    },
    {
      "cls": 0,
      "landing_status": -1,
      "top_left_x": 764.9627685546875,
      "top_left_y": 994.815185546875,
      "bottom_right_x": 846.4058837890625,
      "bottom_right_y": 1077.220703125
    },
    {
      "cls": 1,
      "landing_status": -1,
      "top_left_x": 958.80078125,
      "top_left_y": 233.72579956054688,
      "bottom_right_x": 1000.974365234375,
      "bottom_right_y": 268.3575439453125
    }
  ],
  "detected_translations": [
    {
      "translation_x": 30.19707336425781,
      "translation_y": 114.89244537353515
    }
  ]
}