{
  "id": "frame_1434",
  "user": "NPC-AI",
  "frame": "frame_1434",
  "detected_objects": [
    {
      "cls": 1,
      "landing_status": -1,
      "top_left_x": 461.713134765625,
      "top_left_y": 771.08447265625,
      "bottom_right_x": 507.20037841796875,
      "bottom_right_y": 798.55419921875
    },
    {
      "cls": 1,
      "landing_status": -1,
      "top_left_x": 465.7752685546875,
      "top_left_y": 795.5465087890625,
      "bottom_right_x": 509.837646484375,
      "bottom_right_y": 825.6185302734375
    }
  ],
  "detected_translations": [
    {
      "translation_x": 78.16153755187989,
      "translation_y": -10.226979064941407
    }
  ]
}