{
  "id": "frame_6",
  "user": "NPC-A\u0130",
  "frame": "frame_6",
  "detected_objects": [
    {
      "cls": 1.0,
      "top_left_x": 1272.184814453125,
      "top_left_y": 195.89669799804688,
      "bottom_right_x": 1305.700439453125,
      "bottom_right_y": 229.82797241210938
    }
  ],
  "detected_translations": [
    {
      "translation_x": 0.1259033203125,
      "translation_y": 0.1698486328125
    }
  ]
}