{
  "id": "frame_109",
  "user": "NPC-AI",
  "frame": "frame_109",
  "detected_objects": [
    {
      "cls": 1,
      "landing_status": -1,
      "top_left_x": 1323.8876953125,
      "top_left_y": 301.8487548828125,
      "bottom_right_x": 1357.044921875,
      "bottom_right_y": 327.2799072265625
    }
  ],
  "detected_translations": [
    {
      "translation_x": 0.3472015380859375,
      "translation_y": 1.8322189331054688
    }
  ]
}