{
  "id": "frame_2301",
  "user": "NPC-A\u0130",
  "frame": "frame_2301",
  "detected_objects": [
    {
      "cls": 1.0,
      "top_left_x": 19.670612335205078,
      "top_left_y": 153.161865234375,
      "bottom_right_x": 42.81522750854492,
      "bottom_right_y": 171.58978271484375
    }
  ],
  "detected_translations": [
    {
      "translation_x": -9.036394119262695,
      "translation_y": -14.359039306640625
    }
  ]
}