{
  "id": "frame_1463",
  "user": "NPC-A\u0130",
  "frame": "frame_1463",
  "detected_objects": [
    {
      "cls": 1.0,
      "top_left_x": 404.74853515625,
      "top_left_y": 313.868896484375,
      "bottom_right_x": 455.72705078125,
      "bottom_right_y": 342.2584228515625
    }
  ],
  "detected_translations": [
    {
      "translation_x": 77.90548591613769,
      "translation_y": -21.4231201171875
    }
  ]
}