{
  "id": "frame_723",
  "user": "NPC-A\u0130",
  "frame": "frame_723",
  "detected_objects": [
    {
      "cls": 1.0,
      "top_left_x": 1014.10498046875,
      "top_left_y": 370.9451599121094,
      "bottom_right_x": 1051.3115234375,
      "bottom_right_y": 398.5918273925781
    }
  ],
  "detected_translations": [
    {
      "translation_x": -2.833160400390625,
      "translation_y": 109.46766967773438
    }
  ]
}