{
  "id": "frame_1415",
  "user": "NPC-A\u0130",
  "frame": "frame_1415",
  "detected_objects": [
    {
      "cls": 1.0,
      "top_left_x": 1279.8690185546875,
      "top_left_y": 115.88333129882812,
      "bottom_right_x": 1312.6502685546875,
      "bottom_right_y": 154.47256469726562
    },
    {
      "cls": 1.0,
      "top_left_x": 1213.587158203125,
      "top_left_y": 119.82609558105469,
      "bottom_right_x": 1240.267333984375,
      "bottom_right_y": 164.66273498535156
    }
  ],
  "detected_translations": [
    {
      "translation_x": 78.31267433166504,
      "translation_y": -2.8725799560546874
    }
  ]
}