{
  "id": "frame_551",
  "user": "NPC-AI",
  "frame": "frame_551",
  "detected_objects": [
    {
      "cls": 0,
      "landing_status": -1,
      "top_left_x": 1775.9892578125,
      "top_left_y": 384.76629638671875,
      "bottom_right_x": 1920.0,
      "bottom_right_y": 469.28057861328125
    }
  ],
  "detected_translations": [
    {
      "translation_x": -1.8688369750976563,
      "translation_y": 70.59276275634765
    }
  ]
}