{
  "id": "frame_37",
  "user": "NPC-A\u0130",
  "frame": "frame_37",
  "detected_objects": [
    {
      "cls": 1.0,
      "top_left_x": 1288.6605224609375,
      "top_left_y": 206.49087524414062,
      "bottom_right_x": 1321.5758056640625,
      "bottom_right_y": 239.30642700195312
    }
  ],
  "detected_translations": [
    {
      "translation_x": 0.0484130859375,
      "translation_y": 0.34317626953125
    }
  ]
}