{
  "id": "frame_748",
  "user": "NPC-A\u0130",
  "frame": "frame_748",
  "detected_objects": [
    {
      "cls": 1.0,
      "top_left_x": 976.329833984375,
      "top_left_y": 445.9059753417969,
      "bottom_right_x": 1000.778076171875,
      "bottom_right_y": 472.5540466308594
    },
    {
      "cls": 1.0,
      "top_left_x": 861.4544677734375,
      "top_left_y": 432.6666259765625,
      "bottom_right_x": 887.1170654296875,
      "bottom_right_y": 458.98883056640625
    }
  ],
  "detected_translations": [
    {
      "translation_x": -2.171307373046875,
      "translation_y": 111.31154937744141
    }
  ]
}