{
  "id": "frame_560",
  "user": "NPC-AI",
  "frame": "frame_560",
  "detected_objects": [
    {
      "cls": 0,
      "landing_status": -1,
      "top_left_x": 1774.010498046875,
      "top_left_y": 485.5262451171875,
      "bottom_right_x": 1920.0,
      "bottom_right_y": 570.0128173828125
    }
  ],
  "detected_translations": [
    {
      "translation_x": -1.6175064086914062,
      "translation_y": 72.46700897216797
    }
  ]
}