{
  "id": "frame_715",
  "user": "NPC-A\u0130",
  "frame": "frame_715",
  "detected_objects": [
    {
      "cls": 1.0,
      "top_left_x": 1035.2310791015625,
      "top_left_y": 331.5743408203125,
      "bottom_right_x": 1062.7269287109375,
      "bottom_right_y": 359.2947998046875
    }
  ],
  "detected_translations": [
    {
      "translation_x": -3.1207977294921876,
      "translation_y": 108.40581970214843
    }
  ]
}