{
  "id": "frame_1397",
  "user": "NPC-AI",
  "frame": "frame_1397",
  "detected_objects": [
    {
      "cls": 1,
      "landing_status": -1,
      "top_left_x": 1196.197265625,
      "top_left_y": 420.41729736328125,
      "bottom_right_x": 1224.261962890625,
      "bottom_right_y": 452.69635009765625
    },
    {
      "cls": 1,
      "landing_status": -1,
      "top_left_x": 1237.979248046875,
      "top_left_y": 437.0936279296875,
      "bottom_right_x": 1269.987548828125,
      "bottom_right_y": 467.4052734375
    },
    {
      "cls": 1,
      "landing_status": -1,
      "top_left_x": 1270.273193359375,
      "top_left_y": 418.9683837890625,
      "bottom_right_x": 1296.817138671875,
      "bottom_right_y": 445.5303955078125
    },
    {
      "cls": 0,
      "landing_status": -1,
      "top_left_x": 912.748291015625,
      "top_left_y": 293.7950439453125,
      "bottom_right_x": 940.5242919921875,
      "bottom_right_y": 380.328857421875
    }
  ],
  "detected_translations": [
    {
      "translation_x": 78.4252872467041,
      "translation_y": 4.334331512451172
    }
  ]
}