{
  "id": "frame_1443",
  "user": "NPC-AI",
  "frame": "frame_1443",
  "detected_objects": [
    {
      "cls": 1,
      "landing_status": -1,
      "top_left_x": 449.37847900390625,
      "top_left_y": 650.9190673828125,
      "bottom_right_x": 495.91461181640625,
      "bottom_right_y": 684.768310546875
    },
    {
      "cls": 1,
      "landing_status": -1,
      "top_left_x": 443.3966064453125,
      "top_left_y": 629.0308227539062,
      "bottom_right_x": 488.6190185546875,
      "bottom_right_y": 657.9729614257812
    }
  ],
  "detected_translations": [
    {
      "translation_x": 78.28540382385253,
      "translation_y": -13.596841430664062
    }
  ]
}