{
  "id": "frame_934",
  "user": "NPC-A\u0130",
  "frame": "frame_934",
  "detected_objects": [
    {
      "cls": 0.0,
      "top_left_x": 204.62100219726562,
      "top_left_y": 14.558944702148438,
      "bottom_right_x": 307.1607360839844,
      "bottom_right_y": 193.0740966796875
    },
    {
      "cls": 0.0,
      "top_left_x": 1778.560302734375,
      "top_left_y": 402.66741943359375,
      "bottom_right_x": 1920.0,
      "bottom_right_y": 496.0704345703125
    }
  ],
  "detected_translations": [
    {
      "translation_x": 42.78824310302734,
      "translation_y": 116.23302001953125
    }
  ]
}