{
  "id": "frame_911",
  "user": "NPC-AI",
  "frame": "frame_911",
  "detected_objects": [
    {
      "cls": 0,
      "landing_status": -1,
      "top_left_x": 513.8551025390625,
      "top_left_y": 0.0,
      "bottom_right_x": 605.7935791015625,
      "bottom_right_y": 173.90716552734375
    },
    {
      "cls": 1,
      "landing_status": -1,
      "top_left_x": 814.6859130859375,
      "top_left_y": 245.01637268066406,
      "bottom_right_x": 857.5523681640625,
      "bottom_right_y": 280.7054443359375
    },
    {
      "cls": 0,
      "landing_status": -1,
      "top_left_x": 586.0905151367188,
      "top_left_y": 1007.4661254882812,
      "bottom_right_x": 665.7346801757812,
      "bottom_right_y": 1078.730224609375
    },
    {
      "cls": 1,
      "landing_status": -1,
      "top_left_x": 513.7735595703125,
      "top_left_y": 173.38134765625,
      "bottom_right_x": 551.7169189453125,
      "bottom_right_y": 200.48773193359375
    }
  ],
  "detected_translations": [
    {
      "translation_x": 34.65712432861328,
      "translation_y": 115.86396942138671
    }
  ]
}