{
  "id": "frame_1446",
  "user": "NPC-AI",
  "frame": "frame_1446",
  "detected_objects": [
    {
      "cls": 1,
      "landing_status": -1,
      "top_left_x": 439.08123779296875,
      "top_left_y": 581.8795166015625,
      "bottom_right_x": 488.17547607421875,
      "bottom_right_y": 609.8402099609375
    },
    {
      "cls": 1,
      "landing_status": -1,
      "top_left_x": 442.9517517089844,
      "top_left_y": 604.58740234375,
      "bottom_right_x": 491.2854919433594,
      "bottom_right_y": 637.0601806640625
    }
  ],
  "detected_translations": [
    {
      "translation_x": 77.94856910705566,
      "translation_y": -14.583389282226562
    }
  ]
}