{
  "id": "frame_549",
  "user": "NPC-AI",
  "frame": "frame_549",
  "detected_objects": [
    {
      "cls": 0,
      "landing_status": -1,
      "top_left_x": 1776.244873046875,
      "top_left_y": 362.2908935546875,
      "bottom_right_x": 1920.0,
      "bottom_right_y": 446.9853515625
    }
  ],
  "detected_translations": [
    {
      "translation_x": -2.0266082763671873,
      "translation_y": 70.21388092041016
    }
  ]
}