{
  "id": "frame_920",
  "user": "NPC-AI",
  "frame": "frame_920",
  "detected_objects": [
    {
      "cls": 0,
      "landing_status": -1,
      "top_left_x": 396.19464111328125,
      "top_left_y": 1.714385986328125,
      "bottom_right_x": 490.48822021484375,
      "bottom_right_y": 182.68795776367188
    },
    {
      "cls": 1,
      "landing_status": -1,
      "top_left_x": 714.0338134765625,
      "top_left_y": 255.1025390625,
      "bottom_right_x": 743.7498779296875,
      "bottom_right_y": 289.66754150390625
    }
  ],
  "detected_translations": [
    {
      "translation_x": 37.50198822021484,
      "translation_y": 116.19567108154297
    }
  ]
}