{
  "id": "frame_2424",
  "user": "NPC-A\u0130",
  "frame": "frame_2424",
  "detected_objects": [
    {
      "cls": 1.0,
      "top_left_x": 461.4613037109375,
      "top_left_y": 584.383544921875,
      "bottom_right_x": 488.0782470703125,
      "bottom_right_y": 616.2919921875
    },
    {
      "cls": 1.0,
      "top_left_x": 0.015625,
      "top_left_y": 580.2694091796875,
      "bottom_right_x": 28.549074172973633,
      "bottom_right_y": 602.8597412109375
    },
    {
      "cls": 1.0,
      "top_left_x": 143.91635131835938,
      "top_left_y": 66.60072326660156,
      "bottom_right_x": 183.19515991210938,
      "bottom_right_y": 90.89546203613281
    },
    {
      "cls": 1.0,
      "top_left_x": 272.54925537109375,
      "top_left_y": 458.2498779296875,
      "bottom_right_x": 323.44317626953125,
      "bottom_right_y": 484.609130859375
    }
  ],
  "detected_translations": [
    {
      "translation_x": -39.277414321899414,
      "translation_y": -13.634125518798829
    }
  ]
}