{
  "id": "frame_732",
  "user": "NPC-A\u0130",
  "frame": "frame_732",
  "detected_objects": [
    {
      "cls": 1.0,
      "top_left_x": 905.530517578125,
      "top_left_y": 387.65924072265625,
      "bottom_right_x": 928.475830078125,
      "bottom_right_y": 419.12884521484375
    },
    {
      "cls": 1.0,
      "top_left_x": 1012.6697387695312,
      "top_left_y": 402.35400390625,
      "bottom_right_x": 1036.447021484375,
      "bottom_right_y": 430.07476806640625
    }
  ],
  "detected_translations": [
    {
      "translation_x": -3.0390594482421873,
      "translation_y": 110.2474853515625
    }
  ]
}