{
  "id": "frame_456",
  "user": "NPC-AI",
  "frame": "frame_456",
  "detected_objects": [
    {
      "cls": 1,
      "landing_status": -1,
      "top_left_x": 1637.0986328125,
      "top_left_y": 910.48388671875,
      "bottom_right_x": 1676.89794921875,
      "bottom_right_y": 938.145751953125
    }
  ],
  "detected_translations": [
    {
      "translation_x": -1.164703369140625,
      "translation_y": 47.685533142089845
    }
  ]
}