{
  "id": "frame_766",
  "user": "NPC-A\u0130",
  "frame": "frame_766",
  "detected_objects": [
    {
      "cls": 1.0,
      "top_left_x": 535.2461547851562,
      "top_left_y": 60.56060791015625,
      "bottom_right_x": 578.2014770507812,
      "bottom_right_y": 88.90582275390625
    },
    {
      "cls": 1.0,
      "top_left_x": 780.94140625,
      "top_left_y": 462.017822265625,
      "bottom_right_x": 815.4771728515625,
      "bottom_right_y": 491.6837158203125
    }
  ],
  "detected_translations": [
    {
      "translation_x": -1.4946136474609375,
      "translation_y": 112.02618560791015
    }
  ]
}