{
  "id": "frame_25",
  "user": "NPC-AI",
  "frame": "frame_25",
  "detected_objects": [
    {
      "cls": 1,
      "landing_status": -1,
      "top_left_x": 1283.2490234375,
      "top_left_y": 204.04483032226562,
      "bottom_right_x": 1315.176025390625,
      "bottom_right_y": 235.97927856445312
    }
  ],
  "detected_translations": [
    {
      "translation_x": -0.0664581298828125,
      "translation_y": 0.0813140869140625
    }
  ]
}