{
  "id": "frame_2384",
  "user": "NPC-A\u0130",
  "frame": "frame_2384",
  "detected_objects": [
    {
      "cls": 1.0,
      "top_left_x": 36.020729064941406,
      "top_left_y": 503.66558837890625,
      "bottom_right_x": 81.82813262939453,
      "bottom_right_y": 523.4603881835938
    }
  ],
  "detected_translations": [
    {
      "translation_x": -28.072641372680664,
      "translation_y": -14.210089111328125
    }
  ]
}