{
  "id": "frame_1459",
  "user": "NPC-AI",
  "frame": "frame_1459",
  "detected_objects": [
    {
      "cls": 1,
      "landing_status": -1,
      "top_left_x": 415.36334228515625,
      "top_left_y": 399.37432861328125,
      "bottom_right_x": 467.07318115234375,
      "bottom_right_y": 434.08544921875
    },
    {
      "cls": 1,
      "landing_status": -1,
      "top_left_x": 412.83856201171875,
      "top_left_y": 376.75439453125,
      "bottom_right_x": 457.06488037109375,
      "bottom_right_y": 407.211669921875
    }
  ],
  "detected_translations": [
    {
      "translation_x": 77.90686683654785,
      "translation_y": -19.80121765136719
    }
  ]
}