{
  "id": "frame_3313",
  "user": "NPC-A\u0130",
  "frame": "frame_3313",
  "detected_objects": [
    {
      "cls": 1.0,
      "top_left_x": 775.4953002929688,
      "top_left_y": 272.84039306640625,
      "bottom_right_x": 808.8889770507812,
      "bottom_right_y": 308.40069580078125
    }
  ],
  "detected_translations": [
    {
      "translation_x": 30.248427963256837,
      "translation_y": -36.42328796386719
    }
  ]
}