{
  "id": "frame_705",
  "user": "NPC-AI",
  "frame": "frame_705",
  "detected_objects": [
    {
      "cls": 1,
      "landing_status": -1,
      "top_left_x": 1052.792724609375,
      "top_left_y": 263.645263671875,
      "bottom_right_x": 1083.122802734375,
      "bottom_right_y": 293.747802734375
    },
    {
      "cls": 1,
      "landing_status": -1,
      "top_left_x": 949.4488525390625,
      "top_left_y": 253.23089599609375,
      "bottom_right_x": 978.0704345703125,
      "bottom_right_y": 285.04193115234375
    },
    {
      "cls": 1,
      "landing_status": -1,
      "top_left_x": 958.1311645507812,
      "top_left_y": 285.9908752441406,
      "bottom_right_x": 982.1638793945312,
      "bottom_right_y": 313.6078186035156
    }
  ],
  "detected_translations": [
    {
      "translation_x": -2.935498046875,
      "translation_y": 106.89384460449219
    }
  ]
}