{
  "id": "frame_199",
  "user": "NPC-AI",
  "frame": "frame_199",
  "detected_objects": [
    {
      "cls": 1,
      "landing_status": -1,
      "top_left_x": 1349.752197265625,
      "top_left_y": 668.4998779296875,
      "bottom_right_x": 1386.839111328125,
      "bottom_right_y": 698.8441162109375
    }
  ],
  "detected_translations": [
    {
      "translation_x": 0.1409027099609375,
      "translation_y": 9.817369842529297
    }
  ]
}