{
  "id": "frame_33",
  "user": "NPC-AI",
  "frame": "frame_33",
  "detected_objects": [
    {
      "cls": 1,
      "landing_status": -1,
      "top_left_x": 1286.810791015625,
      "top_left_y": 206.00732421875,
      "bottom_right_x": 1319.27392578125,
      "bottom_right_y": 237.89678955078125
    }
  ],
  "detected_translations": [
    {
      "translation_x": 0.1291900634765625,
      "translation_y": 0.2394378662109375
    }
  ]
}