{
  "id": "frame_1380",
  "user": "NPC-AI",
  "frame": "frame_1380",
  "detected_objects": [
    {
      "cls": 1,
      "landing_status": -1,
      "top_left_x": 1181.7344970703125,
      "top_left_y": 688.224609375,
      "bottom_right_x": 1209.8997802734375,
      "bottom_right_y": 721.350341796875
    },
    {
      "cls": 1,
      "landing_status": -1,
      "top_left_x": 1230.938720703125,
      "top_left_y": 699.4116821289062,
      "bottom_right_x": 1257.014892578125,
      "bottom_right_y": 741.4805297851562
    },
    {
      "cls": 1,
      "landing_status": -1,
      "top_left_x": 1256.28271484375,
      "top_left_y": 679.1129150390625,
      "bottom_right_x": 1288.58251953125,
      "bottom_right_y": 712.1343994140625
    },
    {
      "cls": 0,
      "landing_status": -1,
      "top_left_x": 901.4027709960938,
      "top_left_y": 529.4325561523438,
      "bottom_right_x": 928.7483520507812,
      "bottom_right_y": 614.5726928710938
    }
  ],
  "detected_translations": [
    {
      "translation_x": 78.7394458770752,
      "translation_y": 10.848482513427735
    }
  ]
}