{
  "id": "frame_578",
  "user": "NPC-AI",
  "frame": "frame_578",
  "detected_objects": [
    {
      "cls": 0,
      "landing_status": -1,
      "top_left_x": 1769.70068359375,
      "top_left_y": 684.19775390625,
      "bottom_right_x": 1920.0,
      "bottom_right_y": 769.5908203125
    }
  ],
  "detected_translations": [
    {
      "translation_x": -1.6455734252929688,
      "translation_y": 76.23911895751954
    }
  ]
}