{
  "id": "frame_239",
  "user": "NPC-A\u0130",
  "frame": "frame_239",
  "detected_objects": [
    {
      "cls": 1.0,
      "top_left_x": 1358.9931640625,
      "top_left_y": 816.2403564453125,
      "bottom_right_x": 1393.7060546875,
      "bottom_right_y": 848.7926025390625
    }
  ],
  "detected_translations": [
    {
      "translation_x": -0.8084930419921875,
      "translation_y": 12.853605651855469
    }
  ]
}