{
  "id": "frame_518",
  "user": "NPC-A\u0130",
  "frame": "frame_518",
  "detected_objects": [
    {
      "cls": 0.0,
      "top_left_x": 1782.25927734375,
      "top_left_y": 13.921623229980469,
      "bottom_right_x": 1920.0,
      "bottom_right_y": 103.53604888916016
    }
  ],
  "detected_translations": [
    {
      "translation_x": -2.139520263671875,
      "translation_y": 63.464910888671874
    }
  ]
}