{
  "id": "frame_3298",
  "user": "NPC-AI",
  "frame": "frame_3298",
  "detected_objects": [
    {
      "cls": 1,
      "landing_status": -1,
      "top_left_x": 983.916015625,
      "top_left_y": 236.72247314453125,
      "bottom_right_x": 1020.31689453125,
      "bottom_right_y": 272.793212890625
    }
  ],
  "detected_translations": [
    {
      "translation_x": 25.393517684936523,
      "translation_y": -36.40682678222656
    }
  ]
}