{
  "id": "frame_169",
  "user": "NPC-AI",
  "frame": "frame_169",
  "detected_objects": [
    {
      "cls": 1,
      "landing_status": -1,
      "top_left_x": 1342.0911865234375,
      "top_left_y": 546.8504638671875,
      "bottom_right_x": 1378.5784912109375,
      "bottom_right_y": 575.5848388671875
    }
  ],
  "detected_translations": [
    {
      "translation_x": 0.0242095947265625,
      "translation_y": 7.30386962890625
    }
  ]
}