                  epoch,         train/box_loss,         train/cls_loss,         train/dfl_loss,   metrics/precision(B),      metrics/recall(B),       metrics/mAP50(B),    metrics/mAP50-95(B),           val/box_loss,           val/cls_loss,           val/dfl_loss,                 lr/pg0,                 lr/pg1,                 lr/pg2
                      1,                 1.2889,                   4.36,                 1.0558,                      0,                      0,                      0,                      0,                0.91184,                 3.9629,                0.82354,                      0,                      0,                      0
                      2,                 1.2314,                 4.2447,                 1.0073,                      0,                      0,                      0,                      0,                0.92073,                 3.9635,                 0.8264,             1.0025e-05,             1.0025e-05,             1.0025e-05
                      3,                 1.2117,                 4.1249,                 1.0165,                      0,                      0,                      0,                      0,                0.92392,                 3.9631,                0.82796,               1.51e-05,               1.51e-05,               1.51e-05
                      4,                 1.1735,                 4.2146,                 1.0032,                      0,                      0,                      0,                      0,                0.92878,                  3.963,                0.83038,             1.5225e-05,             1.5225e-05,             1.5225e-05
                      5,                 1.2417,                 4.2094,                 1.0616,                      0,                      0,                      0,                      0,                 0.9269,                 3.9617,                0.82395,               1.04e-05,               1.04e-05,               1.04e-05
