                  epoch,         train/box_loss,         train/cls_loss,         train/dfl_loss,   metrics/precision(B),      metrics/recall(B),       metrics/mAP50(B),    metrics/mAP50-95(B),           val/box_loss,           val/cls_loss,           val/dfl_loss,                 lr/pg0,                 lr/pg1,                 lr/pg2
                      1,                 1.4954,                0.99831,                 0.8834,                0.84728,                0.72606,                0.78724,                0.41717,                 1.1433,                 1.2858,                0.78294,              0.0004085,              0.0004085,              0.0004085
                      2,                 1.4237,                0.85884,                0.86168,                0.89751,                0.75132,                0.81833,                0.47287,                 1.0362,                 1.7389,                 0.7733,             0.00041671,             0.00041671,             0.00041671
                      1,                 1.7158,                 1.1717,                 1.0247,                0.53544,                0.49117,                0.46113,                0.21621,                 1.4563,                 1.6255,                0.83597,             0.00041564,             0.00041564,             0.00041564
